lemma,upos,verb_form,case_counts,example_wordform,count
и,CCONJ,,,и,1609
в,ADP,,,в,1578
на,ADP,,,на,766
не,PART,,,не,753
с,ADP,,,с,597
а,CCONJ,,,а,521
я,PRON,,Acc:32|Dat:57|Gen:35|Ins:1|Loc:1|Nom:268,меня,394
что,SCONJ,,,что,377
по,ADP,,,по,293
год,NOUN,,Acc:46|Dat:2|Gen:120|Ins:5|Loc:106|Nom:3,годы,282
но,CCONJ,,,но,268
к,ADP,,,к,258
от,ADP,,,от,251
то,PRON,,Acc:25|Dat:7|Gen:81|Ins:38|Loc:60|Nom:34,то,245
который,PRON,,Acc:64|Dat:16|Gen:32|Ins:12|Loc:26|Nom:92,которые,242
о,ADP,,,об,236
это,PRON,,Acc:20|Dat:4|Gen:23|Ins:5|Loc:53|Nom:102,это,235
или,CCONJ,,,или,231
для,ADP,,,для,203
из,ADP,,,из,193
за,ADP,,,за,190
быть,AUX,Fin,,было,188
человек,NOUN,,Acc:14|Dat:18|Gen:87|Ins:12|Loc:1|Nom:53,людей,185
как,SCONJ,,,как,183
этот,DET,,Acc:52|Dat:6|Gen:45|Ins:5|Loc:22|Nom:43,этой,173
мочь,VERB,Fin,,может,172
один,NUM,,Acc:27|Dat:16|Gen:29|Ins:24|Loc:16|Nom:59,одной,171
у,ADP,,,у,169
что,PRON,,Acc:53|Dat:3|Gen:16|Ins:15|Loc:8|Nom:73,что,168
он,PRON,,Acc:55|Dat:21|Gen:11|Ins:9|Loc:9|Nom:62,Он,167
и,PART,,,и,161
другой,ADJ,,Acc:20|Dat:10|Gen:31|Ins:10|Loc:17|Nom:58,другой,146
сам,ADJ,,Acc:12|Dat:6|Gen:15|Ins:1|Loc:1|Nom:103,самому,138
все,PRON,,Acc:21|Dat:13|Gen:40|Ins:2|Nom:57,все,133
они,PRON,,Acc:41|Dat:5|Gen:25|Ins:7|Loc:9|Nom:45,ними,132
время,NOUN,,Acc:55|Dat:3|Gen:33|Ins:26|Loc:1|Nom:9,время,127
до,ADP,,,до,123
день,NOUN,,Acc:49|Dat:2|Gen:35|Ins:6|Nom:29,день,121
много,NUM,,,многие,118
первый,ADJ,,Acc:41|Dat:5|Gen:18|Ins:12|Loc:6|Nom:32,Первая,114
такой,DET,,Acc:17|Dat:3|Gen:35|Ins:2|Loc:8|Nom:47,такого,112
только,PART,,,только,110
тот,DET,,Acc:29|Dat:5|Gen:34|Ins:7|Loc:19|Nom:15,том,109
поэтому,ADV,,,поэтому,108
страна,NOUN,,Acc:4|Dat:10|Gen:47|Ins:8|Loc:29|Nom:10,странах,108
еще,ADV,,,ещё,104
она,PRON,,Acc:29|Dat:15|Gen:9|Ins:3|Loc:3|Nom:45,её,104
новый,ADJ,,Acc:33|Dat:4|Gen:29|Ins:4|Loc:7|Nom:26,новые,103
вопрос,NOUN,,Acc:27|Dat:8|Gen:11|Ins:7|Loc:3|Nom:47,Вопрос,103
весь,DET,,Acc:39|Dat:9|Gen:20|Ins:3|Loc:3|Nom:26,весь,100
при,ADP,,,При,100
так,ADV,,,так,99
работа,NOUN,,Acc:28|Dat:5|Gen:30|Ins:3|Loc:12|Nom:21,работа,99
как,ADV,,,как,98
разный,ADJ,,Acc:13|Dat:3|Gen:25|Ins:8|Loc:28|Nom:20,разные,97
если,SCONJ,,,Если,93
уже,ADV,,,уже,92
себя,PRON,,Acc:33|Dat:31|Gen:6|Ins:20,себя,90
чем,SCONJ,,,чем,90
город,NOUN,,Acc:15|Dat:4|Gen:20|Ins:4|Loc:23|Nom:22,городах,88
после,ADP,,,После,88
стать,VERB,Fin,,станут,87
когда,SCONJ,,,когда,87
мы,PRON,,Acc:3|Dat:9|Gen:17|Ins:1|Nom:55,нам,85
конкретный,ADJ,,Acc:15|Dat:5|Gen:40|Ins:2|Loc:12|Nom:10,конкретного,85
быть,VERB,Fin,,было,84
свой,DET,,Acc:30|Dat:7|Gen:14|Ins:13|Loc:8|Nom:12,своей,84
часть,NOUN,,Acc:19|Gen:17|Ins:13|Loc:5|Nom:27,частью,81
каждый,DET,,Acc:27|Dat:5|Gen:15|Ins:1|Loc:10|Nom:21,Каждое,79
же,PART,,,же,77
ли,PART,,,ли,77
без,ADP,,,без,76
почти,ADV,,,почти,76
просто,PART,,,просто,74
обычно,ADV,,,обычно,74
раз,NOUN,,Acc:55|Gen:17|Nom:1,раз,73
чтобы,SCONJ,,,чтобы,72
часто,ADV,,,часто,69
вечер,NOUN,,Acc:8|Dat:13|Gen:16|Ins:21|Loc:1|Nom:9,вечера,68
через,ADP,,,через,68
один,DET,,Acc:12|Dat:2|Gen:11|Ins:2|Loc:6|Nom:34,одно,67
можно,ADV,,,можно,67
несколько,NUM,,Acc:35|Dat:1|Gen:11|Ins:2|Loc:5|Nom:13,нескольких,67
язык,NOUN,,Acc:5|Dat:1|Gen:23|Ins:10|Loc:5|Nom:23,языков,67
между,ADP,,,между,65
где,ADV,,,где,65
жизнь,NOUN,,Acc:15|Dat:3|Gen:28|Ins:2|Loc:8|Nom:8,жизни,64
важный,ADJ,,Acc:8|Gen:4|Ins:9|Nom:4,важное,63
два,NUM,,Acc:28|Gen:8|Ins:4|Loc:4|Nom:19,две,63
самый,ADJ,,Acc:3|Gen:19|Ins:3|Loc:14|Nom:23,Самое,62
казаться,VERB,Fin,,кажется,62
место,NOUN,,Acc:11|Dat:2|Gen:14|Ins:6|Loc:17|Nom:12,месте,62
зависеть,VERB,Fin,,зависит,60
под,ADP,,,под,60
больше,ADV,,,больше,58
его,DET,,,его,58
даже,PART,,,даже,58
хотя,SCONJ,,,хотя,57
оказаться,VERB,Fin,,оказался,57
нужный,ADJ,,Acc:2|Gen:2|Ins:1,нужно,56
система,NOUN,,Acc:8|Dat:3|Gen:18|Ins:5|Loc:3|Nom:18,систем,55
неделя,NOUN,,Acc:22|Gen:19|Ins:2|Loc:8|Nom:2,недель,53
более,ADV,,,более,53
потом,ADV,,,потом,52
теперь,ADV,,,теперь,52
последний,ADJ,,Acc:40|Gen:7|Loc:2|Nom:2,последние,51
именно,PART,,,именно,51
например,ADV,,,Например,49
кто-то,PRON,,Dat:7|Gen:4|Ins:2|Loc:2|Nom:33,кто-то,48
кто,PRON,,Acc:2|Dat:7|Gen:2|Ins:6|Nom:31,кто,48
хороший,ADJ,,Dat:1|Gen:2|Ins:2|Loc:1|Nom:8,хорошим,48
современный,ADJ,,Acc:9|Dat:2|Gen:15|Ins:1|Loc:6|Nom:15,современном,48
век,NOUN,,Acc:6|Dat:2|Gen:25|Ins:2|Loc:13,века,48
стоить,VERB,Fin,,стоит,47
друг,NOUN,,Acc:7|Dat:5|Gen:11|Ins:6|Nom:18,друга,47
история,NOUN,,Acc:11|Dat:1|Gen:11|Ins:2|Loc:5|Nom:17,История,47
сегодня,ADV,,,Сегодня,46
три,NUM,,Acc:22|Gen:12|Ins:1|Nom:11,три,46
какой,DET,,Acc:13|Dat:2|Gen:1|Ins:4|Loc:7|Nom:19,каком,46
их,DET,,,их,46
общий,ADJ,,Acc:16|Dat:1|Gen:10|Ins:5|Loc:6|Nom:8,общее,46
мир,NOUN,,Acc:4|Dat:6|Gen:26|Ins:1|Loc:6|Nom:3,миру,46
некоторый,DET,,Acc:5|Dat:3|Gen:10|Loc:6|Nom:21,некоторых,45
спор,NOUN,,Acc:11|Gen:8|Ins:1|Loc:2|Nom:23,споров,45
правило,NOUN,,Acc:7|Dat:2|Gen:7|Ins:1|Loc:2|Nom:25,правила,44
оставаться,VERB,Fin,,остаются,44
крупный,ADJ,,Acc:6|Dat:1|Gen:12|Ins:6|Loc:10|Nom:8,крупных,43
бы,AUX,,,бы,43
ее,DET,,,её,43
традиция,NOUN,,Acc:9|Dat:3|Gen:13|Ins:1|Loc:4|Nom:13,традициями,43
дело,NOUN,,Acc:2|Dat:4|Gen:6|Ins:4|Loc:10|Nom:16,делом,42
дом,NOUN,,Acc:5|Dat:2|Gen:16|Ins:4|Loc:6|Nom:8,дом,41
сначала,ADV,,,сначала,41
компания,NOUN,,Acc:4|Dat:2|Gen:11|Ins:2|Loc:4|Nom:18,компании,41
отдельный,ADJ,,Acc:8|Dat:1|Gen:9|Ins:3|Loc:7|Nom:12,отдельные,40
результат,NOUN,,Acc:13|Dat:2|Gen:2|Ins:5|Loc:2|Nom:16,результаты,40
заметно,ADV,,,заметно,40
здесь,ADV,,,Здесь,40
утро,NOUN,,Acc:7|Dat:3|Gen:13|Ins:14|Nom:2,утро,39
сторона,NOUN,,Acc:7|Dat:3|Gen:21|Ins:1|Loc:3|Nom:4,стороны,39
перед,ADP,,,перед,39
цена,NOUN,,Acc:7|Dat:4|Gen:15|Ins:3|Loc:2|Nom:8,цены,39
условие,NOUN,,Acc:10|Dat:2|Gen:6|Ins:3|Loc:10|Nom:8,условия,39
изменение,NOUN,,Acc:8|Dat:4|Gen:5|Ins:2|Loc:1|Nom:19,изменений,39
час,NOUN,,Acc:7|Dat:3|Gen:26|Ins:1|Loc:1|Nom:1,часах,39
месяц,NOUN,,Acc:23|Gen:10|Ins:2|Loc:1|Nom:3,месяц,39
однако,ADV,,,однако,38
из-за,ADP,,,из-за,38
всегда,ADV,,,всегда,38
минута,NOUN,,Acc:4|Gen:33|Loc:1,минут,38
большой,ADJ,,Acc:10|Dat:1|Gen:5|Ins:4|Loc:5|Nom:9,большую,38
причина,NOUN,,Acc:7|Dat:4|Gen:8|Ins:6|Loc:2|Nom:10,Причины,37
нет,VERB,Fin,,нет,37
немного,ADV,,,немного,37
решение,NOUN,,Acc:7|Dat:1|Gen:14|Ins:1|Loc:3|Nom:11,решениях,37
быстро,ADV,,,быстро,36
далеко,ADV,,,далеко,36
следующий,ADJ,,Acc:19|Dat:2|Gen:3|Ins:3|Loc:6|Nom:3,следующим,36
очень,ADV,,,очень,36
вода,NOUN,,Acc:12|Dat:1|Gen:12|Ins:1|Loc:1|Nom:9,воды,36
местный,ADJ,,Acc:6|Dat:1|Gen:9|Ins:6|Loc:5|Nom:9,местной,36
право,NOUN,,Acc:4|Dat:1|Gen:10|Ins:4|Loc:6|Nom:11,правах,36
пять,NUM,,Acc:12|Dat:2|Gen:11|Nom:10,пять,35
сразу,ADV,,,сразу,35
пара,NOUN,,Acc:17|Dat:2|Gen:5|Loc:3|Nom:8,пара,35
текст,NOUN,,Acc:7|Dat:1|Gen:13|Ins:3|Loc:4|Nom:7,текст,35
что-то,PRON,,Acc:14|Dat:1|Gen:2|Ins:2|Loc:1|Nom:14,что-то,34
вид,NOUN,,Acc:3|Dat:3|Gen:13|Ins:4|Loc:8|Nom:3,вид,34
потому,ADV,,,потому,34
считать,VERB,Fin,,считают,34
решить,VERB,Fin,,решили,34
книга,NOUN,,Acc:10|Gen:10|Ins:1|Loc:3|Nom:10,книгах,34
там,ADV,,,там,34
слово,NOUN,,Acc:4|Dat:1|Gen:12|Ins:7|Loc:1|Nom:9,слова,34
международный,ADJ,,Acc:3|Dat:1|Gen:7|Ins:1|Loc:10|Nom:12,Международная,34
семья,NOUN,,Acc:2|Dat:1|Gen:8|Ins:2|Loc:13|Nom:7,семьи,33
сложный,ADJ,,Acc:1|Dat:2|Gen:7|Ins:3|Loc:3|Nom:2,сложных,33
данные,NOUN,,Acc:6|Dat:9|Gen:11|Loc:1|Nom:6,данным,33
случай,NOUN,,Acc:11|Dat:1|Gen:2|Loc:17|Nom:2,случаю,33
опыт,NOUN,,Acc:5|Dat:2|Gen:7|Ins:5|Loc:1|Nom:13,опыт,33
простой,ADJ,,Acc:5|Dat:3|Gen:5|Ins:8|Loc:3|Nom:3,простому,33
особенно,ADV,,,особенно,32
телефон,NOUN,,Acc:13|Dat:1|Gen:9|Ins:3|Loc:3|Nom:3,телефона,32
вместе,ADV,,,вместе,32
мой,DET,,Acc:2|Dat:3|Gen:5|Ins:3|Loc:5|Nom:14,Мой,32
тогда,ADV,,,тогда,32
труд,NOUN,,Acc:2|Dat:1|Gen:26|Ins:2|Nom:1,трудом,32
двадцать,NUM,,Acc:20|Gen:4|Nom:8,двадцать,32
отношение,NOUN,,Acc:8|Dat:2|Gen:8|Ins:1|Loc:4|Nom:9,отношения,32
небольшой,ADJ,,Acc:11|Dat:1|Gen:6|Ins:4|Loc:1|Nom:8,небольшой,32
заранее,ADV,,,заранее,32
привычка,NOUN,,Acc:6|Dat:5|Gen:7|Ins:5|Nom:9,привычки,32
различаться,VERB,Fin,,различаются,32
пока,ADV,,,Пока,31
граница,NOUN,,Acc:12|Gen:1|Ins:4|Loc:2|Nom:12,границу,31
культура,NOUN,,Acc:9|Dat:2|Gen:8|Ins:2|Loc:6|Nom:4,культура,31
рано,ADV,,,раньше,31
хорошо,ADV,,,лучше,31
пример,NOUN,,Acc:6|Dat:1|Gen:6|Loc:6|Nom:12,примеров,31
по-разному,ADV,,,по-разному,31
видеть,VERB,Fin,,видим,31
сейчас,ADV,,,Сейчас,31
сильно,ADV,,,сильнее,31
способ,NOUN,,Acc:4|Gen:7|Ins:2|Loc:1|Nom:16,способом,30
конец,NOUN,,Acc:1|Dat:4|Gen:6|Loc:19,конца,30
старый,ADJ,,Acc:12|Dat:2|Gen:9|Ins:2|Loc:1|Nom:3,старыми,30
полезный,ADJ,,Acc:1|Dat:1|Gen:3|Nom:1,полезно,30
показывать,VERB,Fin,,показывает,30
проблема,NOUN,,Acc:9|Dat:2|Gen:7|Ins:3|Loc:1|Nom:8,проблемы,30
ребенок,NOUN,,Acc:2|Dat:1|Gen:13|Ins:6|Nom:8,ребёнка,30
мало,ADV,,,меньше,30
работать,VERB,Fin,,работал,30
тоже,PART,,,тоже,29
итог,NOUN,,Dat:1|Loc:26|Nom:2,итоге,29
связать,VERB,Part,Acc:4|Gen:2|Loc:1|Nom:4,связано,29
группа,NOUN,,Acc:3|Dat:8|Gen:11|Ins:2|Nom:5,группа,29
честно,ADV,,,честно,29
существовать,VERB,Fin,,существует,29
делать,VERB,Fin,,делают,29
насколько,ADV,,,насколько,29
скорее,ADV,,,скорее,29
говорить,VERB,Fin,,говорит,29
число,NOUN,,Acc:5|Dat:2|Gen:2|Loc:12|Nom:7,число,28
задача,NOUN,,Acc:7|Dat:1|Gen:13|Ins:1|Loc:1|Nom:5,задачи,28
возможность,NOUN,,Acc:4|Dat:2|Gen:5|Ins:1|Loc:1|Nom:15,возможности,28
праздник,NOUN,,Acc:2|Gen:4|Ins:2|Loc:1|Nom:19,праздник,28
также,ADV,,,также,28
социальный,ADJ,,Acc:5|Dat:3|Gen:10|Ins:1|Loc:1|Nom:8,социального,28
ответ,NOUN,,Acc:9|Gen:11|Ins:2|Nom:6,ответ,28
многое,NOUN,,Acc:1|Dat:1|Loc:14|Nom:12,многом,28
постепенно,ADV,,,постепенно,28
нередко,ADV,,,нередко,28
регион,NOUN,,Acc:2|Dat:5|Gen:9|Ins:1|Loc:9|Nom:2,регионам,28
технология,NOUN,,Acc:2|Dat:1|Gen:13|Nom:11,технологии,27
второй,ADJ,,Acc:11|Gen:3|Loc:8|Nom:5,втором,27
давно,ADV,,,давно,27
мера,NOUN,,Acc:2|Dat:3|Gen:12|Ins:1|Loc:1|Nom:8,меры,27
организация,NOUN,,Acc:1|Dat:2|Gen:11|Loc:4|Nom:9,организации,27
пока,SCONJ,,,пока,27
русский,ADJ,,Acc:3|Dat:1|Gen:11|Ins:1|Loc:3|Nom:8,русский,27
известный,ADJ,,Gen:7|Ins:1|Nom:7,известна,27
все,PART,,,всё,26
личный,ADJ,,Acc:7|Dat:2|Gen:5|Ins:3|Loc:1|Nom:8,личное,26
конечно,ADV,,,конечно,26
карта,NOUN,,Acc:5|Dat:2|Gen:7|Ins:4|Loc:2|Nom:6,карте,26
вещь,NOUN,,Acc:7|Dat:2|Gen:9|Ins:1|Loc:3|Nom:4,вещей,26
то,SCONJ,,,то,26
государство,NOUN,,Acc:1|Gen:9|Ins:2|Loc:4|Nom:10,государства,26
реальный,ADJ,,Acc:8|Dat:2|Gen:2|Ins:1|Loc:4|Nom:8,реальная,26
смысл,NOUN,,Acc:6|Gen:3|Ins:1|Loc:7|Nom:9,смысл,26
трудный,ADJ,,Acc:4|Gen:2|Nom:2,трудные,26
совсем,ADV,,,совсем,26
вокруг,ADP,,,вокруг,26
меняться,VERB,Fin,,менялись,26
деньги,NOUN,,Acc:8|Gen:13|Nom:4,денег,25
наш,DET,,Acc:3|Gen:8|Loc:4|Nom:10,нашей,25
способный,ADJ,,Gen:2|Nom:4,способна,25
сорок,NUM,,Acc:7|Dat:1|Gen:8|Nom:9,сорок,25
пора,NOUN,,Gen:24|Nom:1,пор,25
доход,NOUN,,Acc:6|Gen:11|Ins:2|Loc:1|Nom:5,доходов,25
начало,NOUN,,Acc:3|Dat:1|Gen:5|Ins:4|Loc:12,началом,25
главный,ADJ,,Acc:2|Gen:7|Ins:4|Loc:2|Nom:10,главный,25
слишком,ADV,,,слишком,25
выбор,NOUN,,Acc:2|Dat:1|Gen:4|Ins:2|Loc:2|Nom:14,выбору,25
любой,DET,,Acc:4|Gen:10|Ins:2|Loc:5|Nom:4,любой,25
инструмент,NOUN,,Acc:3|Gen:10|Ins:3|Nom:9,инструментом,25
модель,NOUN,,Acc:6|Dat:1|Gen:10|Loc:2|Nom:6,модель,25
использовать,VERB,Fin,,используются,25
дорога,NOUN,,Acc:7|Dat:3|Gen:6|Loc:2|Nom:7,дорогу,25
внимание,NOUN,,Acc:13|Gen:9|Ins:2|Nom:1,внимание,25
связь,NOUN,,Acc:6|Dat:1|Gen:8|Ins:1|Loc:2|Nom:7,связи,25
интернет,NOUN,,Acc:5|Gen:4|Loc:9|Nom:7,интернет,25
вы,PRON,,Acc:2|Dat:4|Gen:4|Ins:2|Nom:13,вы,25
разговор,NOUN,,Acc:4|Dat:1|Gen:2|Ins:1|Loc:5|Nom:12,разговоры,25
брать,VERB,Fin,,взяли,25
общество,NOUN,,Acc:5|Gen:4|Ins:4|Loc:6|Nom:5,обществом,24
магазин,NOUN,,Acc:3|Gen:9|Loc:7|Nom:5,магазин,24
продукт,NOUN,,Acc:5|Dat:1|Gen:11|Ins:1|Nom:6,продуктами,24
помогать,VERB,Fin,,помогает,24
фактор,NOUN,,Dat:2|Gen:16|Ins:2|Nom:4,факторов,24
менее,ADV,,,менее,24
рост,NOUN,,Acc:8|Dat:2|Gen:5|Nom:9,рост,24
примерно,ADV,,,примерно,24
тысяча,NOUN,,Acc:1|Dat:1|Gen:21|Ins:1,тысяч,24
собственный,ADJ,,Acc:5|Gen:3|Ins:7|Loc:4|Nom:5,собственной,24
программа,NOUN,,Acc:3|Dat:2|Gen:9|Loc:1|Nom:9,программы,24
рядом,ADV,,,рядом,24
похожий,ADJ,,Acc:2|Dat:2|Gen:2|Ins:2|Loc:4|Nom:5,похожей,24
музыка,NOUN,,Acc:7|Gen:7|Loc:2|Nom:8,музыки,24
прийтись,VERB,Fin,,Пришлось,23
товар,NOUN,,Acc:6|Gen:10|Ins:1|Loc:2|Nom:4,товар,23
делать,VERB,Inf,,Сделать,23
документ,NOUN,,Acc:8|Gen:7|Ins:2|Loc:2|Nom:4,документ,23
ситуация,NOUN,,Acc:4|Dat:2|Gen:5|Ins:5|Loc:2|Nom:5,ситуации,23
называть,VERB,Fin,,называет,23
около,ADP,,,около,23
использование,NOUN,,Acc:5|Gen:12|Ins:3|Nom:3,использования,23
наконец,ADV,,,Наконец,23
жить,VERB,Fin,,живут,23
исторический,ADJ,,Acc:5|Gen:1|Ins:7|Loc:4|Nom:6,исторических,23
событие,NOUN,,Acc:3|Dat:1|Gen:8|Ins:3|Loc:2|Nom:6,событиями,23
заметный,ADJ,,Acc:10|Gen:2|Ins:1|Nom:4,заметное,23
влияние,NOUN,,Acc:6|Dat:3|Gen:1|Ins:6|Loc:2|Nom:5,влияние,23
помощь,NOUN,,Acc:3|Gen:6|Ins:13|Nom:1,помощью,23
считать,VERB,Inf,,считать,23
бывать,VERB,Fin,,бывает,23
ряд,NOUN,,Acc:4|Dat:1|Gen:4|Ins:2|Loc:6|Nom:6,ряде,23
смотреть,VERB,Fin,,смотрю,23
россия,PROPN,,Gen:8|Ins:1|Loc:9|Nom:5,Россия,23
оба,NUM,,Acc:2|Dat:1|Gen:5|Loc:3|Nom:12,обе,23
единый,ADJ,,Acc:1|Dat:2|Gen:15|Loc:4|Nom:1,единого,23
идти,VERB,Fin,,иду,22
квартира,NOUN,,Acc:8|Dat:1|Gen:5|Loc:4|Nom:4,квартиры,22
стол,NOUN,,Acc:3|Dat:1|Gen:3|Ins:5|Loc:7|Nom:3,столе,22
давать,VERB,Fin,,даёт,22
поддержка,NOUN,,Acc:7|Dat:1|Gen:10|Nom:4,поддержки,22
ответственность,NOUN,,Acc:7|Dat:1|Gen:7|Loc:2|Nom:5,ответственности,22
фотография,NOUN,,Acc:5|Gen:6|Ins:4|Loc:3|Nom:4,фотографиями,22
ночь,NOUN,,Acc:6|Gen:11|Ins:4|Nom:1,Ночью,22
исследование,NOUN,,Gen:3|Ins:1|Loc:6|Nom:12,исследованиями,22
уровень,NOUN,,Acc:3|Gen:11|Ins:1|Loc:3|Nom:4,уровня,22
рабочий,ADJ,,Acc:6|Gen:11|Ins:1|Loc:1|Nom:3,рабочей,22
где-то,ADV,,,где-то,22
игра,NOUN,,Acc:2|Dat:2|Gen:2|Ins:3|Loc:2|Nom:11,игры,22
пройти,VERB,Fin,,прошли,22
фильм,NOUN,,Acc:3|Gen:8|Ins:1|Loc:3|Nom:7,фильмах,22
куда,ADV,,,куда,22
письмо,NOUN,,Acc:5|Dat:2|Gen:7|Ins:1|Loc:1|Nom:6,письмо,22
про,ADP,,,про,22
машина,NOUN,,Acc:8|Dat:2|Gen:5|Ins:2|Nom:5,машин,22
автор,NOUN,,Acc:1|Dat:2|Gen:10|Ins:3|Nom:6,автором,22
покупка,NOUN,,Acc:11|Gen:10,покупки,21
большинство,NOUN,,Acc:3|Dat:1|Gen:4|Nom:13,большинство,21
иногда,ADV,,,иногда,21
процент,NOUN,,Acc:2|Gen:18|Ins:1,процентов,21
редко,ADV,,,редко,21
начать,VERB,Fin,,начал,21
становиться,VERB,Fin,,становится,21
имя,NOUN,,Acc:9|Dat:1|Gen:1|Ins:7|Nom:3,имена,21
вообще,ADV,,,вообще,21
хотеть,VERB,Fin,,хочу,21
действие,NOUN,,Acc:5|Dat:2|Gen:9|Ins:2|Nom:3,действию,21
школа,NOUN,,Acc:4|Gen:5|Ins:2|Loc:5|Nom:5,школы,21
номер,NOUN,,Acc:5|Dat:2|Gen:2|Loc:3|Nom:9,номер,21
пожалуйста,ADV,,,пожалуйста,21
срок,NOUN,,Acc:6|Gen:4|Ins:1|Nom:9,сроки,20
должен,ADJ,,,должен,20
вчера,ADV,,,Вчера,20
тема,NOUN,,Acc:5|Dat:4|Gen:5|Ins:2|Nom:4,темами,20
предел,NOUN,,Acc:3|Gen:1|Ins:12|Loc:4,пределах,20
одновременно,ADV,,,одновременно,20
долго,ADV,,,долго,20
среди,ADP,,,Среди,20
среда,NOUN,,Acc:4|Dat:3|Gen:4|Loc:7|Nom:2,среда,20
точно,ADV,,,точнее,20
ограничение,NOUN,,Acc:3|Gen:6|Ins:1|Loc:1|Nom:9,ограничения,20
ничто,PRON,,Gen:20,ничего,20
удобный,ADJ,,Acc:2|Gen:1|Ins:4|Nom:4,удобнее,20
речь,NOUN,,Acc:2|Gen:5|Loc:1|Nom:12,речь,20
поздно,ADV,,,позже,20
произведение,NOUN,,Acc:5|Gen:8|Loc:1|Nom:6,произведений,20
рука,NOUN,,Acc:3|Gen:8|Ins:7|Loc:1|Nom:1,рук,20
практика,NOUN,,Acc:4|Dat:1|Gen:2|Ins:2|Loc:7|Nom:4,практикам,20
момент,NOUN,,Acc:12|Gen:5|Nom:3,момента,20
основной,ADJ,,Acc:2|Dat:1|Gen:2|Ins:1|Loc:9|Nom:5,основном,20
назад,ADV,,,назад,20
целый,ADJ,,Acc:4|Dat:1|Gen:6|Ins:2|Loc:1|Nom:6,целая,20
понимать,VERB,Fin,,понимаю,19
наверное,ADV,,,Наверное,19
ставить,VERB,Fin,,ставит,19
сумма,NOUN,,Acc:11|Gen:6|Nom:2,суммы,19
прямо,ADV,,,прямо,19
над,ADP,,,над,19
сон,NOUN,,Acc:2|Dat:2|Gen:7|Ins:2|Loc:2|Nom:4,сна,19
постоянный,ADJ,,Acc:3|Gen:7|Ins:2|Nom:7,постоянного,19
шесть,NUM,,Acc:10|Gen:7|Nom:2,шесть,19
сказать,VERB,Fin,,сказал,19
район,NOUN,,Acc:2|Gen:3|Ins:1|Loc:13,районах,19
поездка,NOUN,,Acc:5|Gen:3|Ins:2|Loc:5|Nom:4,поездки,19
поколение,NOUN,,Dat:4|Gen:9|Loc:3|Nom:3,поколения,19
экономический,ADJ,,Dat:1|Gen:8|Ins:2|Loc:1|Nom:7,экономических,19
экономика,NOUN,,Acc:1|Gen:9|Ins:1|Loc:4|Nom:4,экономике,19
долгий,ADJ,,Acc:10|Gen:5|Ins:2|Loc:1|Nom:1,долгим,19
обычный,ADJ,,Acc:4|Dat:2|Gen:4|Ins:4|Loc:2|Nom:3,обычными,19
список,NOUN,,Acc:12|Gen:1|Ins:1|Nom:5,список,19
широкий,ADJ,,Acc:5|Gen:7|Ins:2|Nom:3,широкое,19
зато,CCONJ,,,Зато,19
говорить,VERB,Inf,,говорить,19
возраст,NOUN,,Acc:1|Gen:8|Ins:4|Loc:5|Nom:1,возраста,19
оценка,NOUN,,Acc:3|Dat:4|Gen:3|Loc:1|Nom:8,оценки,19
сервис,NOUN,,Acc:4|Gen:10|Loc:1|Nom:4,сервисы,19
анализ,NOUN,,Acc:5|Gen:5|Loc:3|Nom:6,анализа,19
врач,NOUN,,Dat:5|Gen:5|Ins:1|Nom:8,врачу,19
найти,VERB,Fin,,нашла,19
форма,NOUN,,Acc:4|Dat:2|Gen:5|Ins:1|Loc:3|Nom:3,форм,18
вызывать,VERB,Fin,,вызывает,18
сторонник,NOUN,,Acc:1|Dat:1|Nom:16,Сторонники,18
коллега,NOUN,,Acc:2|Dat:2|Gen:2|Ins:4|Nom:8,коллегами,18
довольно,ADV,,,довольно,18
тяжелый,ADJ,,Acc:1|Gen:1|Ins:5|Nom:1,тяжело,18
ни,PART,,,ни,18
семь,NUM,,Acc:9|Gen:5|Nom:4,семь,18
десять,NUM,,Acc:7|Dat:1|Gen:3|Ins:1|Nom:6,десять,18
обсуждать,VERB,Fin,,обсуждала,18
ты,PRON,,Acc:3|Dat:6|Gen:1|Nom:8,ты,18
вот,PART,,,вот,18
рынок,NOUN,,Acc:4|Gen:7|Loc:3|Nom:4,рынок,18
очередь,NOUN,,Acc:7|Dat:3|Loc:1|Nom:7,очередь,18
действительно,ADV,,,действительно,18
народ,NOUN,,Acc:2|Gen:14|Ins:1|Nom:1,народов,18
полностью,ADV,,,полностью,18
политика,NOUN,,Acc:1|Dat:1|Gen:6|Loc:3|Nom:7,политика,18
высокий,ADJ,,Acc:3|Gen:2|Ins:4|Loc:1|Nom:6,высокой,18
огромный,ADJ,,Acc:5|Dat:2|Gen:2|Ins:2|Loc:1|Nom:6,огромном,18
идея,NOUN,,Acc:5|Dat:2|Gen:5|Ins:1|Loc:2|Nom:3,идей,18
искусство,NOUN,,Acc:1|Gen:7|Ins:4|Nom:6,искусством,18
движение,NOUN,,Acc:2|Gen:7|Ins:1|Loc:2|Nom:6,движения,18
обязательно,ADV,,,обязательно,18
окно,NOUN,,Acc:4|Dat:1|Gen:8|Ins:4|Nom:1,окном,18
центр,NOUN,,Acc:4|Gen:1|Ins:2|Loc:8|Nom:3,центров,18
детский,ADJ,,Acc:3|Gen:4|Ins:2|Loc:1|Nom:8,детские,18
эффект,NOUN,,Acc:6|Gen:5|Ins:1|Nom:6,эффект,18
короткий,ADJ,,Acc:5|Dat:1|Gen:5|Ins:1|Loc:1|Nom:5,короткую,18
сосед,NOUN,,Acc:1|Dat:1|Gen:3|Ins:3|Nom:9,сосед,17
ради,ADP,,,ради,17
спрос,NOUN,,Acc:6|Gen:6|Nom:5,спрос,17
образ,NOUN,,Acc:3|Dat:2|Gen:3|Ins:6|Nom:3,образа,17
ощущение,NOUN,,Acc:4|Gen:3|Nom:10,ощущения,17
зависимость,NOUN,,Gen:3|Loc:10|Nom:4,зависимости,17
кроме,ADP,,,Кроме,17
полный,ADJ,,Gen:3|Ins:4|Loc:3|Nom:6,полный,17
требовать,VERB,Fin,,потребует,17
половина,NOUN,,Acc:2|Gen:2|Ins:4|Loc:4|Nom:5,половина,17
четыре,NUM,,Acc:7|Gen:4|Ins:1|Loc:1|Nom:4,четырёх,17
бабушка,NOUN,,Dat:3|Gen:3|Nom:11,бабушке,17
температура,NOUN,,Acc:3|Gen:4|Ins:1|Loc:1|Nom:8,температура,17
настоящий,ADJ,,Acc:3|Gen:1|Ins:6|Loc:1|Nom:6,настоящий,17
приложение,NOUN,,Acc:7|Gen:4|Loc:4|Nom:2,приложения,17
картина,NOUN,,Acc:8|Gen:1|Nom:8,картину,17
знать,VERB,Fin,,знает,17
договор,NOUN,,Acc:3|Dat:1|Gen:5|Ins:1|Loc:3|Nom:4,договором,17
закон,NOUN,,Acc:5|Gen:4|Ins:2|Loc:1|Nom:5,законом,17
последствие,NOUN,,Acc:5|Gen:3|Ins:2|Loc:1|Nom:6,Последствия,17
развитие,NOUN,,Acc:3|Gen:6|Ins:4|Loc:2|Nom:2,развитии,17
банк,NOUN,,Acc:2|Gen:4|Ins:1|Loc:1|Nom:9,банки,17
цель,NOUN,,Acc:2|Dat:1|Gen:5|Ins:1|Loc:4|Nom:4,цели,17
изображение,NOUN,,Acc:2|Dat:1|Gen:7|Ins:4|Loc:1|Nom:2,изображений,17
лишь,PART,,,лишь,17
путь,NOUN,,Acc:5|Dat:1|Gen:3|Ins:2|Loc:2|Nom:4,путь,17
сравнение,NOUN,,Dat:6|Gen:1|Loc:3|Nom:7,сравнению,17
древний,ADJ,,Acc:1|Dat:2|Gen:5|Ins:1|Loc:2|Nom:6,древние,17
иметь,VERB,Fin,,имело,17
повседневный,ADJ,,Acc:5|Dat:2|Gen:3|Loc:7,повседневной,17
роль,NOUN,,Acc:11|Gen:2|Loc:1|Nom:3,роль,17
спасибо,NOUN,,Nom:17,Спасибо,17
точный,ADJ,,Acc:4|Gen:2|Ins:2|Nom:7,точную,17
выходить,VERB,Fin,,выходил,16
маленький,ADJ,,Acc:7|Gen:1|Ins:2|Loc:2|Nom:4,маленькие,16
размер,NOUN,,Acc:5|Dat:1|Gen:6|Ins:1|Nom:3,размеру,16
тридцать,NUM,,Acc:6|Gen:7|Nom:3,тридцати,16
служба,NOUN,,Acc:4|Gen:9|Nom:3,службы,16
отмечать,VERB,Fin,,отмечают,16
говорить,VERB,Conv,,говоря,16
население,NOUN,,Gen:15|Nom:1,населения,16
политический,ADJ,,Acc:3|Gen:7|Ins:3|Loc:2|Nom:1,политическими,16
никто,PRON,,Acc:1|Gen:4|Ins:1|Nom:10,никем,16
прежде,ADP,,,прежде,16
означать,VERB,Fin,,означает,16
государственный,ADJ,,Acc:1|Dat:1|Gen:7|Ins:1|Loc:1|Nom:5,государственных,16
культурный,ADJ,,Acc:2|Gen:7|Ins:1|Loc:1|Nom:5,культурная,16
война,NOUN,,Acc:3|Dat:1|Gen:9|Nom:3,войны,16
свет,NOUN,,Acc:1|Gen:8|Loc:1|Nom:6,света,16
зритель,NOUN,,Acc:1|Dat:2|Gen:7|Ins:1|Nom:5,зрителей,16
длинный,ADJ,,Acc:3|Gen:2|Ins:1|Loc:3|Nom:4,длинный,16
десятилетие,NOUN,,Acc:12|Gen:3|Ins:1,десятилетия,16
сеть,NOUN,,Gen:9|Loc:1|Nom:6,сети,16
период,NOUN,,Acc:7|Gen:3|Ins:2|Loc:1|Nom:3,периоды,16
получить,VERB,Fin,,получил,16
третий,ADJ,,Acc:7|Gen:2|Nom:7,третий,16
смотреть,VERB,Inf,,смотреть,16
предмет,NOUN,,Gen:3|Ins:12|Nom:1,предметом,16
да,PART,,,Да,16
восемь,NUM,,Acc:3|Dat:3|Gen:4|Loc:1|Nom:5,восемь,16
проходить,VERB,Fin,,проходит,15
стараться,VERB,Fin,,стараюсь,15
приходиться,VERB,Fin,,приходится,15
стоять,VERB,Fin,,Стою,15
много,ADV,,,много,15
прошлый,ADJ,,Acc:2|Dat:1|Gen:3|Ins:3|Loc:6,прошлом,15
показать,VERB,Fin,,показали,15
житель,NOUN,,Acc:2|Dat:1|Gen:6|Nom:6,жителям,15
процесс,NOUN,,Acc:2|Gen:8|Loc:1|Nom:4,процесс,15
информация,NOUN,,Acc:5|Dat:1|Gen:4|Nom:5,информацию,15
сей,DET,,Gen:15,сих,15
связывать,VERB,Fin,,связывают,15
благодаря,ADP,,,благодаря,15
счастье,NOUN,,Dat:6|Gen:3|Loc:1|Nom:5,счастью,15
домой,ADV,,,Домой,15
отдельно,ADV,,,отдельно,15
интерес,NOUN,,Acc:5|Dat:3|Gen:4|Nom:3,интересов,15
мировой,ADJ,,Acc:1|Gen:9|Loc:3|Nom:2,мирового,15
явление,NOUN,,Acc:1|Gen:6|Ins:4|Nom:4,явлений,15
источник,NOUN,,Acc:3|Dat:1|Gen:5|Ins:2|Nom:4,источники,15
защита,NOUN,,Acc:4|Dat:2|Gen:3|Ins:1|Loc:1|Nom:4,защиты,15
оказываться,VERB,Fin,,Оказывается,15
объем,NOUN,,Acc:4|Dat:2|Gen:1|Ins:3|Loc:2|Nom:3,объём,15
строить,VERB,Fin,,строится,15
множество,NOUN,,Acc:4|Dat:1|Gen:6|Ins:1|Loc:1|Nom:2,множество,15
какой-то,DET,,Acc:7|Ins:1|Loc:1|Nom:6,каким-то,15
точка,NOUN,,Acc:1|Gen:9|Ins:2|Loc:1|Nom:2,точки,15
сообщество,NOUN,,Acc:3|Gen:6|Ins:1|Loc:1|Nom:4,сообщества,15
думать,VERB,Fin,,думал,15
внутри,ADV,,,внутри,15
формат,NOUN,,Acc:2|Gen:4|Loc:2|Nom:7,Формат,15
особый,ADJ,,Acc:4|Gen:3|Loc:2|Nom:6,особый,15
болезнь,NOUN,,Acc:2|Dat:2|Gen:5|Loc:4|Nom:2,болезни,15
одинаковый,ADJ,,Acc:3|Gen:1|Ins:1|Nom:8,одинаковый,15
кино,NOUN,,Acc:3|Dat:1|Gen:1|Ins:1|Loc:2|Nom:7,кино,15
сцена,NOUN,,Acc:3|Dat:2|Gen:5|Ins:1|Loc:4,сцен,15
сообщение,NOUN,,Acc:4|Dat:1|Loc:4|Nom:6,сообщение,15
подход,NOUN,,Acc:2|Gen:5|Ins:1|Loc:1|Nom:6,подходами,15
забыть,VERB,Fin,,забыл,14
качество,NOUN,,Acc:2|Gen:9|Loc:1|Nom:2,качества,14
привычный,ADJ,,Acc:1|Dat:1|Gen:4|Ins:3|Loc:3|Nom:2,привычной,14
происходить,VERB,Fin,,происходит,14
водитель,NOUN,,Acc:1|Gen:7|Nom:6,водителей,14
ошибка,NOUN,,Acc:6|Gen:3|Nom:5,ошибку,14
бы,PART,,,бы,14
воздух,NOUN,,Acc:2|Gen:6|Ins:1|Nom:5,воздухом,14
снова,ADV,,,снова,14
гость,NOUN,,Dat:1|Gen:5|Loc:2|Nom:6,Гостей,14
впервые,ADV,,,впервые,14
приятный,ADJ,,Acc:2|Gen:3|Nom:3,приятно,14
состояние,NOUN,,Acc:2|Dat:1|Gen:3|Ins:2|Loc:4|Nom:2,состоянием,14
зарплата,NOUN,,Acc:3|Gen:7|Loc:1|Nom:3,зарплаты,14
доступ,NOUN,,Acc:6|Ins:2|Loc:1|Nom:5,доступ,14
наоборот,ADV,,,наоборот,14
команда,NOUN,,Acc:3|Gen:2|Ins:1|Loc:2|Nom:6,команда,14
влиять,VERB,Fin,,влияет,14
центральный,ADJ,,Gen:5|Loc:1|Nom:8,центральные,14
устроить,VERB,Part,,устроено,14
река,NOUN,,Acc:4|Dat:2|Gen:3|Ins:1|Loc:3|Nom:1,реке,14
близкий,ADJ,,Acc:2|Gen:3|Ins:6,близких,14
универсальный,ADJ,,Acc:5|Dat:2|Gen:6,универсальные,14
хотеться,VERB,Fin,,хочется,14
возникать,VERB,Fin,,возникают,14
ни,CCONJ,,,ни,14
договориться,VERB,Fin,,договорились,14
работник,NOUN,,Acc:2|Gen:9|Ins:3,работников,14
общественный,ADJ,,Acc:4|Gen:6|Nom:4,общественных,14
эксперимент,NOUN,,Acc:3|Gen:6|Loc:3|Nom:2,эксперименты,14
легкий,ADJ,,Acc:3|Loc:1,легче,14
звучать,VERB,Fin,,звучит,14
театр,NOUN,,Acc:2|Gen:4|Ins:2|Loc:2|Nom:4,театров,14
советский,ADJ,,Acc:3|Dat:1|Gen:3|Loc:4|Nom:3,Советский,14
условный,ADJ,,Acc:3|Ins:3|Loc:2|Nom:2,условен,14
быть,AUX,Inf,,быть,14
наука,NOUN,,Acc:3|Gen:3|Ins:1|Loc:2|Nom:5,наука,14
отрасль,NOUN,,Dat:1|Gen:6|Ins:2|Loc:3|Nom:2,отраслях,14
япония,PROPN,,Acc:1|Gen:2|Loc:11,Японии,14
земля,NOUN,,Acc:2|Dat:1|Gen:6|Ins:1|Loc:3|Nom:1,землю,14
появиться,VERB,Fin,,появилось,14
улица,NOUN,,Acc:2|Gen:8|Loc:3,улице,13
остаться,VERB,Fin,,остался,13
свобода,NOUN,,Acc:3|Dat:1|Gen:7|Loc:1|Nom:1,свободу,13
возможно,ADV,,,Возможно,13
городской,ADJ,,Acc:4|Gen:8|Nom:1,городской,13
оплата,NOUN,,Acc:3|Gen:2|Loc:3|Nom:5,оплате,13
искусственный,ADJ,,Acc:2|Dat:1|Gen:5|Ins:1|Nom:4,искусственному,13
находиться,VERB,Fin,,находятся,13
вполне,ADV,,,вполне,13
возможный,ADJ,,Acc:4|Gen:2|Loc:2|Nom:1,возможен,13
онлайн,NOUN,,Acc:1|Loc:1|Nom:11,онлайн,13
материал,NOUN,,Acc:4|Dat:1|Gen:2|Ins:3|Nom:3,материалу,13
возражать,VERB,Fin,,возражают,13
здравоохранение,NOUN,,Acc:1|Dat:2|Gen:9|Ins:1,здравоохранению,13
сочетание,NOUN,,Acc:1|Gen:4|Ins:1|Loc:3|Nom:4,сочетания,13
зал,NOUN,,Acc:2|Gen:6|Loc:3|Nom:2,зал,13
суд,NOUN,,Acc:2|Gen:3|Ins:1|Loc:1|Nom:6,суд,13
относиться,VERB,Fin,,относится,13
пользователь,NOUN,,Dat:2|Gen:9|Loc:1|Nom:1,пользователей,13
начинать,VERB,Fin,,начинают,13
цифра,NOUN,,Acc:4|Gen:1|Nom:8,цифру,13
небо,NOUN,,Acc:2|Dat:1|Gen:3|Ins:1|Loc:1|Nom:5,небо,13
позволять,VERB,Fin,,позволяют,13
дополнительный,ADJ,,Acc:6|Gen:3|Nom:4,дополнительные,13
встреча,NOUN,,Acc:4|Dat:1|Gen:5|Loc:1|Nom:2,встречу,13
устройство,NOUN,,Acc:6|Dat:1|Gen:2|Ins:2|Loc:1|Nom:1,устройства,13
название,NOUN,,Acc:5|Gen:1|Ins:3|Nom:4,название,13
территория,NOUN,,Dat:1|Gen:3|Ins:3|Loc:3|Nom:3,территорией,13
животное,NOUN,,Acc:2|Gen:9|Ins:1|Nom:1,животных,13
необходимость,NOUN,,Acc:4|Dat:1|Gen:3|Loc:2|Nom:3,необходимости,13
описывать,VERB,Fin,,описывает,13
метод,NOUN,,Acc:1|Gen:3|Ins:3|Nom:6,метода,13
касаться,VERB,Fin,,касается,13
начаться,VERB,Fin,,начался,13
литературный,ADJ,,Acc:1|Gen:3|Ins:1|Loc:2|Nom:5,литературных,13
соцсеть,NOUN,,Acc:2|Gen:5|Ins:1|Loc:2|Nom:3,соцсетей,13
добрый,ADJ,,Acc:1|Gen:1|Nom:11,Добрый,13
план,NOUN,,Acc:7|Gen:1|Ins:1|Loc:1|Nom:3,план,13
всемирный,ADJ,,Gen:9|Loc:1|Nom:2,всемирном,13
иначе,ADV,,,иначе,13
аудитория,NOUN,,Acc:6|Gen:5|Ins:1|Nom:1,аудиторию,13
сидеть,VERB,Fin,,сидит,13
маршрут,NOUN,,Acc:3|Dat:1|Gen:2|Ins:1|Loc:1|Nom:5,маршрут,13
наследие,NOUN,,Acc:1|Gen:10|Loc:1|Nom:1,наследия,13
живой,ADJ,,Acc:3|Dat:2|Gen:2|Ins:1|Nom:5,живого,13
просить,VERB,Fin,,просит,13
пространство,NOUN,,Acc:6|Dat:1|Gen:1|Ins:1|Loc:1|Nom:2,пространство,12
автомобиль,NOUN,,Gen:8|Loc:1|Nom:3,автомобили,12
указывать,VERB,Fin,,указывают,12
серьезный,ADJ,,Acc:6|Dat:1|Gen:4|Nom:1,серьёзные,12
родитель,NOUN,,Gen:5|Ins:2|Nom:5,родители,12
полночь,NOUN,,Acc:6|Dat:2|Gen:4,полночь,12
средний,ADJ,,Acc:4|Gen:3|Loc:2|Nom:3,средний,12
платформа,NOUN,,Acc:1|Gen:4|Ins:1|Loc:1|Nom:5,платформы,12
продолжать,VERB,Fin,,продолжают,12
регулярно,ADV,,,регулярно,12
доступный,ADJ,,Acc:1|Dat:2|Gen:2|Ins:2|Nom:1,доступного,12
подобный,ADJ,,Acc:1|Dat:1|Gen:3|Loc:2|Nom:5,подобных,12
устойчивый,ADJ,,Acc:4|Dat:2|Gen:1|Ins:2|Nom:3,устойчивым,12
еда,NOUN,,Acc:3|Gen:8|Nom:1,еды,12
выглядеть,VERB,Fin,,выглядела,12
доля,NOUN,,Acc:4|Dat:1|Gen:3|Ins:1|Nom:3,долей,12
климат,NOUN,,Acc:1|Gen:7|Ins:2|Nom:2,климата,12
менять,VERB,Fin,,меняет,12
равный,ADJ,,,равно,12
спорт,NOUN,,Acc:1|Gen:5|Loc:1|Nom:5,спорта,12
религиозный,ADJ,,Acc:5|Gen:2|Loc:1|Nom:3,религиозные,12
значение,NOUN,,Acc:5|Gen:4|Nom:3,значение,12
сюжет,NOUN,,Acc:1|Dat:1|Gen:3|Ins:2|Loc:1|Nom:4,сюжеты,12
эпоха,NOUN,,Acc:1|Dat:1|Gen:7|Loc:2|Nom:1,эпохи,12
сила,NOUN,,Acc:5|Dat:2|Gen:1|Ins:2|Nom:2,силы,12
счет,NOUN,,Acc:7|Gen:1|Ins:2|Loc:1|Nom:1,счёт,12
круг,NOUN,,Acc:1|Dat:2|Gen:3|Ins:1|Nom:5,круги,12
проект,NOUN,,Acc:1|Gen:2|Loc:3|Nom:6,проекты,12
порядок,NOUN,,Acc:1|Dat:2|Loc:3|Nom:6,порядок,12
пытаться,VERB,Fin,,пытается,12
что-нибудь,PRON,,Acc:8|Nom:4,что-нибудь,12
голова,NOUN,,Acc:2|Gen:1|Ins:3|Loc:2|Nom:4,голова,12
отпуск,NOUN,,Acc:3|Gen:3|Loc:1|Nom:5,отпуск,12
рождение,NOUN,,Gen:12,рождений,12
получить,VERB,Inf,,получить,12
изменить,VERB,Fin,,изменили,12
предложить,VERB,Fin,,предложила,12
тут,ADV,,,тут,12
лицо,NOUN,,Acc:4|Dat:1|Gen:5|Ins:2,лицо,12
принятый,ADJ,,,принято,12
вариант,NOUN,,Acc:5|Gen:6|Nom:1,варианты,12
литература,NOUN,,Acc:1|Dat:2|Gen:4|Ins:1|Loc:2|Nom:2,литературе,12
создавать,VERB,Fin,,создаёт,12
мысль,NOUN,,Acc:2|Gen:3|Ins:1|Loc:4|Nom:2,мысль,12
решать,VERB,Fin,,решается,12
паспорт,NOUN,,Acc:2|Gen:5|Ins:2|Nom:3,паспорт,12
экран,NOUN,,Acc:3|Ins:2|Loc:3|Nom:4,экране,12
деталь,NOUN,,Acc:2|Dat:2|Gen:2|Nom:6,детали,12
официальный,ADJ,,Acc:2|Gen:3|Ins:1|Loc:2|Nom:4,официальное,12
готовый,ADJ,,Acc:3|Gen:1|Nom:1,готовы,12
получать,VERB,Fin,,получаешь,12
линия,NOUN,,Acc:3|Dat:1|Gen:4|Loc:1|Nom:3,линии,12
объявить,VERB,Fin,,объявили,12
советовать,VERB,Fin,,посоветовала,12
мама,NOUN,,Acc:1|Dat:1|Gen:1|Nom:9,маме,12
2024,ADJ,,,2024,12
пожилой,ADJ,,Acc:1|Dat:1|Gen:4|Loc:1|Nom:4,пожилых,11
сохранить,VERB,Inf,,сохранить,11
продавец,NOUN,,Acc:1|Dat:1|Gen:2|Ins:1|Nom:6,продавца,11
иной,ADJ,,Acc:1|Gen:2|Ins:3|Loc:2|Nom:3,иным,11
количество,NOUN,,Acc:5|Dat:1|Gen:2|Ins:1|Nom:2,количество,11
пятнадцать,NUM,,Acc:4|Gen:4|Nom:3,пятнадцать,11
пятьдесят,NUM,,Acc:4|Gen:2|Nom:5,пятьдесят,11
секунда,NOUN,,Acc:7|Gen:4,секунду,11
норма,NOUN,,Gen:6|Ins:1|Nom:4,нормы,11
функция,NOUN,,Acc:5|Dat:1|Gen:4|Nom:1,функций,11
ходить,VERB,Fin,,ходил,11
хватать,VERB,Fin,,хватает,11
зима,NOUN,,Acc:1|Ins:7|Nom:3,зимой,11
естественный,ADJ,,Acc:1|Ins:4|Loc:2|Nom:3,естественно,11
независимо,ADV,,,независимо,11
конфликт,NOUN,,Acc:3|Gen:4|Loc:2|Nom:2,конфликтов,11
вырасти,VERB,Fin,,вырастет,11
новость,NOUN,,Acc:1|Gen:3|Loc:4|Nom:3,новость,11
голос,NOUN,,Acc:2|Gen:3|Nom:6,голос,11
определять,VERB,Fin,,определяется,11
характер,NOUN,,Acc:2|Dat:1|Gen:2|Loc:2|Nom:4,характер,11
реакция,NOUN,,Gen:1|Nom:10,реакции,11
постоянно,ADV,,,постоянно,11
участвовать,VERB,Fin,,участвуют,11
факт,NOUN,,Acc:2|Gen:2|Loc:2|Nom:5,факты,11
орган,NOUN,,Acc:1|Dat:1|Gen:5|Nom:4,орган,11
нагрузка,NOUN,,Acc:7|Gen:1|Ins:1|Loc:1|Nom:1,нагрузки,11
структура,NOUN,,Acc:3|Dat:1|Gen:5|Ins:1|Nom:1,структуре,11
менять,VERB,Inf,,менять,11
производство,NOUN,,Acc:2|Gen:6|Nom:3,производства,11
представление,NOUN,,Acc:4|Gen:2|Ins:1|Nom:4,представление,11
принимать,VERB,Fin,,принимала,11
традиционный,ADJ,,Dat:1|Gen:4|Ins:1|Loc:1|Nom:4,традиционного,11
смена,NOUN,,Acc:3|Dat:2|Gen:2|Ins:2|Nom:2,сменой,11
повод,NOUN,,Acc:2|Dat:4|Ins:2|Nom:3,поводом,11
герой,NOUN,,Dat:1|Gen:8|Loc:1|Nom:1,героя,11
персонаж,NOUN,,Acc:1|Gen:7|Nom:3,Персонажи,11
массовый,ADJ,,Acc:2|Dat:1|Gen:3|Ins:1|Loc:1|Nom:3,массовой,11
свободный,ADJ,,Acc:2|Gen:5|Nom:2,свободное,11
занять,VERB,Fin,,заняла,11
играть,VERB,Fin,,играет,11
сильный,ADJ,,Acc:2|Ins:3|Nom:6,сильный,11
профессиональный,ADJ,,Acc:1|Dat:1|Gen:2|Ins:3|Loc:2|Nom:2,профессиональной,11
объяснение,NOUN,,Acc:4|Gen:3|Nom:4,объяснение,11
красный,ADJ,,Acc:1|Gen:1|Ins:3|Loc:2|Nom:4,красный,11
определенный,ADJ,,Acc:3|Dat:2|Gen:3|Loc:2|Nom:1,определённые,11
предлагать,VERB,Fin,,предлагает,11
учебный,ADJ,,Acc:1|Gen:6|Loc:2|Nom:2,учебного,11
объяснять,VERB,Fin,,объясняет,11
рассказывать,VERB,Fin,,рассказывал,11
участник,NOUN,,Dat:1|Gen:5|Ins:2|Nom:3,участников,11
настроение,NOUN,,Acc:2|Dat:1|Loc:2|Nom:6,настроение,11
оно,PRON,,Nom:11,оно,11
сотрудник,NOUN,,Acc:2|Dat:1|Gen:5|Nom:3,сотрудника,11
кафе,NOUN,,Acc:3|Gen:1|Loc:5|Nom:2,кафе,11
транспорт,NOUN,,Acc:5|Gen:3|Nom:3,транспорта,11
домашний,ADJ,,Acc:5|Gen:4|Ins:1|Nom:1,домашнее,11
создать,VERB,Part,Acc:4|Loc:2|Nom:2,созданные,11
дорогой,ADJ,,Acc:2|Gen:3|Ins:2|Loc:1|Nom:1,дорогой,11
измениться,VERB,Fin,,изменится,11
власть,NOUN,,Acc:1|Gen:1|Ins:2|Nom:7,власти,11
европа,PROPN,,Dat:1|Gen:5|Ins:1|Loc:3|Nom:1,Европы,11
требование,NOUN,,Acc:3|Dat:1|Gen:1|Ins:2|Nom:4,требованиями,11
детство,NOUN,,Gen:3|Loc:8,детства,11
фраза,NOUN,,Acc:4|Dat:1|Gen:1|Ins:1|Nom:4,фраза,11
билет,NOUN,,Acc:6|Gen:3|Nom:2,Билеты,11
чужой,ADJ,,Acc:1|Gen:5|Ins:2|Loc:2|Nom:1,чужой,11
расход,NOUN,,Acc:2|Gen:8|Nom:1,расходов,11
здоровье,NOUN,,Acc:2|Gen:6|Ins:1|Loc:1|Nom:1,здоровья,11
общение,NOUN,,Acc:2|Gen:7|Nom:2,общения,11
читатель,NOUN,,Acc:1|Dat:3|Gen:5|Ins:1|Nom:1,читателями,11
бюджет,NOUN,,Acc:3|Gen:4|Loc:2|Nom:2,бюджет,11
здравствовать,VERB,Fin,,Здравствуйте,11
объект,NOUN,,Acc:1|Gen:7|Ins:2|Loc:1,объектом,11
напрямую,ADV,,,напрямую,11
пандемия,NOUN,,Acc:1|Gen:6|Nom:4,пандемия,11
налог,NOUN,,Acc:3|Gen:3|Ins:1|Nom:4,налоги,11
боль,NOUN,,Acc:3|Gen:3|Nom:5,боль,11
обычай,NOUN,,Acc:3|Gen:2|Ins:1|Loc:1|Nom:4,обычаи,11
подруга,NOUN,,Dat:2|Gen:3|Ins:1|Nom:5,Подруге,11
звонить,VERB,Fin,,звонит,10
успеть,VERB,Fin,,успел,10
автобус,NOUN,,Acc:2|Gen:1|Loc:3|Nom:4,автобус,10
будто,SCONJ,,,будто,10
сколько,NUM,,Acc:4,сколько,10
также,PART,,,также,10
интеллект,NOUN,,Dat:1|Gen:5|Ins:1|Nom:3,интеллекту,10
переход,NOUN,,Acc:2|Gen:2|Nom:6,переход,10
законодательство,NOUN,,Acc:1|Dat:1|Gen:5|Ins:1|Loc:1|Nom:1,законодательстве,10
обед,NOUN,,Acc:2|Dat:6|Gen:2,обеду,10
ждать,VERB,Fin,,жду,10
получиться,VERB,Fin,,получился,10
низкий,ADJ,,Dat:2|Gen:1|Nom:3,ниже,10
распространение,NOUN,,Acc:2|Gen:3|Ins:1|Nom:4,распространение,10
ученый,NOUN,,Acc:1|Dat:1|Gen:2|Ins:1|Nom:5,Учёные,10
обучение,NOUN,,Acc:1|Gen:6|Loc:1|Nom:2,обучения,10
прием,NOUN,,Acc:6|Dat:1|Nom:3,приём,10
регулярный,ADJ,,Acc:3|Gen:1|Ins:2|Nom:4,Регулярная,10
активность,NOUN,,Acc:3|Dat:1|Gen:1|Ins:1|Nom:4,активность,10
активный,ADJ,,Acc:2|Gen:5|Nom:2,активное,10
единственный,ADJ,,Acc:1|Gen:1|Ins:1|Loc:1|Nom:6,Единственное,10
позиция,NOUN,,Acc:1|Gen:2|Ins:1|Nom:6,позиция,10
происхождение,NOUN,,Dat:2|Gen:4|Loc:1|Nom:3,происхождения,10
однозначный,ADJ,,Gen:10,однозначного,10
судить,VERB,Conv,,судя,10
внутренний,ADJ,,Acc:3|Dat:1|Gen:5|Ins:1,внутренними,10
прийти,VERB,Fin,,пришла,10
чуть,ADV,,,чуть,10
взгляд,NOUN,,Acc:8|Nom:2,взгляд,10
особенность,NOUN,,Acc:3|Gen:3|Ins:2|Nom:2,особенности,10
вести,VERB,Fin,,ведётся,10
природа,NOUN,,Acc:2|Gen:2|Ins:1|Loc:4|Nom:1,природой,10
услуга,NOUN,,Acc:2|Dat:1|Gen:4|Ins:1|Loc:2,услуг,10
существовать,VERB,Part,Acc:2|Gen:7|Nom:1,существующих,10
человеческий,ADJ,,Acc:1|Gen:6|Nom:3,Человеческое,10
взрослый,ADJ,,Acc:2|Gen:4|Ins:2|Loc:2,взрослого,10
значительный,ADJ,,Acc:4|Gen:1|Loc:1|Nom:4,значительные,10
лежать,VERB,Fin,,лежит,10
ии,PROPN,,Gen:6|Ins:1|Nom:1,ИИ,10
профессия,NOUN,,Acc:3|Dat:1|Gen:3|Loc:2|Nom:1,профессии,10
соревнование,NOUN,,Acc:3|Loc:2|Nom:5,Соревнования,10
интересный,ADJ,,Acc:1|Gen:1|Nom:2,Интересно,10
схема,NOUN,,Acc:2|Dat:2|Gen:2|Loc:1|Nom:3,схемы,10
дверь,NOUN,,Acc:3|Dat:1|Gen:5|Ins:1,дверью,10
кухня,NOUN,,Acc:2|Dat:2|Loc:6,кухне,10
проверить,VERB,Fin,,проверил,10
классический,ADJ,,Acc:1|Gen:5|Ins:2|Loc:1|Nom:1,классического,10
звук,NOUN,,Gen:5|Loc:1|Nom:4,звука,10
направление,NOUN,,Acc:2|Dat:2|Gen:2|Nom:4,направление,10
расходиться,VERB,Fin,,расходились,10
туда,ADV,,,туда,10
доставка,NOUN,,Acc:5|Gen:2|Ins:1|Nom:2,доставку,10
религия,NOUN,,Acc:1|Dat:1|Gen:3|Ins:2|Nom:3,религии,10
нельзя,ADV,,,нельзя,10
аренда,NOUN,,Acc:3|Gen:4|Loc:3,аренды,10
платеж,NOUN,,Acc:1|Gen:5|Nom:4,платежей,10
бумага,NOUN,,Acc:4|Gen:3|Loc:3,бумагу,10
занятие,NOUN,,Acc:1|Gen:5|Ins:1|Nom:3,занятие,10
впечатление,NOUN,,Acc:3|Dat:1|Gen:1|Ins:3|Nom:2,впечатления,10
открыть,VERB,Fin,,Открыл,10
представлять,VERB,Fin,,представляли,10
озеро,NOUN,,Dat:2|Gen:2|Ins:1|Nom:5,озеру,10
запас,NOUN,,Acc:5|Gen:2|Ins:1|Nom:2,запасов,10
выражение,NOUN,,Acc:2|Dat:1|Gen:1|Nom:6,выражение,10
перевод,NOUN,,Acc:1|Dat:1|Gen:3|Ins:2|Nom:3,перевода,10
практический,ADJ,,Acc:3|Dat:2|Gen:2|Nom:3,практических,10
переговоры,NOUN,,Acc:2|Gen:2|Ins:1|Loc:2|Nom:3,переговорах,10
здание,NOUN,,Acc:2|Dat:1|Gen:4|Loc:1|Nom:2,здание,10
безопасность,NOUN,,Acc:1|Dat:1|Gen:6|Loc:1|Nom:1,безопасность,10
военный,ADJ,,Acc:2|Gen:4|Ins:1|Loc:1|Nom:2,военных,10
москва,PROPN,,Acc:3|Gen:3|Ins:1|Loc:2|Nom:1,Москвой,10
затем,ADV,,,затем,10
европейский,ADJ,,Gen:3|Loc:3|Nom:4,европейской,10
звезда,NOUN,,Acc:2|Dat:1|Gen:4|Ins:1|Nom:2,звёзды,10
десяток,NOUN,,Acc:6|Gen:3|Ins:1,десятка,10
понять,VERB,Fin,,понял,10
получаться,VERB,Fin,,получается,10
кадр,NOUN,,Acc:1|Gen:2|Ins:1|Loc:3|Nom:3,кадр,10
распределение,NOUN,,Acc:1|Gen:2|Ins:1|Loc:1|Nom:5,распределение,10
женщина,NOUN,,Acc:1|Dat:1|Gen:2|Nom:6,женщины,10
миллион,NOUN,,Acc:2|Gen:4|Ins:1|Nom:3,миллионов,10
беженец,NOUN,,Acc:1|Dat:1|Gen:5|Ins:1|Nom:2,беженцы,10
жанр,NOUN,,Acc:4|Gen:4|Nom:2,жанры,10
описание,NOUN,,Acc:2|Dat:2|Ins:4|Nom:2,описаниям,10
оон,PROPN,,Gen:8|Loc:1|Nom:1,ООН,10
писать,VERB,Fin,,пишу,10
концерт,NOUN,,Acc:3|Gen:2|Ins:2|Nom:3,концертов,10
складываться,VERB,Fin,,складывается,10
сказать,VERB,Inf,,сказать,10
тихий,ADJ,,Acc:1|Gen:4|Nom:2,тихо,10
приносить,VERB,Fin,,приносили,10
2023,ADJ,,,2023,10
xx,ADJ,,,XX,10
чай,NOUN,,Acc:3|Ins:4|Nom:3,чай,10
2025,ADJ,,,2025,10
отсутствие,NOUN,,Acc:4|Gen:1|Nom:4,отсутствие,9
предусмотреть,VERB,Part,Loc:1,предусмотрены,9
включать,VERB,Fin,,включаю,9
хотя,PART,,,хотя,9
рубль,NOUN,,Dat:1|Gen:8,рубля,9
понятный,ADJ,,Nom:1,понятно,9
ожидать,VERB,Fin,,ожидается,9
погода,NOUN,,Gen:1|Ins:1|Loc:1|Nom:6,погода,9
участок,NOUN,,Acc:3|Gen:2|Loc:3|Nom:1,участки,9
брать,VERB,Inf,,взять,9
буквально,ADV,,,буквально,9
целое,NOUN,,Loc:9,целом,9
ждать,VERB,Inf,,ждать,9
офис,NOUN,,Acc:2|Gen:4|Ins:1|Loc:2,офиса,9
теплый,ADJ,,Acc:3|Gen:2|Ins:1|Loc:2|Nom:1,тёплую,9
разница,NOUN,,Acc:3|Dat:1|Gen:1|Nom:4,разницу,9
соседний,ADJ,,Acc:4|Gen:1|Ins:1|Loc:2|Nom:1,соседних,9
изучение,NOUN,,Acc:2|Gen:2|Loc:1|Nom:4,Изучение,9
мнение,NOUN,,Acc:1|Gen:2|Ins:2|Nom:4,мнения,9
отвечать,VERB,Fin,,отвечают,9
семейный,ADJ,,Acc:3|Gen:2|Loc:3|Nom:1,семейных,9
обстоятельство,NOUN,,Gen:4|Nom:5,обстоятельства,9
земля,PROPN,,Gen:6|Loc:3,Земли,9
ген,NOUN,,Acc:1|Gen:4|Ins:1|Nom:3,генами,9
гораздо,ADV,,,Гораздо,9
коробка,NOUN,,Acc:3|Gen:4|Ins:1|Nom:1,коробками,9
помнить,VERB,Fin,,помнил,9
составлять,VERB,Fin,,составляет,9
покупать,VERB,Inf,,покупать,9
переработка,NOUN,,Acc:1|Gen:5|Loc:2|Nom:1,переработке,9
предыдущий,ADJ,,Gen:5|Ins:2|Loc:1|Nom:1,предыдущего,9
вместо,ADP,,,вместо,9
уходить,VERB,Fin,,уходят,9
появляться,VERB,Fin,,появляются,9
поезд,NOUN,,Acc:1|Gen:3|Nom:5,поезд,9
читать,VERB,Fin,,читает,9
гибкий,ADJ,,Dat:1|Gen:1|Ins:2|Nom:5,гибкий,9
остальной,ADJ,,Acc:4|Dat:2|Gen:1|Loc:1|Nom:1,остальные,9
резкий,ADJ,,Acc:4|Gen:1|Ins:1|Loc:2|Nom:1,резкое,9
перестать,VERB,Fin,,перестало,9
финансовый,ADJ,,Acc:2|Dat:1|Gen:5|Loc:1,финансовой,9
площадка,NOUN,,Acc:1|Gen:2|Loc:5|Nom:1,площадке,9
блюдо,NOUN,,Acc:4|Gen:3|Nom:2,блюдо,9
подарок,NOUN,,Acc:3|Gen:1|Ins:2|Nom:3,подарки,9
яркий,ADJ,,Acc:3|Gen:1|Nom:4,яркую,9
завтра,ADV,,,завтра,9
уход,NOUN,,Acc:3|Dat:2|Gen:2|Ins:1|Nom:1,уходу,9
вроде,ADP,,,вроде,9
график,NOUN,,Acc:3|Dat:1|Gen:2|Ins:1|Loc:1|Nom:1,график,9
обратный,ADJ,,Acc:2|Gen:1|Loc:2|Nom:4,обратная,9
найти,VERB,Inf,,найти,9
риск,NOUN,,Acc:4|Gen:3|Loc:1|Nom:1,риски,9
пойти,VERB,Fin,,Пошли,9
целиком,ADV,,,целиком,9
турист,NOUN,,Acc:1|Gen:7|Nom:1,туристов,9
тип,NOUN,,Gen:8|Nom:1,типов,9
записаться,VERB,Fin,,Записался,9
поведение,NOUN,,Acc:2|Gen:5|Nom:2,поведение,9
дискуссия,NOUN,,Acc:2|Gen:5|Nom:2,дискуссию,9
контекст,NOUN,,Gen:3|Loc:4|Nom:2,контексте,9
завтрак,NOUN,,Gen:1|Nom:8,завтрака,9
знакомый,ADJ,,Acc:3|Dat:1|Gen:2|Loc:1|Nom:1,знакомый,9
языковой,ADJ,,Acc:2|Gen:4|Loc:1|Nom:2,языковых,9
популярный,ADJ,,Dat:1|Nom:8,популярное,9
выходной,NOUN,,Acc:6|Dat:2|Nom:1,выходные,9
знак,NOUN,,Acc:3|Gen:1|Ins:3|Nom:2,знаками,9
заказ,NOUN,,Acc:4|Dat:2|Gen:3,заказы,9
2022,ADJ,,,2022,9
тревога,NOUN,,Acc:3|Gen:4|Ins:1|Nom:1,тревогой,9
питание,NOUN,,Acc:2|Gen:3|Loc:3|Nom:1,питания,9
теория,NOUN,,Acc:2|Gen:4|Nom:3,теория,9
широко,ADV,,,широко,9
наиболее,ADV,,,наиболее,9
просмотр,NOUN,,Acc:2|Dat:1|Gen:5|Loc:1,просмотра,9
узнать,VERB,Inf,,узнать,9
солнце,NOUN,,Acc:2|Dat:1|Gen:1|Nom:5,солнце,9
дата,NOUN,,Acc:1|Gen:1|Ins:1|Loc:1|Nom:5,дата,9
нога,NOUN,,Acc:3|Gen:1|Ins:2|Nom:3,ногой,9
одиночество,NOUN,,Dat:1|Gen:3|Loc:3|Nom:2,одиночеству,9
оставлять,VERB,Fin,,оставлял,9
курс,NOUN,,Acc:2|Dat:1|Gen:2|Loc:2|Nom:2,курс,9
партия,NOUN,,Dat:1|Gen:3|Ins:2|Loc:1|Nom:2,партии,9
сериал,NOUN,,Acc:2|Gen:4|Nom:3,сериала,9
стиль,NOUN,,Dat:1|Gen:3|Ins:1|Loc:4,стиля,9
баланс,NOUN,,Acc:2|Gen:1|Loc:1|Nom:5,баланс,9
электронный,ADJ,,Acc:2|Dat:1|Gen:3|Loc:1|Nom:2,электронной,9
камера,NOUN,,Acc:2|Gen:2|Ins:3|Nom:2,камерой,9
главное,NOUN,,Nom:9,главное,9
мелочь,NOUN,,Acc:3|Gen:2|Nom:4,мелочь,9
юнеско,PROPN,,Gen:8|Nom:1,ЮНЕСКО,9
поиск,NOUN,,Acc:1|Gen:2|Ins:2|Loc:2|Nom:1,поиском,8
замена,NOUN,,Acc:1|Dat:1|Gen:2|Ins:2|Loc:1|Nom:1,замены,8
значительно,ADV,,,значительно,8
технический,ADJ,,Acc:2|Gen:2|Nom:4,технического,8
начинаться,VERB,Fin,,начинается,8
кофе,NOUN,,Acc:2|Gen:2|Ins:1|Nom:3,кофе,8
проверять,VERB,Fin,,проверяю,8
спокойно,ADV,,,спокойно,8
вспоминать,VERB,Fin,,вспоминал,8
смеяться,VERB,Fin,,смеялись,8
закончиться,VERB,Fin,,закончился,8
жалеть,VERB,Fin,,пожалел,8
сто,NUM,,Acc:3|Gen:5,ста,8
плохой,ADJ,,Dat:1|Loc:1,хуже,8
область,NOUN,,Gen:3|Loc:4|Nom:1,области,8
давление,NOUN,,Acc:2|Dat:1|Gen:2|Ins:1|Nom:2,давление,8
одежда,NOUN,,Acc:2|Dat:1|Gen:1|Nom:4,одежду,8
техника,NOUN,,Acc:3|Gen:2|Loc:1|Nom:2,технику,8
проверка,NOUN,,Acc:4|Gen:1|Nom:3,проверку,8
изучать,VERB,Fin,,изучают,8
вывод,NOUN,,Acc:2|Gen:2|Nom:4,выводы,8
физический,ADJ,,Acc:1|Gen:2|Nom:5,физическая,8
проверить,VERB,Inf,,проверить,8
отличный,ADJ,,Ins:2|Nom:4,отличная,8
специально,ADV,,,специально,8
повышение,NOUN,,Acc:1|Gen:3|Nom:4,повышения,8
образование,NOUN,,Acc:3|Dat:2|Gen:2|Nom:1,образования,8
принять,VERB,Part,Acc:1|Gen:1|Loc:1|Nom:1,принятых,8
понять,VERB,Inf,,понять,8
ресторан,NOUN,,Acc:1|Gen:1|Loc:4|Nom:2,ресторане,8
брак,NOUN,,Acc:1|Dat:2|Gen:3|Loc:1|Nom:1,брака,8
отказаться,VERB,Inf,,отказаться,8
газ,NOUN,,Acc:1|Gen:7,газа,8
подчеркивать,VERB,Fin,,подчёркивают,8
темп,NOUN,,Acc:1|Gen:3|Loc:2|Nom:2,темпы,8
масштаб,NOUN,,Acc:1|Gen:4|Loc:1|Nom:2,масштаба,8
степень,NOUN,,Dat:1|Loc:4|Nom:3,степени,8
сфера,NOUN,,Acc:2|Loc:6,сферы,8
правовой,ADJ,,Gen:2|Ins:1|Loc:1|Nom:4,правовые,8
посуда,NOUN,,Acc:3|Ins:1|Nom:4,посуду,8
суббота,NOUN,,Acc:7|Nom:1,субботу,8
тело,NOUN,,Acc:3|Gen:2|Ins:1|Nom:2,тело,8
масса,NOUN,,Acc:2|Gen:3|Loc:1|Nom:2,массе,8
способность,NOUN,,Acc:1|Gen:3|Ins:2|Nom:2,способностью,8
разумный,ADJ,,Ins:3|Nom:2,разумный,8
значит,ADV,,,значит,8
открытие,NOUN,,Gen:3|Loc:1|Nom:4,открытия,8
доступность,NOUN,,Acc:1|Gen:3|Nom:4,доступности,8
спортсмен,NOUN,,Gen:5|Nom:3,спортсмены,8
путешествие,NOUN,,Acc:1|Gen:3|Ins:1|Nom:3,путешествие,8
терять,VERB,Fin,,теряют,8
вовремя,ADV,,,вовремя,8
обратиться,VERB,Inf,,обратиться,8
понятие,NOUN,,Acc:2|Gen:3|Nom:3,понятия,8
научный,ADJ,,Acc:4|Gen:2|Loc:1|Nom:1,научное,8
мелкий,ADJ,,Acc:4|Dat:1|Gen:1|Nom:2,мельчайшие,8
заявление,NOUN,,Acc:7|Ins:1,заявление,8
почему,ADV,,,почему,8
сайт,NOUN,,Acc:2|Loc:5|Nom:1,сайте,8
комната,NOUN,,Acc:3|Dat:1|Gen:2|Loc:1|Nom:1,комнат,8
набор,NOUN,,Gen:3|Loc:1|Nom:4,набор,8
собираться,VERB,Fin,,собирается,8
занятость,NOUN,,Acc:4|Gen:3|Loc:1,занятость,8
инфраструктура,NOUN,,Acc:2|Gen:2|Ins:2|Nom:2,инфраструктурой,8
ожидание,NOUN,,Dat:1|Gen:4|Ins:1|Nom:2,ожидания,8
сложиться,VERB,Fin,,сложилась,8
работать,VERB,Inf,,работать,8
резко,ADV,,,резко,8
ранний,ADJ,,Acc:1|Dat:1|Loc:3|Nom:3,ранних,8
торговля,NOUN,,Acc:2|Dat:1|Gen:2|Loc:1|Nom:2,торговлю,8
генеративный,ADJ,,Gen:4|Ins:1|Nom:3,генеративным,8
настаивать,VERB,Fin,,настаивают,8
инструкция,NOUN,,Acc:3|Dat:2|Gen:1|Loc:1|Nom:1,инструкцию,8
никогда,ADV,,,никогда,8
стать,VERB,Inf,,стать,8
восточный,ADJ,,Acc:1|Dat:1|Gen:2|Loc:2|Nom:2,Восточный,8
правильный,ADJ,,Gen:1|Ins:1|Loc:1|Nom:3,правильнее,8
январь,NOUN,,Gen:6|Loc:2,января,8
уборка,NOUN,,Acc:1|Gen:3|Nom:4,уборки,8
оставить,VERB,Fin,,оставил,8
середина,NOUN,,Gen:1|Loc:6|Nom:1,середине,8
скучный,ADJ,,Acc:1|Ins:2|Nom:1,скучно,8
превращаться,VERB,Fin,,превращается,8
признак,NOUN,,Dat:2|Gen:4|Ins:1|Loc:1,признаку,8
написать,VERB,Fin,,Написал,8
продолжаться,VERB,Fin,,продолжаются,8
ваш,DET,,Acc:2|Gen:1|Nom:5,вашу,8
сколько,ADV,,,сколько,8
лента,NOUN,,Acc:2|Dat:1|Gen:1|Loc:1|Nom:3,Лента,8
однозначно,ADV,,,однозначно,8
монтаж,NOUN,,Acc:1|Gen:3|Ins:1|Nom:3,монтажа,8
актер,NOUN,,Acc:1|Gen:5|Nom:2,актёра,8
принцип,NOUN,,Acc:2|Dat:1|Ins:1|Loc:1|Nom:3,принцип,8
возникнуть,VERB,Fin,,возникло,8
обещать,VERB,Fin,,обещают,8
появление,NOUN,,Acc:1|Gen:4|Ins:1|Nom:2,появления,8
основать,VERB,Part,Gen:2|Nom:2,основанных,8
операция,NOUN,,Acc:2|Gen:3|Loc:1|Nom:2,операциях,8
надежный,ADJ,,Gen:1|Ins:3|Nom:2,надёжное,8
правда,ADV,,,правда,8
находка,NOUN,,Acc:1|Gen:3|Ins:1|Nom:3,находку,8
тесто,NOUN,,Acc:3|Nom:5,тесто,8
слушать,VERB,Fin,,слушаю,8
чайник,NOUN,,Acc:3|Gen:3|Nom:2,чайник,8
будильник,NOUN,,Acc:3|Dat:1|Gen:2|Nom:1,будильник,7
ключ,NOUN,,Acc:2|Gen:3|Ins:1|Nom:1,ключи,7
собака,NOUN,,Acc:2|Gen:1|Ins:2|Nom:2,собакой,7
сумка,NOUN,,Acc:5|Loc:1|Nom:1,сумку,7
память,NOUN,,Acc:3|Gen:3|Loc:1,память,7
жить,VERB,Inf,,жить,7
независимость,NOUN,,Acc:4|Gen:2|Nom:1,независимость,7
решать,VERB,Inf,,решать,7
ужин,NOUN,,Acc:4|Gen:2|Loc:1,ужин,7
расти,VERB,Fin,,растёт,7
чувство,NOUN,,Acc:1|Gen:3|Ins:1|Nom:2,чувство,7
изоляция,NOUN,,Acc:1|Dat:1|Gen:2|Loc:2|Nom:1,изоляции,7
будущее,NOUN,,Acc:2|Loc:3|Nom:2,будущее,7
покупатель,NOUN,,Acc:1|Gen:4|Nom:2,покупателя,7
продажа,NOUN,,Dat:1|Gen:1|Ins:1|Loc:1|Nom:3,продаже,7
производитель,NOUN,,Gen:4|Nom:3,производитель,7
вероятно,ADV,,,Вероятно,7
типичный,ADJ,,Acc:2|Ins:1|Nom:3,типичный,7
балкон,NOUN,,Acc:3|Gen:1|Loc:3,балкон,7
собраться,VERB,Fin,,собралась,7
брат,NOUN,,Gen:2|Ins:1|Nom:4,братьев,7
удовольствие,NOUN,,Acc:3|Gen:1|Ins:2|Nom:1,удовольствием,7
студент,NOUN,,Gen:5|Nom:2,студентов,7
столица,NOUN,,Gen:4|Loc:1|Nom:2,столице,7
метр,NOUN,,Gen:7,метров,7
дождь,NOUN,,Acc:2|Ins:2|Nom:3,дождь,7
солнечный,ADJ,,Acc:1|Gen:2|Ins:1|Nom:3,солнечная,7
поскольку,SCONJ,,,поскольку,7
молодой,ADJ,,Acc:1|Gen:2|Loc:1|Nom:3,молодого,7
использовать,VERB,Inf,,использовать,7
воспоминание,NOUN,,Acc:2|Ins:1|Loc:1|Nom:3,воспоминания,7
стоять,VERB,Inf,,стоять,7
пробка,NOUN,,Gen:2|Loc:4|Nom:1,пробках,7
неравенство,NOUN,,Acc:1|Gen:3|Loc:1|Nom:2,неравенства,7
минимальный,ADJ,,Acc:1|Gen:4|Nom:2,минимальной,7
ценность,NOUN,,Acc:2|Gen:3|Nom:2,ценностей,7
приходить,VERB,Fin,,приходили,7
сводиться,VERB,Fin,,сводятся,7
напротив,ADV,,,напротив,7
прошлое,NOUN,,Acc:3|Gen:3|Loc:1,прошлое,7
повышать,VERB,Fin,,повышают,7
отдел,NOUN,,Gen:4|Ins:1|Loc:1|Nom:1,отдела,7
заказать,VERB,Fin,,заказали,7
долгосрочный,ADJ,,Acc:2|Loc:3|Nom:2,долгосрочное,7
формироваться,VERB,Fin,,формируются,7
снижение,NOUN,,Acc:1|Gen:2|Ins:1|Nom:3,снижение,7
необходимый,ADJ,,Acc:3,необходимо,7
тарелка,NOUN,,Acc:5|Gen:1|Ins:1,тарелку,7
фон,NOUN,,Acc:1|Ins:2|Loc:4,фоне,7
экологический,ADJ,,Acc:1|Dat:1|Gen:1|Ins:2|Loc:1|Nom:1,экологических,7
пожалуй,ADV,,,пожалуй,7
образец,NOUN,,Acc:3|Ins:3|Nom:1,образцы,7
удачный,ADJ,,Gen:1|Ins:2|Loc:1|Nom:3,удачной,7
спортивный,ADJ,,Gen:1|Ins:1|Loc:1|Nom:4,спортивные,7
попытка,NOUN,,Acc:1|Gen:3|Ins:1|Nom:2,попытка,7
изначально,ADV,,,изначально,7
существование,NOUN,,Gen:4|Loc:1|Nom:2,существования,7
смерть,NOUN,,Dat:1|Gen:4|Nom:2,смерти,7
находить,VERB,Fin,,находишь,7
остановка,NOUN,,Acc:1|Gen:3|Loc:1|Nom:2,остановку,7
мастер,NOUN,,Acc:1|Gen:1|Nom:5,Мастер,7
заметить,VERB,Inf,,заметить,7
собирать,VERB,Fin,,собирают,7
цвет,NOUN,,Acc:3|Gen:1|Nom:3,цвета,7
оценить,VERB,Inf,,оценить,7
различие,NOUN,,Gen:2|Nom:5,различий,7
основа,NOUN,,Acc:2|Loc:4|Nom:1,основе,7
лето,NOUN,,Acc:1|Gen:1|Ins:3|Nom:2,лета,7
трата,NOUN,,Acc:2|Gen:2|Ins:1|Nom:2,траты,7
механизм,NOUN,,Acc:3|Gen:1|Nom:3,механизм,7
проверять,VERB,Inf,,проверять,7
институт,NOUN,,Gen:3|Loc:2|Nom:2,институтов,7
клуб,NOUN,,Acc:3|Gen:2|Loc:1|Nom:1,клубы,7
пакет,NOUN,,Acc:2|Ins:3|Nom:2,пакет,7
продолжительность,NOUN,,Gen:3|Nom:4,продолжительность,7
обязанность,NOUN,,Acc:2|Gen:2|Ins:1|Loc:1|Nom:1,обязанности,7
университет,NOUN,,Dat:1|Ins:1|Loc:3|Nom:2,университете,7
библиотека,NOUN,,Acc:1|Dat:1|Loc:2|Nom:3,библиотеку,7
правительство,NOUN,,Acc:1|Gen:3|Nom:3,правительства,7
вводить,VERB,Fin,,вводят,7
жилье,NOUN,,Gen:6|Ins:1,жильём,7
влиять,VERB,Inf,,повлиять,7
купить,VERB,Fin,,куплю,7
заканчиваться,VERB,Fin,,заканчивается,7
зрение,NOUN,,Gen:7,зрения,7
одиннадцать,NUM,,Acc:5|Gen:1|Loc:1,одиннадцать,7
промышленный,ADJ,,Acc:3|Gen:1|Nom:3,Промышленная,7
великобритания,PROPN,,Gen:1|Loc:5|Nom:1,Великобритании,7
реформа,NOUN,,Acc:1|Gen:2|Loc:1|Nom:3,реформы,7
принадлежать,VERB,Fin,,принадлежит,7
наблюдение,NOUN,,Acc:1|Gen:3|Ins:1|Nom:2,наблюдения,7
поле,NOUN,,Acc:2|Dat:1|Gen:1|Loc:2|Nom:1,поле,7
начать,VERB,Inf,,начать,7
легко,ADV,,,легко,7
радость,NOUN,,Acc:1|Gen:3|Ins:1|Nom:2,радости,7
по-прежнему,ADV,,,по-прежнему,7
авторский,ADJ,,Dat:1|Gen:2|Ins:1|Loc:1|Nom:2,авторских,7
согласие,NOUN,,Dat:1|Gen:3|Loc:3,согласия,7
совершенно,ADV,,,совершенно,7
белок,NOUN,,Acc:1|Gen:6,белка,7
мясо,NOUN,,Acc:2|Gen:4|Nom:1,мяса,7
вкус,NOUN,,Acc:3|Dat:1|Gen:3,вкус,7
родственник,NOUN,,Dat:2|Gen:3|Ins:1|Nom:1,родственники,7
бытовой,ADJ,,Acc:2|Gen:1|Loc:1|Nom:3,бытовая,7
одинаково,ADV,,,одинаково,7
платить,VERB,Inf,,платить,7
свежий,ADJ,,Acc:2|Gen:3|Ins:1|Nom:1,свежей,7
проводить,VERB,Fin,,проводились,7
глаз,NOUN,,Acc:2|Gen:1|Ins:2|Loc:1|Nom:1,глаза,7
утверждение,NOUN,,Acc:1|Gen:1|Nom:5,утверждение,7
десятый,ADJ,,Acc:2|Gen:4|Nom:1,десятого,7
последующий,ADJ,,Acc:4|Nom:3,последующие,7
реагировать,VERB,Fin,,отреагировали,7
ввести,VERB,Fin,,ввели,7
понадобиться,VERB,Fin,,понадобится,7
обращаться,VERB,Fin,,обращались,7
состав,NOUN,,Acc:2|Gen:2|Loc:1|Nom:2,состав,7
воспринимать,VERB,Fin,,воспринимали,7
рассказ,NOUN,,Acc:2|Dat:1|Gen:2|Nom:2,рассказов,7
художественный,ADJ,,Gen:4|Ins:1|Nom:2,художественных,7
легенда,NOUN,,Ins:2|Loc:1|Nom:4,легенда,7
ставка,NOUN,,Acc:3|Gen:2|Nom:2,ставка,7
медленно,ADV,,,медленно,7
роман,NOUN,,Acc:2|Gen:1|Ins:1|Loc:1|Nom:2,Романы,7
прогноз,NOUN,,Acc:2|Dat:1|Gen:1|Nom:3,прогнозу,7
версия,NOUN,,Acc:3|Dat:1|Nom:3,версии,7
случайно,ADV,,,случайно,7
учеба,NOUN,,Acc:2|Dat:1|Gen:2|Loc:2,учёбы,7
быть,VERB,Inf,,быть,7
объяснять,VERB,Inf,,объяснять,7
серия,NOUN,,Acc:2|Ins:1|Loc:3|Nom:1,серии,7
станция,NOUN,,Acc:2|Dat:1|Gen:2|Loc:2,станции,7
спутник,NOUN,,Acc:2|Gen:4|Loc:1,спутников,7
показатель,NOUN,,Acc:3|Gen:3|Loc:1,показателях,7
урок,NOUN,,Gen:3|Nom:4,уроков,7
пробовать,VERB,Inf,,попробовать,7
временный,ADJ,,Acc:4|Dat:1|Nom:2,временные,7
далекий,ADJ,,Acc:1|Dat:1|Gen:3|Ins:2,далёким,7
подготовка,NOUN,,Dat:1|Gen:2|Nom:4,подготовка,7
прежний,ADJ,,Acc:3|Dat:1|Gen:2|Loc:1,прежней,7
княжество,NOUN,,Gen:5|Loc:1|Nom:1,княжеств,7
чей,DET,,Gen:1|Nom:6,чьи,7
контакт,NOUN,,Gen:2|Ins:3|Loc:1|Nom:1,контактов,7
спать,VERB,Fin,,Спал,7
народный,ADJ,,Gen:2|Nom:5,народной,7
песня,NOUN,,Acc:1|Gen:2|Loc:1|Nom:3,песен,7
искать,VERB,Inf,,искать,7
ехать,VERB,Fin,,едут,7
рецепт,NOUN,,Acc:1|Dat:2|Gen:2|Nom:2,рецепту,7
провести,VERB,Fin,,провёл,7
открытый,ADJ,,Acc:1|Gen:2|Ins:3|Nom:1,открытым,7
вдруг,ADV,,,вдруг,7
различать,VERB,Inf,,различать,7
элемент,NOUN,,Acc:1|Gen:2|Ins:2|Nom:2,элементы,7
спросить,VERB,Fin,,Спросила,7
2021,ADJ,,,2021,7
опубликовать,VERB,Part,Dat:1|Nom:3,опубликованным,7
храм,NOUN,,Dat:2|Gen:1|Loc:3|Nom:1,храм,7
американский,ADJ,,Acc:1|Gen:1|Ins:1|Loc:1|Nom:3,американский,7
июль,NOUN,,Gen:6|Loc:1,июля,7
любить,VERB,Fin,,любят,7
обратно,ADV,,,обратно,6
создание,NOUN,,Acc:1|Dat:2|Gen:2|Nom:1,создание,6
ценить,VERB,Fin,,ценит,6
расти,VERB,Part,Acc:2|Gen:2|Nom:2,растущее,6
отказ,NOUN,,Acc:2|Gen:1|Ins:1|Nom:2,отказом,6
течение,NOUN,,Acc:5|Gen:1,течение,6
возврат,NOUN,,Gen:5|Nom:1,возврата,6
ремонт,NOUN,,Acc:2|Gen:2|Nom:2,ремонта,6
дорожный,ADJ,,Gen:2|Loc:1|Nom:1,дорожно,6
скорость,NOUN,,Acc:3|Gen:1|Ins:1|Nom:1,скорости,6
скептик,NOUN,,Nom:6,скептики,6
юридический,ADJ,,Acc:1|Gen:3|Ins:1|Nom:1,юридические,6
ноутбук,NOUN,,Acc:5|Nom:1,ноутбук,6
почта,NOUN,,Acc:3|Gen:1|Loc:1|Nom:1,почту,6
прогулка,NOUN,,Acc:2|Ins:1|Nom:3,прогулка,6
выйти,VERB,Inf,,выйти,6
стена,NOUN,,Gen:1|Loc:5,стенах,6
всего,PART,,,всего,6
заходить,VERB,Fin,,Захожу,6
хлеб,NOUN,,Acc:1|Dat:1|Ins:1|Nom:3,хлеб,6
молоко,NOUN,,Acc:1|Ins:1|Loc:2|Nom:2,молоко,6
да,CCONJ,,,да,6
уж,PART,,,уж,6
балл,NOUN,,Acc:1|Gen:4|Nom:1,баллов,6
составить,VERB,Fin,,составит,6
сохраниться,VERB,Fin,,сохранится,6
рекомендовать,VERB,Fin,,рекомендуют,6
специальный,ADJ,,Acc:1|Gen:1|Loc:1|Nom:3,Специальные,6
мебель,NOUN,,Acc:3|Gen:2|Nom:1,мебель,6
тренировка,NOUN,,Acc:1|Gen:3|Ins:1|Nom:1,тренировка,6
купить,VERB,Inf,,купить,6
куртка,NOUN,,Acc:4|Gen:1|Ins:1,куртку,6
узнать,VERB,Fin,,узнали,6
жаркий,ADJ,,Acc:3|Gen:1|Loc:1|Nom:1,жаркие,6
кризис,NOUN,,Gen:3|Ins:1|Loc:1|Nom:1,кризисами,6
трудность,NOUN,,Acc:1|Ins:2|Nom:3,трудностями,6
имущество,NOUN,,Acc:1|Gen:3|Nom:2,имущество,6
сезонный,ADJ,,Acc:2|Gen:1|Ins:2|Nom:1,сезонных,6
больший,ADJ,,Acc:1|Dat:1|Gen:1|Ins:1|Loc:2,большей,6
окружение,NOUN,,Acc:1|Gen:1|Loc:2|Nom:2,Окружение,6
спрашивать,VERB,Inf,,спрашивать,6
видео,NOUN,,Acc:1|Dat:1|Gen:2|Loc:1|Nom:1,видео,6
называть,VERB,Part,Acc:1|Gen:3|Nom:2,называемых,6
запись,NOUN,,Acc:2|Gen:2|Nom:2,записей,6
помочь,VERB,Inf,,помочь,6
мышление,NOUN,,Gen:3|Nom:3,мышление,6
цифровой,ADJ,,Acc:1|Gen:3|Loc:1|Nom:1,цифровая,6
шкаф,NOUN,,Acc:3|Gen:1|Loc:1|Nom:1,шкафы,6
сбор,NOUN,,Acc:2|Gen:2|Nom:2,сборы,6
площадь,NOUN,,Dat:2|Gen:1|Ins:1|Loc:1|Nom:1,площадь,6
мозг,NOUN,,Gen:3|Loc:1|Nom:2,Мозг,6
реклама,NOUN,,Dat:1|Gen:3|Loc:1|Nom:1,реклама,6
выйти,VERB,Fin,,вышла,6
природный,ADJ,,Gen:3|Ins:1|Nom:2,природных,6
ресурс,NOUN,,Acc:1|Dat:1|Gen:2|Ins:2,ресурсов,6
след,NOUN,,Acc:3|Gen:2|Loc:1,следе,6
философский,ADJ,,Acc:3|Gen:1|Ins:1|Nom:1,философские,6
эмоция,NOUN,,Acc:1|Ins:2|Nom:3,эмоциями,6
олимпийский,ADJ,,Acc:2|Nom:4,Олимпийские,6
спустя,ADP,,,спустя,6
ровно,ADV,,,ровно,6
организатор,NOUN,,Gen:1|Nom:5,организаторы,6
глубоко,ADV,,,глубоко,6
исследователь,NOUN,,Gen:1|Nom:5,Исследователи,6
полчаса,NOUN,,Acc:5|Nom:1,полчаса,6
заметить,VERB,Fin,,заметил,6
раковина,NOUN,,Acc:2|Ins:2|Loc:2,раковиной,6
звонок,NOUN,,Acc:2|Dat:2|Gen:1|Nom:1,звонка,6
стресс,NOUN,,Acc:1|Gen:1|Ins:2|Nom:2,Стресс,6
самочувствие,NOUN,,Acc:3|Dat:1|Gen:1|Loc:1,самочувствие,6
мешать,VERB,Fin,,мешает,6
виртуальный,ADJ,,Acc:2|Gen:2|Loc:1|Nom:1,виртуальной,6
самостоятельный,ADJ,,Acc:1|Ins:3|Loc:1|Nom:1,самостоятельной,6
рамка,NOUN,,Acc:5|Loc:1,рамки,6
окружать,VERB,Part,Acc:1|Dat:2|Gen:1|Ins:1|Loc:1,окружающего,6
достаточно,ADV,,,достаточно,6
непонятный,ADJ,,Acc:1|Nom:1,непонятно,6
всякий,DET,,Acc:2|Gen:4,всякий,6
возвращаться,VERB,Fin,,возвращается,6
участие,NOUN,,Acc:1|Gen:3|Nom:2,участия,6
комиссия,NOUN,,Acc:1|Gen:2|Ins:1|Nom:2,комиссией,6
положение,NOUN,,Acc:4|Gen:1|Nom:1,положения,6
неудача,NOUN,,Acc:2|Gen:2|Ins:1|Nom:1,неудачу,6
выплата,NOUN,,Acc:2|Nom:4,выплаты,6
то,PART,,,то,6
выясниться,VERB,Fin,,выяснилось,6
подходить,VERB,Fin,,подходит,6
явно,ADV,,,явно,6
тихо,ADV,,,тихо,6
будто,PART,,,будто,6
близко,ADV,,,Ближе,6
случиться,VERB,Fin,,случится,6
холодный,ADJ,,Acc:1|Gen:1|Ins:2|Nom:2,холодная,6
соль,NOUN,,Acc:1|Gen:5,соли,6
пояс,NOUN,,Gen:4|Ins:1|Loc:1,поясов,6
заменить,VERB,Inf,,заменить,6
недавно,ADV,,,недавно,6
двор,NOUN,,Acc:1|Gen:1|Loc:3|Nom:1,дворе,6
диван,NOUN,,Acc:2|Loc:1|Nom:3,диван,6
толком,ADV,,,толком,6
рассказать,VERB,Fin,,Рассказал,6
местность,NOUN,,Acc:1|Gen:3|Loc:2,местности,6
этап,NOUN,,Acc:1|Dat:1|Ins:3|Nom:1,этапом,6
понедельник,NOUN,,Acc:4|Gen:2,понедельника,6
пересмотреть,VERB,Inf,,пересмотреть,6
воля,NOUN,,Acc:1|Gen:5,воли,6
дать,VERB,Fin,,дала,6
матч,NOUN,,Acc:2|Gen:1|Loc:1|Nom:2,матча,6
незнакомый,ADJ,,Acc:1|Ins:1|Loc:2|Nom:2,незнакомые,6
философия,NOUN,,Gen:1|Loc:1|Nom:4,философии,6
столетие,NOUN,,Acc:1|Gen:4|Nom:1,столетий,6
являться,VERB,Fin,,является,6
рассматривать,VERB,Fin,,рассматривается,6
поддерживать,VERB,Inf,,поддерживать,6
шаг,NOUN,,Acc:2|Gen:3|Loc:1,шагов,6
иностранный,ADJ,,Acc:2|Gen:1|Loc:2|Nom:1,иностранных,6
пункт,NOUN,,Acc:1|Gen:4|Nom:1,пункта,6
подтвердить,VERB,Part,Acc:1|Gen:2|Nom:1,подтверждены,6
обсуждение,NOUN,,Acc:1|Gen:1|Nom:4,обсуждение,6
произойти,VERB,Fin,,произошли,6
сохранять,VERB,Inf,,сохранять,6
стратегия,NOUN,,Acc:2|Gen:2|Loc:1|Nom:1,стратегию,6
заставить,VERB,Fin,,заставила,6
славянский,ADJ,,Acc:2|Gen:3|Loc:1,славянских,6
православный,ADJ,,Gen:2|Loc:3|Nom:1,православных,6
оценивать,VERB,Fin,,оценивают,6
подписка,NOUN,,Gen:2|Loc:1|Nom:3,подписки,6
сказка,NOUN,,Gen:2|Nom:4,сказок,6
поздний,ADJ,,Acc:1|Dat:2|Gen:1|Nom:2,позднейшим,6
российский,ADJ,,Gen:3|Loc:1|Nom:2,Российской,6
владимир,PROPN,,Acc:2|Gen:3|Nom:1,Владимира,6
оформление,NOUN,,Acc:1|Dat:1|Gen:2|Ins:1|Loc:1,оформлению,6
дойти,VERB,Fin,,дошёл,6
процентный,ADJ,,Acc:4|Gen:1|Nom:1,процентная,6
зеленый,ADJ,,Acc:1|Gen:2|Ins:1|Nom:2,зелёных,6
малый,ADJ,,Dat:1|Gen:2|Ins:1,меньше,6
расположение,NOUN,,Acc:2|Dat:2|Nom:2,расположение,6
горшок,NOUN,,Acc:4|Loc:2,горшки,6
черновик,NOUN,,Acc:3|Gen:3,черновиков,6
китай,PROPN,,Gen:2|Loc:4,Китае,6
дешевый,ADJ,,Acc:1|Dat:1|Ins:1|Nom:2,дешёвой,6
вход,NOUN,,Acc:1|Gen:3|Ins:1|Loc:1,входа,6
перейти,VERB,Fin,,перешли,6
висеть,VERB,Fin,,висели,6
любимый,ADJ,,Dat:1|Gen:3|Loc:1|Nom:1,любимого,6
успех,NOUN,,Acc:1|Dat:1|Gen:1|Ins:2|Nom:1,успехами,6
оформить,VERB,Fin,,оформил,6
палец,NOUN,,Dat:2|Gen:3|Ins:1,пальцем,6
прямой,ADJ,,Acc:2|Gen:2|Ins:1|Nom:1,прямого,6
игровой,ADJ,,Acc:2|Dat:1|Gen:2|Nom:1,игрового,6
строгий,ADJ,,Acc:1|Dat:1|Gen:2|Loc:2,строгого,6
километр,NOUN,,Gen:6,километров,6
успевать,VERB,Fin,,успевают,6
предложение,NOUN,,Acc:3|Gen:1|Loc:1|Nom:1,предложения,6
мода,NOUN,,Acc:1|Gen:3|Nom:2,моды,6
ясный,ADJ,,,ясно,6
отличаться,VERB,Fin,,отличается,6
вымышленный,ADJ,,Acc:3|Ins:1|Loc:1|Nom:1,вымышленным,6
валюта,NOUN,,Dat:1|Gen:3|Loc:2,валюты,6
частный,ADJ,,Acc:1|Gen:2|Loc:1|Nom:2,частные,6
ход,NOUN,,Dat:2|Ins:1|Loc:2|Nom:1,ходе,6
повторяться,VERB,Part,Acc:1|Gen:5,повторяющихся,6
торговый,ADJ,,Acc:1|Gen:1|Loc:1|Nom:3,торговые,6
прежде,ADV,,,прежде,6
жест,NOUN,,Acc:1|Gen:2|Nom:3,жест,6
передавать,VERB,Fin,,передавали,6
союз,NOUN,,Acc:1|Loc:2|Nom:3,союзы,6
московский,ADJ,,Gen:1|Ins:1|Nom:4,Московское,6
доска,NOUN,,Dat:2|Loc:3|Nom:1,доске,6
лучший,ADJ,,Acc:1|Ins:2|Loc:1|Nom:2,лучшем,6
xix,ADJ,,,XIX,6
строительство,NOUN,,Acc:1|Dat:1|Gen:1|Loc:1|Nom:2,строительству,6
класс,NOUN,,Gen:2|Loc:2|Nom:2,класс,6
надо,ADV,,,надо,6
замечать,VERB,Fin,,замечали,6
преимущество,NOUN,,Acc:3|Gen:1|Nom:2,преимущества,6
сравнивать,VERB,Inf,,сравнивать,6
памятник,NOUN,,Acc:2|Dat:1|Gen:1|Nom:2,памятники,6
гипотеза,NOUN,,Gen:1|Ins:2|Nom:3,гипотез,6
диалект,NOUN,,Ins:1|Loc:1|Nom:4,диалекты,6
страница,NOUN,,Acc:4|Gen:1|Nom:1,страницы,6
больница,NOUN,,Acc:2|Gen:2|Loc:2,больницу,6
чемодан,NOUN,,Acc:2|Ins:1|Nom:3,чемодан,6
ложка,NOUN,,Acc:1|Gen:1|Ins:3|Nom:1,ложки,6
никуда,ADV,,,никуда,6
переехать,VERB,Fin,,переехали,6
вернуться,VERB,Fin,,вернусь,6
подчеркнить,VERB,Fin,,Подчеркнём,6
придумать,VERB,Part,,придуманы,6
статус,NOUN,,Acc:2|Gen:1|Loc:1|Nom:2,статуса,6
триста,NUM,,Acc:1|Gen:4|Nom:1,трёхсот,6
девять,NUM,,Dat:1|Gen:4|Nom:1,девяти,6
взрослый,NOUN,,Dat:3|Gen:1|Ins:1|Nom:1,взрослым,6
2020,ADJ,,,2020,6
март,NOUN,,Gen:4|Loc:2,марте,6
11,NUM,,,11,6
трудовой,ADJ,,Acc:1|Gen:4|Nom:1,трудовой,6
финал,NOUN,,Acc:1|Gen:1|Loc:3|Nom:1,финала,6
отец,NOUN,,Gen:2|Ins:1|Nom:3,отца,6
деревня,NOUN,,Ins:2|Loc:3|Nom:1,деревней,6
нет,PART,,,Нет,6
выборы,NOUN,,Loc:3|Nom:3,выборы,6
прибор,NOUN,,Acc:4|Ins:1|Nom:1,приборы,6
карман,NOUN,,Acc:1|Dat:3|Nom:1,карманам,5
все-таки,PART,,,всё-таки,5
чувствовать,VERB,Fin,,чувствовал,5
предпочитать,VERB,Fin,,предпочитают,5
откладывать,VERB,Fin,,откладывает,5
готовить,VERB,Inf,,готовить,5
домохозяйство,NOUN,,Acc:1|Gen:4,домохозяйств,5
подойти,VERB,Fin,,подошёл,5
потребитель,NOUN,,Gen:4|Nom:1,потребитель,5
сохранить,VERB,Fin,,сохранил,5
обмен,NOUN,,Dat:2|Gen:3,обмена,5
категория,NOUN,,Acc:2|Gen:1|Nom:2,категории,5
действовать,VERB,Fin,,действуют,5
утверждать,VERB,Fin,,утверждают,5
ограниченный,ADJ,,Ins:3|Nom:2,ограниченными,5
владелец,NOUN,,Gen:3|Nom:2,владелец,5
закрывать,VERB,Fin,,закрываю,5
восемьдесят,NUM,,Acc:1|Dat:1|Gen:1|Nom:2,восемьдесят,5
едва,ADV,,,едва,5
согласиться,VERB,Fin,,согласились,5
итоговый,ADJ,,Acc:1|Loc:1|Nom:3,итоговую,5
сдача,NOUN,,Acc:4|Ins:1,сдачу,5
указать,VERB,Part,Acc:1|Dat:1,указана,5
довольный,ADJ,,Nom:2,доволен,5
преподаватель,NOUN,,Dat:1|Gen:1|Nom:3,Преподаватель,5
обидный,ADJ,,Nom:2,Обидно,5
экзамен,NOUN,,Dat:1|Ins:3|Nom:1,экзаменом,5
градус,NOUN,,Gen:5,градусов,5
вечерний,ADJ,,Acc:4|Nom:1,вечерние,5
часы,NOUN,,Acc:2|Nom:3,часы,5
ветер,NOUN,,Dat:1|Gen:1|Ins:1|Nom:2,ветра,5
сухой,ADJ,,Gen:1|Nom:4,сухая,5
специалист,NOUN,,Acc:1|Dat:1|Nom:3,Специалисты,5
выбирать,VERB,Fin,,выбирают,5
популярность,NOUN,,Acc:3|Gen:1|Nom:1,популярность,5
повторный,ADJ,,Acc:2|Gen:2|Nom:1,повторного,5
потребление,NOUN,,Dat:1|Gen:3|Nom:1,потреблению,5
лишний,ADJ,,Acc:1|Gen:3|Ins:1,лишних,5
полноценный,ADJ,,Gen:1|Ins:3|Nom:1,полноценный,5
отдых,NOUN,,Acc:1|Gen:2|Nom:2,отдых,5
эффективный,ADJ,,,эффективнее,5
спортзал,NOUN,,Acc:5,спортзал,5
ехать,VERB,Inf,,ехать,5
снижать,VERB,Fin,,снижает,5
отчасти,ADV,,,отчасти,5
столько,SCONJ,,,столько,5
длительный,ADJ,,Acc:1|Dat:1|Gen:2|Nom:1,длительной,5
удивление,NOUN,,Acc:5,удивление,5
стабильный,ADJ,,Acc:1|Gen:1|Ins:2,стабильное,5
земледелие,NOUN,,Acc:1|Dat:1|Gen:1|Ins:1|Nom:1,земледелие,5
учет,NOUN,,Acc:2|Ins:3,учётом,5
планета,NOUN,,Acc:1|Gen:3|Loc:1,планете,5
деятельность,NOUN,,Gen:2|Ins:1|Loc:1|Nom:1,деятельностью,5
приводить,VERB,Fin,,приводит,5
тепло,NOUN,,Acc:4|Nom:1,тепло,5
океан,NOUN,,Gen:4|Nom:1,океана,5
психология,NOUN,,Loc:2|Nom:3,психологии,5
психологический,ADJ,,Gen:4|Nom:1,психологические,5
инфляция,NOUN,,Gen:1|Nom:4,Инфляция,5
выглядеть,VERB,Inf,,выглядеть,5
выгодный,ADJ,,Dat:1,выгодно,5
обязательный,ADJ,,Acc:3|Gen:1|Nom:1,обязательную,5
газета,NOUN,,Ins:1|Loc:1|Nom:3,газетой,5
надеяться,VERB,Fin,,Надеюсь,5
обладать,VERB,Fin,,обладает,5
ткань,NOUN,,Acc:1|Gen:1|Ins:1|Nom:2,ткань,5
использовать,VERB,Part,Dat:1|Gen:3,используемой,5
гора,NOUN,,Acc:2|Gen:1|Loc:1|Nom:1,горах,5
пластиковый,ADJ,,Gen:3|Loc:1|Nom:1,пластикового,5
невозможный,ADJ,,,невозможно,5
выбирать,VERB,Inf,,выбирать,5
творческий,ADJ,,Acc:1|Loc:1|Nom:3,творческой,5
четвертый,ADJ,,Acc:1|Gen:3|Nom:1,четвёртого,5
дань,NOUN,,Acc:1|Gen:3|Ins:1,данью,5
символ,NOUN,,Acc:1|Gen:3|Nom:1,символов,5
выходной,ADJ,,Acc:3|Dat:1|Gen:1,выходных,5
окончание,NOUN,,Acc:1|Gen:2|Ins:1|Loc:1,окончанием,5
узкий,ADJ,,Acc:1|Gen:1|Ins:1|Loc:1|Nom:1,узкое,5
очевидный,ADJ,,Nom:2,очевидно,5
труба,NOUN,,Acc:3|Gen:2,трубу,5
заодно,ADV,,,Заодно,5
опять,ADV,,,опять,5
упражнение,NOUN,,Dat:1|Gen:1|Nom:3,упражнения,5
киберспорт,NOUN,,Acc:3|Dat:1|Nom:1,киберспорт,5
фонд,NOUN,,Acc:1|Gen:2|Nom:2,фонды,5
понимание,NOUN,,Acc:1|Gen:2|Ins:1|Nom:1,понимания,5
распространяться,VERB,Fin,,распространяется,5
туман,NOUN,,Ins:1|Nom:4,Туман,5
как-то,ADV,,,как-то,5
завести,VERB,Fin,,завёл,5
привыкнуть,VERB,Fin,,привык,5
ближайший,ADJ,,Acc:3|Gen:1|Loc:1,ближайшем,5
свести,VERB,Inf,,свести,5
ослабление,NOUN,,Acc:1|Ins:1|Nom:3,ослабление,5
сохранять,VERB,Fin,,сохраняет,5
вера,NOUN,,Acc:2|Gen:1|Ins:1|Loc:1,веру,5
какой-либо,DET,,Dat:2|Gen:1|Loc:2,какой-либо,5
заведение,NOUN,,Gen:3|Nom:2,заведения,5
планировать,VERB,Fin,,планирует,5
подача,NOUN,,Gen:4|Nom:1,подачи,5
уточнить,VERB,Inf,,уточнить,5
подписание,NOUN,,Gen:2|Ins:3,подписанием,5
внимательно,ADV,,,внимательно,5
пароль,NOUN,,Acc:2|Gen:1|Nom:2,пароль,5
мгновенно,ADV,,,мгновенно,5
снег,NOUN,,Gen:2|Ins:1|Nom:2,снег,5
миска,NOUN,,Acc:4|Loc:1,мисках,5
посещение,NOUN,,Acc:1|Gen:2|Loc:1|Nom:1,посещения,5
корпус,NOUN,,Acc:3|Loc:2,корпуса,5
будущий,ADJ,,Gen:1|Ins:2|Loc:1|Nom:1,будущими,5
расширение,NOUN,,Acc:1|Gen:1|Loc:2|Nom:1,расширения,5
помещение,NOUN,,Gen:4|Loc:1,помещений,5
перспектива,NOUN,,Acc:1|Gen:1|Loc:3,перспективе,5
миграция,NOUN,,Gen:1|Nom:4,миграция,5
адаптация,NOUN,,Acc:2|Dat:1|Gen:1|Ins:1,адаптацию,5
идти,VERB,Inf,,идти,5
садиться,VERB,Fin,,сажусь,5
яйцо,NOUN,,Acc:1|Gen:1|Nom:3,яиц,5
масло,NOUN,,Acc:1|Gen:2|Ins:2,масла,5
часовой,ADJ,,Gen:3|Ins:1|Loc:1,часовых,5
переезд,NOUN,,Acc:2|Gen:1|Nom:2,переезды,5
редкий,ADJ,,Ins:1|Nom:4,редким,5
полтора,NUM,,Acc:4|Nom:1,полтора,5
никакой,DET,,Gen:4|Nom:1,никакой,5
революция,NOUN,,Gen:2|Ins:1|Nom:2,революция,5
охрана,NOUN,,Acc:1|Gen:1|Ins:1|Loc:1|Nom:1,охраны,5
формирование,NOUN,,Gen:2|Loc:2|Nom:1,формирования,5
байкал,PROPN,,Loc:1|Nom:4,Байкал,5
глубокий,ADJ,,Gen:1|Ins:1|Nom:2,глубокое,5
занимать,VERB,Fin,,занимали,5
овощ,NOUN,,Acc:2|Gen:2|Ins:1,овощей,5
принести,VERB,Fin,,принёс,5
вес,NOUN,,Nom:5,вес,5
художник,NOUN,,Gen:1|Nom:4,художники,5
дальний,ADJ,,Gen:1|Ins:1|Loc:3,дальнем,5
сектор,NOUN,,Acc:1|Dat:1|Gen:1|Loc:1|Nom:1,секторе,5
крик,NOUN,,Acc:1|Gen:1|Ins:2|Nom:1,криком,5
протяжение,NOUN,,Loc:5,протяжении,5
добавить,VERB,Fin,,добавили,5
аргумент,NOUN,,Acc:2|Gen:1|Nom:2,аргумент,5
против,ADP,,,против,5
сложность,NOUN,,Acc:2|Gen:2|Nom:1,сложности,5
привлекать,VERB,Fin,,привлекают,5
автоматически,ADV,,,автоматически,5
тем,SCONJ,,,тем,5
исключительно,ADV,,,исключительно,5
носитель,NOUN,,Acc:1|Gen:3|Ins:1,носителей,5
жить,VERB,Part,Gen:1|Ins:2|Loc:1|Nom:1,живущими,5
тесный,ADJ,,Acc:1|Nom:1,тесные,5
содержание,NOUN,,Acc:1|Gen:2|Ins:1|Loc:1,содержание,5
привлечь,VERB,Inf,,привлечь,5
жиль,NOUN,,Acc:4|Nom:1,жильё,5
потеря,NOUN,,Gen:1|Loc:2|Nom:2,потери,5
этика,NOUN,,Gen:1|Ins:2|Loc:2,этике,5
термин,NOUN,,Gen:1|Ins:1|Nom:3,термин,5
исторически,ADV,,,исторически,5
пользоваться,VERB,Inf,,пользоваться,5
управление,NOUN,,Gen:5,управления,5
трава,NOUN,,Gen:1|Loc:3|Nom:1,траве,5
полоса,NOUN,,Acc:1|Gen:1|Ins:1|Loc:2,полосу,5
пользоваться,VERB,Fin,,пользовался,5
пустой,ADJ,,Acc:2|Ins:1|Nom:1,пустые,5
выход,NOUN,,Gen:4|Nom:1,выхода,5
кинотеатр,NOUN,,Acc:1|Gen:2|Loc:2,кинотеатра,5
спорить,VERB,Fin,,спорили,5
ученик,NOUN,,Dat:1|Gen:3|Nom:1,учеников,5
сохраняться,VERB,Fin,,сохранялась,5
снимок,NOUN,,Acc:3|Gen:2,снимков,5
медицинский,ADJ,,Acc:2|Gen:2|Ins:1,медицинскую,5
лекарство,NOUN,,Acc:1|Gen:1|Ins:1|Loc:1|Nom:1,лекарства,5
пол,NOUN,,Acc:2|Gen:1|Loc:2,пол,5
заново,ADV,,,заново,5
перепутать,VERB,Fin,,перепутали,5
переписка,NOUN,,Acc:1|Gen:2|Nom:2,переписку,5
встречаться,VERB,Fin,,встречаются,5
включить,VERB,Part,Acc:1|Nom:1,включён,5
весь,PRON,,Loc:5,всём,5
писатель,NOUN,,Gen:4|Nom:1,писателей,5
соединять,VERB,Fin,,соединял,5
стихи,NOUN,,Acc:1|Nom:4,стихи,5
узнавать,VERB,Fin,,узнаются,5
море,NOUN,,Acc:1|Gen:1|Loc:3,море,5
неприятный,ADJ,,Acc:1|Ins:1|Nom:3,неприятным,5
рекомендация,NOUN,,Acc:1|Gen:1|Ins:1|Loc:1|Nom:1,рекомендациями,5
представитель,NOUN,,Acc:1|Gen:1|Ins:1|Nom:2,представителей,5
суп,NOUN,,Acc:2|Gen:1|Nom:2,супа,5
впоследствии,ADV,,,впоследствии,5
двадцатый,ADJ,,Acc:1|Gen:4,двадцатые,5
точность,NOUN,,Acc:1|Dat:1|Gen:2|Ins:1,точность,5
плотный,ADJ,,Acc:1|Gen:1|Nom:3,плотная,5
давать,VERB,Inf,,давать,5
переводить,VERB,Fin,,переводят,5
закрыть,VERB,Part,Ins:2,закрыты,5
готовить,VERB,Fin,,готовлюсь,5
конвенция,NOUN,,Gen:1|Loc:2|Nom:2,конвенции,5
официально,ADV,,,официально,5
недостаточный,ADJ,,Ins:1,недостаточным,5
разрешение,NOUN,,Acc:1|Gen:4,разрешения,5
издательство,NOUN,,Dat:1|Gen:3|Nom:1,издательству,5
печатный,ADJ,,Acc:2|Gen:2|Nom:1,печатный,5
применять,VERB,Fin,,применялись,5
вклад,NOUN,,Acc:4|Nom:1,Вклад,5
быстрый,ADJ,,Acc:1|Gen:1|Ins:1|Nom:2,быстрой,5
горячий,ADJ,,Acc:1|Gen:2|Ins:1|Nom:1,горячего,5
белый,ADJ,,Acc:1|Gen:1|Loc:3,белом,5
когда-то,ADV,,,когда-то,5
уметь,VERB,Fin,,умеют,5
рисунок,NOUN,,Acc:1|Gen:1|Nom:3,рисунок,5
критерий,NOUN,,Acc:1|Dat:1|Gen:2|Nom:1,критериям,5
нормально,ADV,,,нормально,5
регулировать,VERB,Fin,,регулируются,5
неточный,ADJ,,Acc:1|Ins:1,неточно,5
исполнение,NOUN,,Acc:1|Gen:2|Loc:1|Nom:1,исполнение,5
настолько,ADV,,,настолько,5
издержка,NOUN,,Acc:2|Gen:1|Ins:1|Nom:1,издержки,5
верный,ADJ,,Acc:1|Gen:1|Ins:1,верно,5
судить,VERB,Inf,,Судить,5
космический,ADJ,,Acc:1|Dat:1|Gen:1|Loc:1|Nom:1,космической,5
ракета,NOUN,,Gen:3|Nom:2,ракет,5
орбита,NOUN,,Acc:3|Loc:2,орбиту,5
дача,NOUN,,Gen:1|Loc:4,даче,5
оценивать,VERB,Inf,,оценивать,5
алгоритм,NOUN,,Acc:1|Gen:1|Ins:1|Nom:2,алгоритм,5
русь,PROPN,,Acc:1|Gen:4,Руси,5
развиваться,VERB,Fin,,развивались,5
восточнославянский,ADJ,,Gen:3|Loc:2,восточнославянских,5
золотой,ADJ,,Gen:3|Nom:2,Золотой,5
ордынский,ADJ,,Acc:1|Gen:1|Ins:2|Nom:1,ордынской,5
великий,ADJ,,Acc:1|Gen:1|Ins:1|Loc:1|Nom:1,Великого,5
опрос,NOUN,,Gen:3|Nom:2,Опросы,5
сокращать,VERB,Fin,,сокращает,5
обязанный,ADJ,,,обязаны,5
организовывать,VERB,Fin,,организуют,5
раскопка,NOUN,,Acc:1|Gen:1|Nom:3,раскопки,5
признание,NOUN,,Acc:2|Dat:1|Gen:2,признания,5
лист,NOUN,,Acc:2|Gen:1|Nom:2,лист,5
муж,NOUN,,Gen:1|Nom:4,муж,5
справедливый,ADJ,,Ins:3,справедливым,5
вряд,ADV,,,вряд,5
совпадать,VERB,Fin,,совпадает,5
исходный,ADJ,,Acc:1|Gen:3|Loc:1,исходных,5
присутствие,NOUN,,Acc:1|Nom:4,присутствие,5
существо,NOUN,,Dat:3|Gen:1|Ins:1,существом,5
сверху,ADV,,,сверху,5
слышный,ADJ,,,слышно,5
объяснить,VERB,Fin,,объяснила,5
восток,PROPN,,Gen:1|Loc:4,Востоке,5
подсчет,NOUN,,Gen:5,подсчёта,5
средство,NOUN,,Acc:1|Ins:2|Loc:1|Nom:1,средствами,5
святой,ADJ,,Gen:4|Ins:1,святого,5
японский,ADJ,,Loc:3|Nom:2,японских,5
бояться,VERB,Fin,,боятся,5
писать,VERB,Part,Loc:1,написаны,5
чтение,NOUN,,Acc:1|Gen:2|Loc:2,чтении,5
достаться,VERB,Fin,,досталось,5
заменять,VERB,Fin,,заменяют,5
значок,NOUN,,Acc:1|Gen:1|Nom:3,значков,5
травма,NOUN,,Acc:1|Gen:1|Ins:1|Loc:1|Nom:1,травм,5
цепочка,NOUN,,Gen:3|Loc:1|Nom:1,цепочки,5
внимательный,ADJ,,Ins:1|Loc:2|Nom:1,внимательное,5
формула,NOUN,,Acc:1|Dat:1|Gen:2|Nom:1,формулы,5
перечитать,VERB,Fin,,перечитала,5
работодатель,NOUN,,Dat:1|Gen:3|Nom:1,работодателю,5
осмотр,NOUN,,Acc:2|Dat:1|Gen:1|Nom:1,осмотр,5
черный,ADJ,,Gen:2|Nom:3,Чёрные,5
2019,ADJ,,,2019,5
сделать,VERB,Fin,,сделала,5
подсказать,VERB,Fin,,подскажет,5
xviii,ADJ,,,XVIII,5
мука,NOUN,,Acc:2|Gen:2|Ins:1,муку,5
критика,NOUN,,Dat:1|Gen:2|Ins:1|Nom:1,критики,5
сша,PROPN,,Gen:2|Ins:1|Loc:2,США,5
нажать,VERB,Fin,,нажала,5
относиться,VERB,Inf,,относиться,5
апрель,NOUN,,Gen:3|Loc:2,апреля,5
электричка,NOUN,,Gen:1|Loc:1|Nom:3,электрички,5
декларация,NOUN,,Acc:3|Gen:1|Nom:1,Декларация,5
снимать,VERB,Fin,,снимает,5
ссср,PROPN,,Gen:2|Loc:1,СССР,5
3,NUM,,,3,5
октябрь,NOUN,,Gen:4|Loc:1,октября,5
поставщик,NOUN,,Gen:2|Ins:1|Nom:2,поставщиком,5
мост,NOUN,,Gen:2|Ins:1|Loc:1|Nom:1,мостом,5
именина,NOUN,,Acc:2|Ins:2|Nom:1,именины,5
веселый,ADJ,,Nom:1,весело,4
посмотреть,VERB,Fin,,посмотрел,4
спать,VERB,Inf,,спать,4
просить,VERB,Inf,,попросить,4
употребление,NOUN,,Loc:2|Nom:2,употреблении,4
потребительский,ADJ,,Acc:1|Gen:2|Nom:1,потребительские,4
ярлык,NOUN,,Acc:2|Nom:2,ярлыки,4
требовать,VERB,Inf,,потребовать,4
основание,NOUN,,Dat:2|Gen:1|Loc:1,основаниям,4
обнаружить,VERB,Part,Nom:2,обнаружен,4
ведь,SCONJ,,,ведь,4
происшествие,NOUN,,Gen:1|Loc:2|Nom:1,происшествий,4
усталость,NOUN,,Gen:3|Nom:1,усталости,4
погодный,ADJ,,Gen:3|Loc:1,погодных,4
неясный,ADJ,,,неясно,4
почему-то,ADV,,,почему-то,4
исполниться,VERB,Fin,,исполнилось,4
цветы,NOUN,,Acc:2|Gen:1|Nom:1,цветы,4
пятый,ADJ,,Acc:1|Gen:2|Loc:1,пятом,4
соседка,NOUN,,Acc:1|Gen:1|Nom:2,соседка,4
северный,ADJ,,Gen:2|Loc:1,северных,4
юг,NOUN,,Acc:1|Loc:3,юге,4
атмосферный,ADJ,,Gen:1|Ins:1|Nom:2,Атмосферное,4
планировать,VERB,Part,Dat:1|Gen:1|Nom:1,планирующим,4
переживать,VERB,Fin,,переживает,4
осознанно,ADV,,,осознанно,4
желание,NOUN,,Gen:3|Nom:1,желания,4
отходы,NOUN,,Acc:1|Gen:3,отходов,4
повторение,NOUN,,Acc:1|Nom:3,повторение,4
велосипед,NOUN,,Acc:1|Gen:1|Loc:1|Nom:1,велосипеде,4
куча,NOUN,,Acc:3|Nom:1,кучу,4
вечно,ADV,,,вечно,4
минус,NOUN,,Nom:4,минусы,4
отражать,VERB,Fin,,отражает,4
равенство,NOUN,,Gen:2|Nom:2,равенство,4
статистика,NOUN,,Loc:1|Nom:3,Статистика,4
расчет,NOUN,,Acc:1|Gen:1|Ins:1|Nom:1,расчётов,4
цивилизация,NOUN,,Gen:1|Loc:1|Nom:2,цивилизаций,4
империя,NOUN,,Gen:2|Ins:1|Loc:1,империи,4
почва,NOUN,,Acc:1|Gen:2|Nom:1,почв,4
египетский,ADJ,,Gen:3|Nom:1,Египетская,4
предсказуемый,ADJ,,Acc:1|Dat:1|Ins:2,предсказуемым,4
уязвимый,ADJ,,Dat:1|Gen:2,уязвимы,4
вызвать,VERB,Fin,,вызвал,4
кабинет,NOUN,,Acc:3|Loc:1,кабинет,4
конкурс,NOUN,,Acc:2|Gen:1|Nom:1,конкурсы,4
неловкий,ADJ,,Acc:1|Nom:1,неловкая,4
откровенно,ADV,,,откровенно,4
развод,NOUN,,Gen:3|Loc:1,разводе,4
получить,VERB,Part,Acc:2|Nom:2,полученное,4
наследство,NOUN,,Acc:2|Dat:1|Nom:1,наследству,4
долг,NOUN,,Dat:1|Gen:2|Nom:1,долгам,4
стоимость,NOUN,,Acc:2|Gen:1|Nom:1,стоимости,4
наследственный,ADJ,,Acc:1|Gen:1|Ins:1|Loc:1,наследственного,4
консультация,NOUN,,Gen:1|Ins:2|Nom:1,консультация,4
цикл,NOUN,,Gen:3|Loc:1,циклов,4
энергия,NOUN,,Gen:4,энергии,4
восстановление,NOUN,,Acc:3|Nom:1,восстановление,4
лес,NOUN,,Gen:1|Ins:1|Loc:2,лесов,4
воспитание,NOUN,,Gen:2|Ins:1|Nom:1,воспитание,4
проявляться,VERB,Fin,,проявляются,4
частично,ADV,,,частично,4
создавать,VERB,Inf,,создавать,4
дальнейший,ADJ,,Gen:2|Loc:2,дальнейшего,4
выработать,VERB,Fin,,выработало,4
контент,NOUN,,Acc:1|Gen:2|Loc:1,контента,4
опасаться,VERB,Fin,,опасаются,4
запрет,NOUN,,Acc:1|Gen:3,запретов,4
упаковать,VERB,Inf,,упаковать,4
удивительно,ADV,,,удивительно,4
сутки,NOUN,,Acc:2|Gen:2,сутки,4
сокращение,NOUN,,Dat:1|Gen:1|Loc:1|Nom:1,сокращений,4
кровь,NOUN,,Acc:2|Gen:1|Loc:1,крови,4
кожа,NOUN,,Gen:3|Nom:1,Кожа,4
кость,NOUN,,Dat:1|Gen:1|Nom:2,Кости,4
по-настоящему,ADV,,,по-настоящему,4
творчество,NOUN,,Ins:1|Loc:1|Nom:2,творчество,4
провести,VERB,Inf,,провести,4
летний,ADJ,,Gen:1|Ins:1|Nom:2,Летние,4
игра,PROPN,,Acc:1|Gen:3,Игры,4
стадион,NOUN,,Acc:1|Gen:1|Nom:2,стадиона,4
назвать,VERB,Fin,,назвали,4
опасение,NOUN,,Acc:1|Gen:1|Nom:2,опасения,4
принятие,NOUN,,Gen:1|Ins:1|Loc:1|Nom:1,принятием,4
мотив,NOUN,,Dat:2|Nom:2,мотивам,4
описать,VERB,Part,Dat:1|Nom:1,описанным,4
актуальный,ADJ,,Acc:1|Ins:2|Loc:1,актуальными,4
мужчина,NOUN,,Gen:1|Ins:1|Nom:2,мужчиной,4
вагон,NOUN,,Loc:4,вагоне,4
лично,ADV,,,лично,4
приехать,VERB,Fin,,приехал,4
неожиданный,ADJ,,Acc:1|Nom:3,неожиданные,4
помогать,VERB,Inf,,помогать,4
субъективный,ADJ,,Acc:3|Ins:1,субъективное,4
поддерживать,VERB,Fin,,поддерживает,4
достаточный,ADJ,,Ins:1|Nom:1,достаточный,4
режим,NOUN,,Gen:1|Loc:1|Nom:2,режим,4
обсудить,VERB,Inf,,обсудить,4
наблюдать,VERB,Fin,,наблюдаем,4
разделять,VERB,Fin,,разделяется,4
вспышка,NOUN,,Acc:2|Gen:1|Ins:1,вспышку,4
незаметно,ADV,,,незаметно,4
видеть,VERB,Inf,,видеть,4
синий,ADJ,,Gen:2|Nom:2,синего,4
удаленный,ADJ,,Gen:2|Ins:1|Nom:1,удалённой,4
слушатель,NOUN,,Acc:2|Dat:1|Nom:1,слушателю,4
описывать,VERB,Inf,,описывать,4
принадлежность,NOUN,,Acc:1|Gen:2|Nom:1,принадлежности,4
характеристика,NOUN,,Acc:1|Dat:2|Nom:1,характеристику,4
ограничить,VERB,Part,Acc:1|Gen:1,ограничены,4
ежемесячный,ADJ,,Acc:1|Gen:2|Nom:1,ежемесячной,4
помочь,VERB,Fin,,поможет,4
подъезд,NOUN,,Acc:1|Dat:1|Gen:1|Loc:1,подъезд,4
расписание,NOUN,,Acc:2|Dat:1|Nom:1,расписание,4
нервничать,VERB,Fin,,нервничаю,4
лекция,NOUN,,Acc:1|Gen:2|Ins:1,лекцией,4
поставка,NOUN,,Gen:1|Loc:2|Nom:1,поставках,4
топливо,NOUN,,Gen:3|Nom:1,топлива,4
добавлять,VERB,Fin,,добавляет,4
нестабильность,NOUN,,Acc:1|Dat:1|Gen:1|Ins:1,нестабильности,4
денежный,ADJ,,Acc:1|Nom:2,денежная,4
сад,NOUN,,Gen:1|Nom:3,сады,4
нехватка,NOUN,,Acc:3|Nom:1,нехватку,4
возрастной,ADJ,,Acc:1|Gen:1|Nom:2,возрастной,4
иначе,CCONJ,,,иначе,4
растительный,ADJ,,Gen:2|Loc:1|Nom:1,растительного,4
разделение,NOUN,,Gen:1|Nom:3,разделения,4
подумать,VERB,Fin,,подумал,4
пес,NOUN,,Acc:1|Nom:3,пёс,4
ведь,PART,,,ведь,4
знакомый,NOUN,,Gen:3|Nom:1,знакомых,4
индустрия,NOUN,,Acc:2|Gen:1|Nom:1,индустрии,4
показаться,VERB,Fin,,показался,4
начаться,VERB,Part,Nom:4,начавшаяся,4
коренной,ADJ,,Gen:3|Ins:1,коренным,4
продукция,NOUN,,Acc:1|Gen:3,продукции,4
способствовать,VERB,Fin,,способствовали,4
железный,ADJ,,Dat:1|Gen:2|Nom:1,железные,4
запад,NOUN,,Acc:1|Loc:3,западе,4
камчатка,PROPN,,Gen:3|Nom:1,Камчатки,4
усилиться,VERB,Fin,,усилились,4
подряд,ADV,,,подряд,4
сладкий,ADJ,,Acc:2|Gen:1|Nom:1,сладкого,4
сюда,ADV,,,сюда,4
трибуна,NOUN,,Dat:1|Loc:1|Nom:2,трибуны,4
ворота,NOUN,,Acc:1|Dat:1|Gen:1|Ins:1,воротами,4
задавать,VERB,Fin,,задаёт,4
громко,ADV,,,громче,4
эпизод,NOUN,,Gen:1|Ins:1|Nom:2,эпизода,4
напиток,NOUN,,Acc:1|Gen:1|Ins:1|Nom:1,напитками,4
происходить,VERB,Part,Acc:1|Dat:1|Gen:1|Ins:1,происходящее,4
пища,NOUN,,Acc:1|Gen:3,пищу,4
постепенный,ADJ,,Acc:1|Gen:2|Nom:1,постепенного,4
пищевой,ADJ,,Gen:3|Nom:1,пищевых,4
сигнал,NOUN,,Acc:1|Gen:1|Ins:1|Nom:1,Сигналом,4
подходящий,ADJ,,Acc:2|Gen:1|Nom:1,подходящий,4
прочесть,VERB,Inf,,прочитать,4
деловой,ADJ,,Gen:2|Loc:1|Nom:1,деловых,4
лечение,NOUN,,Acc:2|Ins:1|Nom:1,лечение,4
эффективность,NOUN,,Acc:1|Nom:3,эффективность,4
непростой,ADJ,,,непросто,4
германия,PROPN,,Dat:1|Gen:2|Loc:1,Германии,4
союз,PROPN,,Acc:1|Dat:1|Loc:2,Союз,4
инициатива,NOUN,,Acc:1|Dat:1|Gen:2,инициативы,4
армия,NOUN,,Nom:4,армия,4
называть,VERB,Inf,,называть,4
состоять,VERB,Fin,,состоит,4
архитектура,NOUN,,Acc:1|Gen:1|Nom:2,архитектура,4
хранение,NOUN,,Gen:3|Loc:1,хранения,4
пётр,PROPN,,Nom:4,Пётр,4
возвращение,NOUN,,Acc:1|Gen:3,возвращения,4
внешний,ADJ,,Dat:2|Gen:2,внешнему,4
уличный,ADJ,,Acc:2|Gen:1|Nom:1,уличных,4
дерево,NOUN,,Acc:1|Dat:1|Gen:2,деревьев,4
читать,VERB,Inf,,читать,4
буква,NOUN,,Gen:3|Nom:1,буквы,4
лень,NOUN,,Acc:1|Ins:1|Loc:1|Nom:1,лени,4
красивый,ADJ,,Dat:1|Ins:1|Nom:1,красивая,4
забрать,VERB,Fin,,забрали,4
вставать,VERB,Inf,,вставать,4
сесть,VERB,Fin,,сел,4
деться,VERB,Fin,,делась,4
суть,NOUN,,Dat:3|Nom:1,суть,4
мыть,VERB,Fin,,моет,4
устраивать,VERB,Fin,,устраивали,4
относить,VERB,Fin,,относят,4
прозрачность,NOUN,,Gen:2|Ins:1|Nom:1,прозрачностью,4
февраль,NOUN,,Gen:1|Loc:3,феврале,4
2026,ADJ,,,2026,4
существенно,ADV,,,существенно,4
заполнить,VERB,Fin,,заполните,4
этаж,NOUN,,Gen:1|Loc:2|Nom:1,этаже,4
нуль,NOUN,,Acc:2|Dat:1|Nom:1,ноль,4
александр,PROPN,,Gen:2|Nom:2,Александр,4
кредит,NOUN,,Acc:1|Dat:1|Gen:2,кредит,4
остатки,NOUN,,Acc:1|Dat:1|Gen:1|Nom:1,Остатки,4
загрязнение,NOUN,,Dat:1|Gen:1|Nom:2,загрязнения,4
упаковка,NOUN,,Acc:3|Ins:1,упаковку,4
вещество,NOUN,,Gen:4,веществ,4
плохо,ADV,,,плохо,4
различный,ADJ,,Acc:2|Ins:2,различные,4
неизменный,ADJ,,Gen:1|Ins:1|Loc:2,неизменным,4
столкновение,NOUN,,Acc:1|Gen:1|Nom:2,столкновение,4
объединять,VERB,Fin,,объединяют,4
чистый,ADJ,,Dat:1|Ins:1|Nom:1,чистым,4
независимый,ADJ,,Gen:1|Nom:3,независимых,4
безопасный,ADJ,,Acc:1|Ins:1|Nom:1,безопасная,4
парк,NOUN,,Gen:2|Loc:2,парков,4
портиться,VERB,Fin,,портится,4
конференция,NOUN,,Gen:1|Nom:3,Конференция,4
национальный,ADJ,,Acc:1|Gen:1|Ins:1|Nom:1,национальные,4
премия,NOUN,,Acc:1|Gen:1|Nom:2,премия,4
критик,NOUN,,Acc:1|Gen:1|Nom:2,критиков,4
объективный,ADJ,,Dat:1|Gen:2|Nom:1,объективной,4
аллергия,NOUN,,Gen:2|Nom:2,аллергии,4
навык,NOUN,,Acc:1|Dat:1|Gen:1|Ins:1,навыкам,4
знакомство,NOUN,,Acc:1|Gen:1|Ins:1|Nom:1,знакомство,4
пятнадцатый,ADJ,,Gen:4,пятнадцатого,4
азия,PROPN,,Gen:1|Ins:1|Loc:1|Nom:1,Азии,4
решить,VERB,Inf,,решить,4
базилик,NOUN,,Ins:2|Nom:2,базиликом,4
средства,NOUN,,Acc:3|Gen:1,средства,4
всерьез,ADV,,,всерьёз,4
платить,VERB,Fin,,платишь,4
вернуть,VERB,Fin,,вернули,4
различать,VERB,Fin,,различали,4
нормальный,ADJ,,Acc:1|Nom:1,нормально,4
ориентир,NOUN,,Ins:1|Nom:3,ориентир,4
поселок,NOUN,,Gen:3|Loc:1,посёлка,4
спорный,ADJ,,Dat:1|Ins:1|Loc:1|Nom:1,спорные,4
заниматься,VERB,Fin,,занимается,4
сезон,NOUN,,Gen:2|Loc:1|Nom:1,сезона,4
документальный,ADJ,,Gen:2|Nom:2,Документальное,4
интерпретация,NOUN,,Acc:1|Gen:2|Nom:1,интерпретацию,4
судебный,ADJ,,Dat:1|Gen:1|Nom:2,судебным,4
допустимый,ADJ,,Gen:1,допустимого,4
сознательно,ADV,,,сознательно,4
полет,NOUN,,Acc:1|Gen:2|Nom:1,полёт,4
космос,NOUN,,Acc:4,космос,4
туризм,NOUN,,Gen:3|Nom:1,туризма,4
миллиард,NOUN,,Acc:1|Gen:3,миллиарда,4
высказывание,NOUN,,Gen:1|Ins:1|Nom:2,высказываний,4
институциональный,ADJ,,Gen:1|Ins:1|Loc:1|Nom:1,институциональный,4
базовый,ADJ,,Acc:1|Dat:1|Gen:2,базовых,4
балет,NOUN,,Gen:3|Nom:1,балеты,4
орда,PROPN,,Gen:3|Loc:1,Орды,4
холод,NOUN,,Acc:2|Gen:1|Nom:1,холод,4
мерзлота,NOUN,,Gen:2|Ins:1|Loc:1,мерзлоте,4
публикация,NOUN,,Gen:2|Nom:2,публикации,4
выдерживать,VERB,Fin,,выдерживает,4
спокойный,ADJ,,,спокойнее,4
гостиница,NOUN,,Gen:1|Loc:2|Nom:1,гостиница,4
подтверждение,NOUN,,Acc:1|Gen:2|Nom:1,подтверждение,4
свадьба,NOUN,,Acc:1|Loc:1|Nom:2,свадьбах,4
войти,VERB,Fin,,вошла,4
совместный,ADJ,,Gen:2|Nom:2,совместного,4
временно,ADV,,,временно,4
квартал,NOUN,,Acc:1|Gen:1|Ins:1|Loc:1,кварталов,4
мероприятие,NOUN,,Gen:1|Loc:2|Nom:1,мероприятиях,4
задумываться,VERB,Fin,,задумывается,4
уточнить,VERB,Fin,,уточнили,4
ноябрь,NOUN,,Gen:2|Loc:2,ноябре,4
программный,ADJ,,Acc:2|Dat:1|Gen:1,программный,4
школьный,ADJ,,Acc:1|Gen:1|Loc:2,школьных,4
уверенный,ADJ,,Acc:1|Ins:1,уверенные,4
сын,NOUN,,Dat:1|Ins:1|Nom:2,сыном,4
думать,VERB,Inf,,думать,4
отметить,VERB,Fin,,отметили,4
контроль,NOUN,,Gen:3|Ins:1,контроля,4
психолог,NOUN,,Dat:2|Nom:2,психологу,4
статья,NOUN,,Acc:1|Loc:1|Nom:2,статьи,4
утверждать,VERB,Inf,,утверждать,4
обо,ADP,,,обо,4
продавщица,NOUN,,Ins:1|Nom:3,продавщицы,4
крайний,ADJ,,Acc:1|Dat:1|Gen:1|Loc:1,крайних,4
поток,NOUN,,Acc:2|Nom:2,поток,4
моральный,ADJ,,Acc:2|Nom:2,моральные,4
четверг,NOUN,,Acc:2|Dat:2,четверг,4
пообещать,VERB,Fin,,пообещал,4
предупредить,VERB,Fin,,предупредила,4
обслуживание,NOUN,,Acc:3|Gen:1,обслуживания,4
клиент,NOUN,,Acc:1|Dat:1|Gen:2,клиента,4
грамматика,NOUN,,Gen:1|Loc:1|Nom:2,грамматике,4
наступать,VERB,Fin,,наступает,4
предварительный,ADJ,,Acc:2|Dat:1|Gen:1,предварительного,4
следствие,NOUN,,Acc:1|Ins:1|Loc:1|Nom:1,следствием,4
трансляция,NOUN,,Gen:1|Ins:1|Nom:2,трансляций,4
кнопка,NOUN,,Acc:3|Gen:1,кнопок,4
исполнитель,NOUN,,Dat:1|Gen:2|Nom:1,исполнителей,4
дистанция,NOUN,,Acc:3|Loc:1,дистанцию,4
постановка,NOUN,,Acc:1|Dat:1|Gen:1|Loc:1,постановки,4
спектакль,NOUN,,Acc:1|Dat:1|Ins:1|Loc:1,спектаклях,4
театральный,ADJ,,Gen:1|Ins:1|Loc:1|Nom:1,театральная,4
сложиться,VERB,Part,Acc:1|Loc:1|Nom:2,сложившемся,4
реальность,NOUN,,Gen:1|Ins:1|Loc:2,реальностью,4
описать,VERB,Fin,,описал,4
пейзаж,NOUN,,Acc:1|Dat:1|Gen:1|Nom:1,пейзаж,4
цитата,NOUN,,Acc:1|Gen:1|Nom:2,цитат,4
рейс,NOUN,,Acc:2|Gen:1|Nom:1,рейс,4
научить,VERB,Fin,,научил,4
сновидение,NOUN,,Acc:1|Gen:1|Nom:2,сновидения,4
открытка,NOUN,,Acc:2|Gen:1|Ins:1,открыток,4
бумажный,ADJ,,Acc:1|Loc:1|Nom:2,бумажная,4
обследование,NOUN,,Acc:2|Gen:1|Nom:1,обследования,4
дать,VERB,Inf,,дать,4
сомнение,NOUN,,Acc:1|Gen:2|Nom:1,сомнений,4
избирательный,ADJ,,Gen:1|Nom:3,Избирательные,4
округ,NOUN,,Acc:1|Gen:2|Loc:1,округа,4
переулок,NOUN,,Acc:2|Loc:1|Nom:1,переулке,4
аэропорт,NOUN,,Gen:2|Loc:2,аэропорту,4
установить,VERB,Part,Gen:1,установленного,4
пятница,NOUN,,Acc:4,пятницу,4
болеть,VERB,Fin,,болит,4
уверенно,ADV,,,уверенно,4
выгода,NOUN,,Acc:1|Gen:2|Nom:1,выгоду,4
понравиться,VERB,Fin,,понравился,4
банковский,ADJ,,Dat:1|Gen:1|Nom:2,Банковский,4
дыра,NOUN,,Gen:2|Nom:2,дыры,4
видный,ADJ,,,видна,4
вдоль,ADP,,,вдоль,4
посетитель,NOUN,,Gen:4,посетителей,4
позвонить,VERB,Fin,,Позвонила,4
запах,NOUN,,Acc:2|Dat:1|Nom:1,запаху,4
блин,NOUN,,Acc:1|Ins:1|Nom:2,блины,4
формулировка,NOUN,,Nom:4,формулировки,4
везти,VERB,Fin,,повезло,4
машинка,NOUN,,Acc:1|Gen:2|Loc:1,машинку,4
неудобство,NOUN,,Acc:3|Dat:1,неудобства,4
сахар,NOUN,,Acc:1|Gen:3,сахара,4
капуста,NOUN,,Gen:2|Ins:1|Nom:1,капустой,4
мороз,PROPN,,Gen:1|Nom:3,Мороз,4
туристический,ADJ,,Gen:2|Nom:2,туристическая,4
совещание,NOUN,,Acc:1|Dat:1|Gen:1|Loc:1,совещания,4
подавать,VERB,Fin,,подаёт,4
ежегодный,ADJ,,Acc:1|Nom:3,Ежегодный,4
музей,NOUN,,Acc:1|Loc:2|Nom:1,музей,4
есть,VERB,Fin,,едят,4
катание,NOUN,,Acc:1|Loc:2|Nom:1,катание,4
18,NUM,,,18,4
горло,NOUN,,Acc:1|Loc:1|Nom:2,горло,4
копия,NOUN,,Acc:3|Nom:1,копию,4
хозяйка,NOUN,,Gen:1|Nom:3,хозяйки,4
странный,ADJ,,Acc:1|Ins:2|Nom:1,странное,4
паралимпийский,ADJ,,Gen:1|Ins:1|Nom:2,паралимпийского,4
классификация,NOUN,,Gen:1|Loc:3,классификации,4
медаль,NOUN,,Acc:2|Gen:2,медали,4
преподавательница,NOUN,,Acc:1|Nom:3,Преподавательница,4
декабрь,NOUN,,Gen:2|Loc:2,декабря,4
петербург,PROPN,,Acc:1|Gen:1|Loc:1|Nom:1,Петербурге,4
бульон,NOUN,,Acc:2|Loc:1|Nom:1,бульоне,4
расстройство,NOUN,,Nom:4,расстройство,4
внести,VERB,Part,Nom:1,внесены,4
криптовалют,NOUN,,Gen:3|Nom:1,криптовалюта,4
стадия,NOUN,,Gen:4,стадий,4
чемпионат,NOUN,,Dat:1|Gen:1|Nom:2,Чемпионат,4
20,NUM,,,20,4
4,NUM,,,4,4
термос,NOUN,,Acc:2|Gen:1|Nom:1,термосов,4
седьмой,ADJ,,Acc:1|Gen:1|Loc:1|Nom:1,седьмом,4
весна,NOUN,,Acc:1|Ins:2|Nom:1,Весна,4
кольцо,NOUN,,Gen:2|Ins:1|Nom:1,кольцами,4
днк,PROPN,,Gen:4,ДНК,4
слой,NOUN,,Acc:2|Ins:1|Nom:1,слой,4
извержение,NOUN,,Dat:1|Gen:1|Loc:1|Nom:1,извержении,4
собрание,NOUN,,Gen:1|Nom:3,собрание,4
заголовок,NOUN,,Acc:1|Ins:1|Nom:2,заголовки,4
самовар,NOUN,,Acc:1|Gen:1|Ins:1|Nom:1,самовар,4
пословица,NOUN,,Nom:4,Пословицы,4
птица,NOUN,,Gen:1|Nom:3,птиц,4
суздаль,PROPN,,Acc:1|Gen:2|Nom:1,Суздаля,4
вулкан,NOUN,,Gen:2|Nom:2,вулканы,4
зависть,NOUN,,Loc:1|Nom:3,зависть,4
паук,NOUN,,Acc:1|Gen:1|Ins:1|Nom:1,пауков,4
вставать,VERB,Fin,,встаю,3
ванная,NOUN,,Acc:2|Loc:1,ванную,3
зуб,NOUN,,Acc:1|Gen:1|Nom:1,зубы,3
опаздывать,VERB,Fin,,опаздываю,3
вспомянуть,VERB,Fin,,вспомнил,3
снизу,ADV,,,снизу,3
розетка,NOUN,,Gen:3,розетки,3
утренний,ADJ,,Acc:1|Gen:1|Nom:1,утреннюю,3
позволить,VERB,Fin,,позволят,3
вправе,ADV,,,вправе,3
подтвердить,VERB,Inf,,подтвердить,3
недостаток,NOUN,,Acc:1|Nom:2,недостаток,3
беспилотный,ADJ,,Gen:1|Nom:2,беспилотные,3
авария,NOUN,,Acc:1|Gen:1|Loc:1,аварий,3
недоверие,NOUN,,Nom:3,недоверие,3
ну,PART,,,ну,3
холодильник,NOUN,,Acc:1|Dat:1|Gen:1,холодильник,3
проводить,VERB,Inf,,проводить,3
четверо,NUM,,Nom:3,четверо,3
торт,NOUN,,Acc:1|Ins:1|Loc:1,торте,3
сыр,NOUN,,Gen:1|Ins:1|Nom:1,сыра,3
копейка,NOUN,,Gen:3,копеек,3
монета,NOUN,,Acc:1|Gen:2,монеты,3
математика,NOUN,,Dat:2|Nom:1,математике,3
рассчитывать,VERB,Fin,,рассчитывал,3
девяносто,NUM,,Acc:3,девяносто,3
дима,PROPN,,Gen:2|Nom:1,Димы,3
шестьдесят,NUM,,Gen:1|Nom:2,шестьдесят,3
подняться,VERB,Fin,,поднимется,3
плюс,ADP,,,плюс,3
вероятность,NOUN,,Acc:1|Nom:2,вероятность,3
осадки,NOUN,,Gen:2|Nom:1,осадков,3
двенадцать,NUM,,Acc:1|Gen:1|Nom:1,двенадцати,3
преимущественно,ADV,,,преимущественно,3
семьсот,NUM,,Gen:2|Nom:1,семьсот,3
столб,NOUN,,Acc:1|Gen:1|Ins:1,столба,3
зонт,NOUN,,Acc:2|Nom:1,зонт,3
продать,VERB,Inf,,продать,3
ненужный,ADJ,,Acc:2|Gen:1,ненужную,3
эксперт,NOUN,,Nom:3,эксперты,3
возвращаться,VERB,Inf,,возвращаться,3
когнитивный,ADJ,,Gen:1|Loc:1,когнитивных,3
включая,ADV,,,включая,3
воспроизвести,VERB,Inf,,воспроизвести,3
объяснить,VERB,Inf,,объяснить,3
во-первых,ADV,,,Во-первых,3
во-вторых,ADV,,,Во-вторых,3
парковка,NOUN,,Acc:1|Loc:1|Nom:1,парковке,3
богатый,ADJ,,Ins:1|Loc:1|Nom:1,богатыми,3
опасный,ADJ,,Acc:1|Gen:2,опасного,3
вмешательство,NOUN,,Gen:2|Nom:1,вмешательства,3
слоева,NOUN,,Gen:3,слоёв,3
чрезмерный,ADJ,,Gen:1|Nom:2,чрезмерное,3
сколько,SCONJ,,,сколько,3
качественный,ADJ,,Dat:1|Gen:1|Ins:1,качественному,3
упадок,NOUN,,Acc:3,упадок,3
падение,NOUN,,Acc:1|Gen:2,падения,3
засух,NOUN,,Gen:3,засухи,3
тысячелетие,NOUN,,Acc:1|Gen:2,тысячелетий,3
нил,PROPN,,Gen:2|Nom:1,Нила,3
начальник,NOUN,,Nom:3,начальник,3
руководитель,NOUN,,Gen:1|Nom:2,руководителя,3
поверить,VERB,Fin,,поверил,3
устроить,VERB,Fin,,устроили,3
перерыв,NOUN,,Loc:1|Nom:2,перерыве,3
руководить,VERB,Fin,,руководил,3
неожиданно,ADV,,,неожиданно,3
добраться,VERB,Fin,,добрались,3
вне,ADP,,,вне,3
обстановка,NOUN,,Acc:1|Gen:1|Loc:1,обстановки,3
супруг,NOUN,,Gen:2|Nom:1,супругов,3
делиться,VERB,Fin,,делится,3
соглашение,NOUN,,Ins:2|Loc:1,соглашением,3
устанавливать,VERB,Fin,,устанавливает,3
наследник,NOUN,,Gen:1|Nom:2,наследников,3
принять,VERB,Inf,,принять,3
накопление,NOUN,,Acc:1|Dat:1|Gen:1,накоплению,3
атмосфера,NOUN,,Loc:3,атмосфере,3
парниковый,ADJ,,Gen:3,парниковых,3
разнообразный,ADJ,,,разнообразны,3
ледник,NOUN,,Gen:2|Loc:1,ледников,3
экстремальный,ADJ,,Gen:1|Loc:1|Nom:1,экстремальных,3
сельский,ADJ,,Gen:1|Loc:1|Nom:1,сельское,3
хозяйство,NOUN,,Acc:1|Gen:1|Nom:1,хозяйство,3
черта,NOUN,,Acc:1|Nom:2,черты,3
склонность,NOUN,,Gen:1|Nom:2,склонности,3
необычный,ADJ,,Ins:2|Nom:1,необычной,3
дефляция,NOUN,,Gen:1|Nom:2,Дефляция,3
стабильность,NOUN,,Acc:1|Gen:1|Nom:1,стабильности,3
законодательный,ADJ,,Acc:2|Nom:1,законодательное,3
регулирование,NOUN,,Acc:1|Gen:2,регулирование,3
эффективно,ADV,,,эффективнее,3
испытание,NOUN,,Gen:1|Ins:1|Nom:1,испытанием,3
уйти,VERB,Fin,,уйдёт,3
сравнительно,ADV,,,сравнительно,3
остаться,VERB,Part,Nom:3,оставшаяся,3
увеличить,VERB,Inf,,увеличить,3
организм,NOUN,,Gen:2|Ins:1,организмом,3
мусор,NOUN,,Acc:1|Gen:2,мусора,3
сознательный,ADJ,,Gen:1|Ins:1|Nom:1,сознательным,3
намерение,NOUN,,Gen:2|Ins:1,намерением,3
убедительный,ADJ,,Acc:1|Ins:1|Loc:1,убедительной,3
видеть,VERB,Part,Acc:1|Gen:1|Nom:1,увиденного,3
четкий,ADJ,,Acc:2|Gen:1,чёткую,3
комбинация,NOUN,,Ins:1|Nom:2,комбинацией,3
церемония,NOUN,,Gen:1|Nom:2,Церемония,3
локация,NOUN,,Gen:2|Loc:1,локациях,3
заявлять,VERB,Fin,,заявляли,3
обойтись,VERB,Fin,,обошлось,3
рекорд,NOUN,,Gen:2|Nom:1,рекордов,3
несмотря,ADV,,,несмотря,3
ключевой,ADJ,,Acc:1|Ins:2,ключевыми,3
корень,NOUN,,Dat:1|Ins:1|Loc:1,корнями,3
урожай,NOUN,,Acc:1|Gen:2,урожай,3
меняться,VERB,Inf,,меняться,3
первоначальный,ADJ,,Gen:1|Loc:2,первоначальном,3
миф,NOUN,,Gen:2|Nom:1,мифы,3
восходить,VERB,Fin,,восходят,3
бог,NOUN,,Gen:2|Loc:1,богов,3
мифологический,ADJ,,Ins:1|Nom:2,мифологические,3
метро,NOUN,,Gen:1|Loc:2,метро,3
забить,VERB,Part,Acc:2,забитый,3
заглядывать,VERB,Fin,,заглядываю,3
посреди,ADP,,,посреди,3
избегнуть,VERB,Inf,,избежать,3
напряжение,NOUN,,Acc:1|Nom:2,напряжение,3
стратегический,ADJ,,Dat:1|Gen:2,стратегического,3
турнир,NOUN,,Gen:2|Ins:1,турнирами,3
принципиально,ADV,,,принципиально,3
пытаться,VERB,Conv,,пытаясь,3
капля,NOUN,,Acc:2|Gen:1,капли,3
слышать,VERB,Fin,,слышим,3
задержка,NOUN,,Dat:1|Gen:1|Ins:1,задержке,3
поверхность,NOUN,,Gen:3,поверхности,3
воздушный,ADJ,,Gen:2,воздушных,3
поставить,VERB,Fin,,Поставил,3
фиксированный,ADJ,,Acc:1|Gen:1|Nom:1,фиксированную,3
тратить,VERB,Inf,,потратить,3
закат,NOUN,,Acc:1|Gen:1|Loc:1,закате,3
разнообразие,NOUN,,Acc:2|Dat:1,разнообразию,3
волна,NOUN,,Gen:1|Ins:1|Nom:1,волна,3
отметка,NOUN,,Gen:1|Ins:1|Nom:1,отметкой,3
подготовить,VERB,Inf,,подготовить,3
включать,VERB,Part,Acc:2|Gen:1,включающий,3
справка,NOUN,,Acc:2|Nom:1,справку,3
заявка,NOUN,,Acc:1|Gen:2,заявок,3
выбрать,VERB,Part,Acc:1|Dat:1|Gen:1,выбранного,3
окончательный,ADJ,,Acc:2|Nom:1,окончательную,3
плата,NOUN,,Acc:2|Gen:1,платы,3
звонить,VERB,Inf,,звонить,3
установить,VERB,Fin,,установили,3
пахнуть,VERB,Fin,,пахнет,3
жареный,ADJ,,Acc:1|Ins:1|Nom:1,жареной,3
гирлянда,NOUN,,Ins:3,гирляндами,3
аккуратный,ADJ,,Ins:2|Nom:1,аккуратной,3
телевизор,NOUN,,Gen:2|Nom:1,телевизора,3
бой,NOUN,,Acc:1|Gen:1|Nom:1,боя,3
собрать,VERB,Fin,,собрали,3
показывать,VERB,Inf,,показывать,3
столовая,NOUN,,Acc:2|Loc:1,столовую,3
заблудиться,VERB,Inf,,заблудиться,3
коридор,NOUN,,Dat:1|Loc:2,коридорах,3
вроде,ADV,,,вроде,3
ребята,NOUN,,Dat:1|Ins:1|Nom:1,ребята,3
сойти,VERB,Inf,,сходить,3
обработка,NOUN,,Acc:1|Gen:1|Loc:1,обработки,3
отопление,NOUN,,Acc:1|Gen:1|Nom:1,отопление,3
предприятие,NOUN,,Gen:3,предприятий,3
оплачивать,VERB,Part,Gen:1|Loc:1|Nom:1,оплачиваемый,3
приготовить,VERB,Inf,,приготовить,3
помидор,NOUN,,Gen:1|Nom:2,помидоры,3
удалить,VERB,Part,Acc:3,удалённую,3
координация,NOUN,,Acc:2|Gen:1,координацию,3
альтернативный,ADJ,,Acc:1|Gen:1|Nom:1,альтернативных,3
электричество,NOUN,,Acc:1|Gen:2,электричество,3
тариф,NOUN,,Acc:2|Gen:1,тарифы,3
оставлять,VERB,Inf,,оставлять,3
минимум,NOUN,,Acc:2|Gen:1,минимум,3
знакомиться,VERB,Inf,,познакомиться,3
порода,NOUN,,Acc:1|Gen:1|Ins:1,породы,3
обращаться,VERB,Inf,,обращаться,3
коллектив,NOUN,,Nom:3,коллектив,3
восемнадцатый,ADJ,,Gen:2|Loc:1,восемнадцатого,3
крайне,ADV,,,крайне,3
ускорить,VERB,Fin,,ускорила,3
связать,VERB,Fin,,связали,3
русло,NOUN,,Acc:1|Loc:1|Nom:1,русло,3
измерение,NOUN,,Gen:2|Nom:1,измерения,3
восток,NOUN,,Dat:1|Loc:2,востоке,3
сосредоточить,VERB,Part,,сосредоточено,3
локальный,ADJ,,Dat:1|Loc:1|Nom:1,локальных,3
суша,NOUN,,Acc:1|Gen:2,суши,3
тенденция,NOUN,,Acc:1|Nom:2,тенденции,3
определить,VERB,Inf,,определить,3
упрощать,VERB,Fin,,упрощает,3
причем,CCONJ,,,причём,3
отказываться,VERB,Inf,,отказываться,3
печенье,NOUN,,Acc:2|Ins:1,печенье,3
подниматься,VERB,Fin,,поднимался,3
нейросеть,NOUN,,Gen:3,нейросети,3
запрос,NOUN,,Acc:2|Gen:1,запрос,3
музыкальный,ADJ,,Acc:1|Gen:1|Nom:1,музыкальный,3
музыкант,NOUN,,Gen:1|Nom:2,музыканты,3
вознаграждение,NOUN,,Gen:1|Nom:2,вознаграждения,3
шарф,NOUN,,Loc:1|Nom:2,шарфах,3
судья,NOUN,,Nom:3,судьи,3
фанат,NOUN,,Dat:1|Gen:1|Ins:1,фанатов,3
ритм,NOUN,,Acc:2|Loc:1,ритм,3
напряженный,ADJ,,Acc:1|Gen:2,напряжённых,3
свидетельство,NOUN,,Acc:1|Gen:1|Nom:1,свидетельство,3
животноводство,NOUN,,Gen:1|Loc:1|Nom:1,животноводства,3
затрата,NOUN,,Acc:1|Dat:1|Gen:1,затратам,3
повторяться,VERB,Fin,,повторяется,3
выполнять,VERB,Inf,,выполняться,3
служить,VERB,Inf,,служить,3
привыкать,VERB,Fin,,привыкает,3
включение,NOUN,,Gen:3,включения,3
закреплять,VERB,Fin,,закрепляется,3
машинный,ADJ,,Acc:1|Gen:1|Nom:1,машинного,3
меню,NOUN,,Acc:2|Gen:1,меню,3
разговорный,ADJ,,Acc:2|Loc:1,разговорном,3
открывать,VERB,Fin,,открывает,3
допускать,VERB,Fin,,допускают,3
исчезнуть,VERB,Fin,,исчезнет,3
крыша,NOUN,,Gen:1|Ins:1|Nom:1,крышей,3
самостоятельность,NOUN,,Acc:2|Nom:1,самостоятельность,3
мастерская,NOUN,,Acc:2|Nom:1,мастерские,3
передаваться,VERB,Inf,,передаваться,3
медицина,NOUN,,Gen:2|Loc:1,медицины,3
июнь,NOUN,,Gen:2|Loc:1,июня,3
перелом,NOUN,,Acc:1|Ins:1|Nom:1,переломом,3
основное,NOUN,,Loc:3,основном,3
гражданский,ADJ,,Acc:1|Ins:1|Nom:1,гражданские,3
встроить,VERB,Part,Gen:1,встроенных,3
никак,ADV,,,никак,3
ии,NOUN,,Gen:2|Nom:1,ИИ,3
приспосабливаться,VERB,Fin,,приспосабливались,3
i,NUM,,,I,3
ориентировать,VERB,Part,Acc:1|Dat:1|Nom:1,ориентированные,3
создать,VERB,Fin,,создала,3
1,NUM,,,1,3
лечь,VERB,Fin,,легли,3
темный,ADJ,,Loc:1|Nom:1,тёмные,3
надежда,NOUN,,Acc:2|Nom:1,надежда,3
польза,NOUN,,Acc:1|Gen:1|Nom:1,пользы,3
свободно,ADV,,,свободнее,3
действовать,VERB,Inf,,действовать,3
оформлять,VERB,Inf,,оформлять,3
двое,NUM,,Acc:2|Nom:1,двоих,3
делить,VERB,Fin,,поделили,3
кириллица,NOUN,,Nom:3,Кириллица,3
средневековый,ADJ,,Gen:2|Loc:1,средневековой,3
письменный,ADJ,,Gen:1|Loc:1|Nom:1,письменной,3
молодёжь,NOUN,,Nom:3,молодёжь,3
готовность,NOUN,,Acc:2|Gen:1,готовность,3
сменить,VERB,Inf,,сменить,3
прав,ADJ,,,правы,3
ошибаться,VERB,Fin,,ошибаются,3
противоречие,NOUN,,Acc:1|Gen:1|Ins:1,противоречие,3
смотровой,ADJ,,Gen:1|Loc:2,смотровой,3
выстроиться,VERB,Fin,,выстроилась,3
поехать,VERB,Inf,,поехать,3
разделить,VERB,Inf,,разделить,3
искать,VERB,Fin,,ищут,3
распределить,VERB,Inf,,распределить,3
заболевание,NOUN,,Gen:3,заболеваний,3
раз,SCONJ,,,раз,3
забота,NOUN,,Ins:1|Nom:2,заботы,3
партнер,NOUN,,Acc:1|Gen:1|Ins:1,партнёра,3
работать,VERB,Part,Ins:1|Nom:2,работающими,3
ложиться,VERB,Fin,,ложится,3
договориться,VERB,Inf,,договориться,3
склад,NOUN,,Acc:1|Loc:1|Nom:1,складе,3
извиниться,VERB,Fin,,извинились,3
вернуть,VERB,Inf,,вернуть,3
выбрать,VERB,Fin,,Выбрал,3
25,NUM,,,25,3
растение,NOUN,,Acc:1|Gen:2,растений,3
гуманитарный,ADJ,,Acc:1|Gen:1|Ins:1,гуманитарную,3
бронь,NOUN,,Acc:1|Nom:2,бронь,3
карточка,NOUN,,Acc:1|Gen:1|Nom:1,карточку,3
сыграть,VERB,Fin,,сыграл,3
проза,NOUN,,Gen:1|Nom:2,прозы,3
обсуждать,VERB,Inf,,обсуждать,3
стекло,NOUN,,Acc:1|Ins:1|Nom:1,стекло,3
соответствие,NOUN,,Acc:1|Loc:2,соответствии,3
контейнер,NOUN,,Acc:2|Dat:1,контейнерам,3
требовать,VERB,Part,Acc:2|Gen:1,требующее,3
микроорганизм,NOUN,,Gen:3,микроорганизмов,3
знаменитый,ADJ,,Acc:1|Ins:1|Nom:1,знаменитым,3
авангард,NOUN,,Acc:2|Gen:1,авангард,3
перестройка,NOUN,,Gen:3,перестройки,3
записать,VERB,Part,Acc:2|Dat:1,записанному,3
якобы,ADV,,,якобы,3
переплетаться,VERB,Fin,,переплетаются,3
застройка,NOUN,,Acc:1|Nom:2,застройка,3
тень,NOUN,,Acc:2|Gen:1,тень,3
остров,NOUN,,Gen:2|Loc:1,острова,3
светлый,ADJ,,Acc:1,светлые,3
показать,VERB,Inf,,показать,3
род,NOUN,,Gen:3,родов,3
преступление,NOUN,,Nom:3,Преступление,3
диалог,NOUN,,Acc:1|Gen:2,диалоги,3
объявлять,VERB,Fin,,объявляют,3
держать,VERB,Fin,,держу,3
выброс,NOUN,,Gen:3,выбросов,3
обязательство,NOUN,,Acc:1|Nom:2,обязательства,3
приоритет,NOUN,,Acc:1|Gen:2,приоритеты,3
придумать,VERB,Fin,,придумают,3
писать,VERB,Inf,,написать,3
нарушение,NOUN,,Ins:2|Nom:1,нарушением,3
студия,NOUN,,Dat:2|Gen:1,студии,3
частность,NOUN,,Loc:3,частности,3
юрисдикция,NOUN,,Gen:3,юрисдикции,3
чат,NOUN,,Loc:3,чате,3
составление,NOUN,,Gen:1|Nom:2,составления,3
непривычный,ADJ,,Ins:1|Loc:1,непривычным,3
потенциальный,ADJ,,Acc:2|Gen:1,потенциального,3
бесконечный,ADJ,,Gen:1|Nom:2,бесконечная,3
назвать,VERB,Inf,,назвать,3
шрифт,NOUN,,Gen:1|Ins:1|Nom:1,шрифтом,3
печать,NOUN,,Acc:1|Nom:2,печать,3
подвижной,ADJ,,Gen:2|Ins:1,подвижных,3
литер,NOUN,,Gen:3,литер,3
сегодняшний,ADJ,,Acc:2|Gen:1,сегодняшний,3
вперед,ADV,,,вперёд,3
заказывать,VERB,Inf,,заказывать,3
посоветовать,VERB,Fin,,посоветуете,3
записать,VERB,Fin,,Записал,3
невеста,NOUN,,Gen:2|Nom:1,Невеста,3
платье,NOUN,,Acc:1|Loc:2,платье,3
мать,NOUN,,Gen:1|Nom:2,матери,3
останавливаться,VERB,Fin,,останавливалась,3
коллекционирование,NOUN,,Acc:1|Gen:2,коллекционирования,3
задолго,ADV,,,задолго,3
нравиться,VERB,Fin,,нравится,3
дружба,NOUN,,Loc:1|Nom:2,дружба,3
стриминг,NOUN,,Acc:1|Gen:1|Nom:1,стриминг,3
фиксировать,VERB,Part,Acc:1,фиксированную,3
порог,NOUN,,Acc:2|Nom:1,порог,3
завести,VERB,Inf,,завести,3
зелень,NOUN,,Acc:3,зелень,3
трогать,VERB,Fin,,трогаю,3
погибнуть,VERB,Fin,,погиб,3
перелет,NOUN,,Gen:1|Nom:2,перелёта,3
адрес,NOUN,,Acc:3,адрес,3
проснуться,VERB,Fin,,Проснулся,3
компенсация,NOUN,,Acc:2|Gen:1,компенсацию,3
урал,PROPN,,Ins:1|Nom:2,Урал,3
надпись,NOUN,,Acc:1|Ins:2,надписью,3
сводить,VERB,Inf,,сводить,3
соседский,ADJ,,Acc:1|Dat:1|Gen:1,соседских,3
полномочие,NOUN,,Gen:1|Nom:2,полномочия,3
подпись,NOUN,,Acc:1|Ins:1|Nom:1,подпись,3
тишина,NOUN,,Acc:1|Nom:2,тишина,3
произносить,VERB,Fin,,произносил,3
равновесие,NOUN,,Gen:2|Nom:1,равновесия,3
соперник,NOUN,,Gen:2|Nom:1,соперники,3
решиться,VERB,Fin,,решилось,3
наверняка,ADV,,,наверняка,3
режиссёр,NOUN,,Nom:3,режиссёр,3
связный,ADJ,,Acc:1|Gen:2,связного,3
повествование,NOUN,,Acc:1|Gen:2,повествования,3
доллар,NOUN,,Dat:1|Gen:2,доллару,3
импортный,ADJ,,Acc:1|Gen:1|Ins:1,импортные,3
колебание,NOUN,,Acc:1|Gen:2,колебания,3
миссия,NOUN,,Acc:1|Gen:1|Loc:1,миссий,3
запуск,NOUN,,Gen:1|Loc:1|Nom:1,запусках,3
разработка,NOUN,,Acc:2|Loc:1,разработке,3
помимо,ADP,,,Помимо,3
франция,PROPN,,Gen:1|Loc:1|Nom:1,Франция,3
чехов,PROPN,,Gen:2|Nom:1,Чехова,3
оказать,VERB,Fin,,оказала,3
итальянский,ADJ,,Acc:2|Nom:1,итальянскую,3
разложить,VERB,Fin,,Разложили,3
порция,NOUN,,Acc:1|Ins:1|Nom:1,порцией,3
мороженое,NOUN,,Acc:1|Gen:2,мороженого,3
увлечься,VERB,Fin,,увлёкся,3
вслух,ADV,,,вслух,3
выдавать,VERB,Fin,,выдавал,3
скрыть,VERB,Part,Acc:2,скрытые,3
возникновение,NOUN,,Gen:2|Loc:1,возникновении,3
сочинение,NOUN,,Gen:3,сочинения,3
код,NOUN,,Acc:2|Gen:1,код,3
умение,NOUN,,Acc:1|Nom:2,умение,3
разрешить,VERB,Part,Gen:1,разрешённого,3
чайковский,PROPN,,Gen:1|Nom:2,Чайковский,3
выразительность,NOUN,,Gen:2|Ins:1,выразительностью,3
композитор,NOUN,,Gen:2|Nom:1,композитор,3
лебединый,ADJ,,Acc:1|Gen:1|Nom:1,Лебединое,3
мелодия,NOUN,,Nom:3,мелодии,3
узнаваемый,ADJ,,Gen:2,узнаваемы,3
стыдно,ADV,,,стыдно,3
столик,NOUN,,Acc:1|Dat:1|Nom:1,столик,3
повторить,VERB,Inf,,повторить,3
двенадцатый,ADJ,,Gen:1|Loc:2,двенадцатом,3
южный,ADJ,,Acc:1|Loc:1,юго,3
бывший,ADJ,,Gen:2|Nom:1,бывшей,3
распространить,VERB,Part,Acc:1,распространённые,3
опираться,VERB,Fin,,опиралась,3
андрей,PROPN,,Ins:1|Nom:2,Андрей,3
египет,PROPN,,Loc:3,Египте,3
смесь,NOUN,,Acc:1|Ins:1|Nom:1,смесью,3
найти,VERB,Part,Gen:1|Ins:1,найденными,3
стандарт,NOUN,,Dat:1|Nom:2,стандарту,3
мастерство,NOUN,,Gen:2|Nom:1,мастерство,3
признать,VERB,Part,Gen:1,признанной,3
глобальный,ADJ,,Ins:1|Loc:2,глобальном,3
вокруг,ADV,,,вокруг,3
жаловаться,VERB,Fin,,жалуются,3
отправить,VERB,Fin,,отправили,3
разбираться,VERB,Inf,,разбираться,3
балалайка,NOUN,,Nom:3,Балалайка,3
отпечаток,NOUN,,Acc:1|Nom:2,отпечаток,3
отзыв,NOUN,,Acc:1|Gen:1|Nom:1,отзывов,3
доверие,NOUN,,Acc:2|Gen:1,доверия,3
читательский,ADJ,,Acc:1|Gen:1|Nom:1,читательские,3
археолог,NOUN,,Nom:3,археолог,3
воспринимать,VERB,Inf,,воспринимать,3
грунт,NOUN,,Acc:1|Gen:1|Nom:1,грунта,3
публичный,ADJ,,Acc:2|Gen:1,публичный,3
немногие,ADJ,,Gen:1|Loc:1|Nom:1,немногие,3
встретиться,VERB,Fin,,встретятся,3
слышать,VERB,Inf,,услышать,3
противоположный,ADJ,,Acc:1|Ins:1|Nom:1,Противоположная,3
внизу,ADV,,,внизу,3
высота,NOUN,,Gen:1|Ins:1|Loc:1,высоты,3
розовый,ADJ,,Acc:1|Gen:1|Nom:1,розовые,3
вовсе,ADV,,,вовсе,3
правление,NOUN,,Acc:1|Gen:1|Nom:1,правление,3
новгород,PROPN,,Gen:1|Loc:1|Nom:1,Новгород,3
объединение,NOUN,,Gen:2|Nom:1,объединение,3
совет,NOUN,,Acc:2|Gen:1,совет,3
браться,VERB,Fin,,берусь,3
благотворительный,ADJ,,Acc:1|Loc:1|Nom:1,благотворительной,3
расти,VERB,Inf,,расти,3
эксплуатация,NOUN,,Dat:1|Ins:1|Loc:1,эксплуатации,3
заправка,NOUN,,Gen:1|Nom:2,заправок,3
зарядка,NOUN,,Acc:2|Gen:1,зарядки,3
болтать,VERB,Fin,,болтали,3
снятие,NOUN,,Gen:3,снятия,3
заработок,NOUN,,Acc:1|Ins:1|Nom:1,заработок,3
детектив,NOUN,,Acc:1|Loc:1|Nom:1,детективы,3
еле,PART,,,еле,3
девушка,NOUN,,Gen:1|Nom:2,девушки,3
ходить,VERB,Inf,,ходить,3
одиночка,NOUN,,Acc:2|Gen:1,одиночку,3
физически,ADV,,,физически,3
похоже,ADV,,,Похоже,3
параллельно,ADV,,,параллельно,3
въезд,NOUN,,Acc:2|Nom:1,въезд,3
выделить,VERB,Part,Gen:1,выделенных,3
табличка,NOUN,,Nom:3,таблички,3
знание,NOUN,,Acc:1|Gen:2,знания,3
начинать,VERB,Inf,,начинать,3
допоздна,ADV,,,допоздна,3
отделение,NOUN,,Acc:2|Nom:1,отделения,3
выдача,NOUN,,Acc:3,выдачу,3
ветвь,NOUN,,Acc:1|Gen:2,ветви,3
говор,NOUN,,Gen:2|Loc:1,говоров,3
лексика,NOUN,,Acc:3,лексику,3
сравнительный,ADJ,,Gen:1|Nom:1,сравнительно,3
соперничество,NOUN,,Gen:2|Nom:1,соперничества,3
увеличивать,VERB,Fin,,увеличивали,3
удобство,NOUN,,Gen:1|Ins:1|Nom:1,удобством,3
учитель,NOUN,,Dat:1|Gen:1|Ins:1,учителя,3
правильно,ADV,,,правильно,3
показ,NOUN,,Acc:1|Gen:1|Nom:1,показ,3
учитывать,VERB,Inf,,учитывать,3
сопровождаться,VERB,Fin,,сопровождаются,3
лайт,NOUN,,Dat:1|Nom:2,лайт,3
определение,NOUN,,Gen:1|Loc:1|Nom:1,определении,3
1980-й,ADJ,,Gen:3,1980-х,3
валентина,PROPN,,Gen:2|Nom:1,Валентина,3
календарь,NOUN,,Gen:3,календаря,3
мечтать,VERB,Fin,,мечтала,3
лена,PROPN,,Nom:3,Лена,3
еще,PART,,,ещё,3
уснуть,VERB,Inf,,уснуть,3
пробовать,VERB,Fin,,Пробовала,3
стихотворение,NOUN,,Acc:1|Dat:1|Gen:1,стихотворение,3
формулировать,VERB,Inf,,сформулировать,3
помнить,VERB,Inf,,помнить,3
предположение,NOUN,,Gen:2|Nom:1,предположений,3
изучить,VERB,Part,Dat:1|Nom:1,изучены,3
произношение,NOUN,,Acc:1|Gen:1|Nom:1,произношение,3
мунк,PROPN,,Gen:1|Nom:2,Мунка,3
переживание,NOUN,,Acc:1|Gen:1|Ins:1,переживанием,3
переосмысление,NOUN,,Gen:2|Nom:1,переосмыслений,3
бегать,VERB,Inf,,бегать,3
посадка,NOUN,,Acc:2|Nom:1,посадку,3
шар,NOUN,,Gen:2|Ins:1,шарами,3
недавний,ADJ,,Ins:1|Loc:1|Nom:1,недавними,3
удаться,VERB,Fin,,удалось,3
диапазон,NOUN,,Gen:1|Ins:1|Nom:1,диапазона,3
издание,NOUN,,Gen:1|Nom:2,изданий,3
упрощение,NOUN,,Ins:3,упрощением,3
следить,VERB,Inf,,следить,3
заметка,NOUN,,Acc:2|Loc:1,заметке,3
журналист,NOUN,,Dat:2|Nom:1,журналисту,3
следовать,VERB,Fin,,следует,3
база,NOUN,,Dat:1|Loc:1|Nom:1,база,3
задавать,VERB,Inf,,задавать,3
пожар,NOUN,,Gen:1|Ins:1|Nom:1,пожара,3
открыть,VERB,Part,Gen:1|Nom:1,открыто,3
смешанный,ADJ,,Nom:3,Смешанные,3
бегать,VERB,Fin,,бегаю,3
ручной,ADJ,,Gen:1|Loc:2,ручной,3
класть,NOUN,,Gen:1|Loc:2,клади,3
экскурсия,NOUN,,Acc:2|Nom:1,экскурсию,3
эмпирический,ADJ,,Gen:1|Nom:2,Эмпирические,3
производительность,NOUN,,Acc:2|Gen:1,производительность,3
выписать,VERB,Fin,,выписала,3
добавить,VERB,Inf,,добавить,3
внезапно,ADV,,,внезапно,3
отдыхать,VERB,Fin,,отдыхала,3
симптом,NOUN,,Dat:1|Gen:1|Nom:1,симптомам,3
относительный,ADJ,,Nom:3,относительные,3
строительный,ADJ,,Gen:3,строительной,3
делать,VERB,Part,Acc:1|Ins:1,сделан,3
привезти,VERB,Fin,,привезут,3
буддизм,NOUN,,Gen:1|Ins:1|Nom:1,буддизм,3
краткий,ADJ,,Acc:1|Ins:1|Nom:1,краткие,3
проведение,NOUN,,Ins:1|Nom:2,проведение,3
управлять,VERB,Fin,,управляют,3
представить,VERB,Fin,,представила,3
кошка,NOUN,,Acc:3,кошку,3
ловля,VERB,Fin,,ловлю,3
катя,PROPN,,Dat:1|Gen:1|Ins:1,Кате,3
поехать,VERB,Fin,,поедет,3
включить,VERB,Fin,,включила,3
статистический,ADJ,,Gen:1|Loc:1|Nom:1,статистическое,3
ведомство,NOUN,,Nom:3,ведомство,3
пройти,VERB,Part,Acc:1|Nom:2,прошедший,3
добросовестный,ADJ,,Gen:2|Nom:1,добросовестного,3
династия,NOUN,,Gen:2|Nom:1,Династия,3
романов,PROPN,,Acc:1|Gen:2,Романовых,3
михаил,PROPN,,Acc:1|Gen:1|Nom:1,Михаила,3
ближний,ADJ,,Gen:1|Loc:2,Ближнего,3
исключение,NOUN,,Gen:1|Nom:2,исключения,3
погребение,NOUN,,Dat:1|Loc:1|Nom:1,погребение,3
самиздат,NOUN,,Acc:1|Nom:2,Самиздат,3
продавать,VERB,Fin,,продают,3
неоднозначный,ADJ,,Acc:1,неоднозначные,3
вторник,NOUN,,Acc:3,вторник,3
пирожок,NOUN,,Acc:2|Gen:1,пирожков,3
полотенец,NOUN,,Acc:1|Ins:2,полотенцем,3
начинка,NOUN,,Acc:2|Ins:1,начинкой,3
лук,NOUN,,Acc:1|Gen:1|Nom:1,лук,3
вдвое,ADV,,,вдвое,3
репортаж,NOUN,,Acc:2|Nom:1,репортаж,3
доказательство,NOUN,,Dat:1|Ins:1|Loc:1,доказательствам,3
применяться,VERB,Fin,,применяется,3
зимний,ADJ,,Gen:2|Nom:1,зимнего,3
блка,NOUN,,Acc:1|Nom:2,ёлка,3
дед,PROPN,,Gen:1|Nom:2,Дед,3
оператор,NOUN,,Gen:1|Nom:2,оператора,3
сообщать,VERB,Fin,,сообщали,3
удаваться,VERB,Fin,,удавалось,3
изучать,VERB,Inf,,изучать,3
съемка,NOUN,,Gen:1|Nom:2,съёмка,3
охота,NOUN,,Ins:2|Nom:1,охотой,3
собирательство,NOUN,,Ins:2|Nom:1,собирательством,3
подтвердить,VERB,Fin,,подтвердил,3
признать,VERB,Fin,,признал,3
воз,PROPN,,Gen:2|Nom:1,ВОЗ,3
2018,ADJ,,,2018,3
измерять,VERB,Fin,,измеряют,3
благополучие,NOUN,,Acc:1|Gen:1|Ins:1,благополучие,3
индекс,NOUN,,Gen:2|Nom:1,индексов,3
звать,VERB,Fin,,позвал,3
наушник,NOUN,,Gen:1|Loc:2,наушников,3
церковный,ADJ,,Gen:1|Loc:2,церковном,3
называться,VERB,Fin,,называется,3
рыба,NOUN,,Acc:2|Nom:1,рыба,3
воскресенье,NOUN,,Acc:2|Ins:1,воскресеньем,3
вчерашний,ADJ,,Gen:3,вчерашнего,3
петь,VERB,Fin,,пейте,3
мороз,NOUN,,Acc:2|Nom:1,морозы,3
британский,ADJ,,Gen:1|Loc:1|Nom:1,британской,3
шестнадцать,NUM,,Acc:1|Gen:1|Nom:1,шестнадцать,3
достижение,NOUN,,Acc:1|Gen:1|Nom:1,достижений,3
кстати,ADV,,,кстати,3
covid,PROPN,,,COVID,3
19,NUM,,,19,3
5,NUM,,,5,3
психический,ADJ,,Acc:1|Gen:1|Ins:1,психического,3
подработка,NOUN,,Gen:1|Nom:2,Подработка,3
ориентироваться,VERB,Fin,,ориентировались,3
ответить,VERB,Inf,,ответить,3
принять,VERB,Fin,,приняли,3
пассажир,NOUN,,Gen:1|Nom:2,Пассажир,3
задать,VERB,Inf,,задать,3
сестра,NOUN,,Acc:1|Nom:2,сестра,3
радоваться,VERB,Fin,,радуется,3
ребёнок,NOUN,,Nom:3,ребёнок,3
дарить,VERB,Fin,,подарила,3
дарить,VERB,Inf,,подарить,3
намек,NOUN,,Ins:1|Nom:2,намёком,3
сходить,VERB,Fin,,сходили,3
консульство,NOUN,,Gen:1|Loc:1|Nom:1,консульства,3
знать,VERB,Inf,,знать,3
жестовой,ADJ,,Acc:1|Nom:2,Жестовые,3
содержать,VERB,Fin,,содержал,3
указ,NOUN,,Acc:2|Gen:1,указ,3
пельмень,NOUN,,Acc:1|Nom:2,пельмени,3
распространенный,ADJ,,Dat:2|Nom:1,распространённой,3
диагноз,NOUN,,Gen:2|Nom:1,диагноз,3
ставить,VERB,Inf,,ставить,3
1967,ADJ,,,1967,3
характерный,ADJ,,Acc:1,характерные,3
осторожно,ADV,,,осторожно,3
стереотип,NOUN,,Acc:2|Nom:1,стереотипы,3
2017,ADJ,,,2017,3
ниже,ADV,,,Ниже,3
вымышить,VERB,Part,,вымышлены,3
двести,NUM,,Acc:2|Gen:1,двести,3
спортсменка,NOUN,,Nom:3,спортсменка,3
завоевать,VERB,Fin,,завоевала,3
любопытство,NOUN,,Acc:1|Ins:1|Nom:1,любопытство,3
предупреждение,NOUN,,Acc:1|Ins:1|Loc:1,предупреждениях,3
потерять,VERB,Inf,,потерять,3
талон,NOUN,,Acc:1|Loc:1|Nom:1,талон,3
захотеть,VERB,Fin,,захочу,3
1957,ADJ,,,1957,3
выставка,NOUN,,Acc:2|Nom:1,Выставка,3
серый,ADJ,,Acc:1|Gen:1|Nom:1,серое,3
привязанность,NOUN,,Acc:1|Gen:2,привязанности,3
журнал,NOUN,,Acc:1|Nom:2,журнал,3
спросить,VERB,Inf,,спросить,3
сборная,NOUN,,Nom:3,сборная,3
завершиться,VERB,Fin,,завершилось,3
2,NUM,,,2,3
чемпион,NOUN,,Ins:2|Nom:1,чемпионами,3
эссе,NOUN,,Acc:1|Gen:1|Ins:1,эссе,3
покупать,VERB,Fin,,покупают,3
дипломатический,ADJ,,Gen:2|Loc:1,дипломатических,3
пребывание,NOUN,,Gen:3,пребывания,3
сотрудничество,NOUN,,Gen:2|Nom:1,сотрудничество,3
утечка,NOUN,,Gen:1|Loc:1|Nom:1,утечках,3
сообщить,VERB,Fin,,сообщила,3
счастливый,ADJ,,Acc:1,счастливую,3
пересмотреть,VERB,Fin,,Пересмотри,3
ладно,PART,,,Ладно,3
поступить,VERB,Fin,,поступили,3
скамейка,NOUN,,Acc:1|Loc:2,скамейки,3
рацион,NOUN,,Gen:1|Loc:1|Nom:1,рационе,3
сдать,VERB,Fin,,сдала,3
осень,NOUN,,Acc:1|Ins:1|Nom:1,Осень,3
мкб,PROPN,,Gen:1|Loc:2,МКБ,3
кремль,PROPN,,Gen:2|Nom:1,Кремля,3
печь,NOUN,,Acc:2|Gen:1,печь,3
аналитик,NOUN,,Gen:1|Nom:2,Аналитики,3
закрытие,NOUN,,Gen:1|Ins:2,закрытием,3
африка,PROPN,,Gen:1|Loc:2,Африке,3
кто-нибудь,PRON,,Gen:1|Nom:2,кто-нибудь,3
демократия,NOUN,,Loc:1|Nom:2,демократия,3
крышка,NOUN,,Acc:1|Gen:2,крышек,3
медиан,NOUN,,Acc:2|Nom:1,медиану,3
посередине,ADV,,,посередине,3
поворот,NOUN,,Gen:1|Ins:1|Nom:1,повороты,3
хачапура,NOUN,,Acc:2|Nom:1,хачапури,3
курьер,NOUN,,Nom:3,курьер,3
токио,PROPN,,Loc:2|Nom:1,Токио,3
подросток,NOUN,,Gen:3,подростков,3
поздравлять,VERB,Fin,,поздравляют,3
шахматный,ADJ,,Ins:1|Loc:1|Nom:1,шахматная,3
ломоносов,PROPN,,Gen:2|Nom:1,Ломоносова,3
вычет,NOUN,,Acc:1|Gen:1|Nom:1,вычет,3
крючок,NOUN,,Acc:2|Loc:1,крючок,3
петля,NOUN,,Acc:3,петли,3
учительница,NOUN,,Gen:1|Nom:2,учительница,3
хоккей,NOUN,,Loc:2|Nom:1,Хоккей,3
крыльцо,NOUN,,Acc:1|Gen:2,крыльца,3
землетрясение,NOUN,,Gen:1|Nom:2,землетрясение,3
ревность,NOUN,,Nom:3,ревность,3
схватить,VERB,Fin,,схватил,2
рюкзак,NOUN,,Acc:1|Ins:1,рюкзак,2
лифт,NOUN,,Loc:1|Nom:1,лифте,2
кухонный,ADJ,,Ins:1|Loc:1,кухонном,2
бежать,VERB,Inf,,бежать,2
удивленно,ADV,,,удивлённо,2
собирать,VERB,Inf,,собирать,2
проживание,NOUN,,Gen:1|Nom:1,проживание,2
ложиться,VERB,Inf,,ложиться,2
увеличиваться,VERB,Fin,,увеличивается,2
общность,NOUN,,Gen:2,общности,2
приобрести,VERB,Part,Nom:1,приобретённый,2
надлежащий,ADJ,,Gen:2,надлежащего,2
четырнадцать,NUM,,Acc:1|Gen:1,четырнадцати,2
чек,NOUN,,Acc:2,Чек,2
подходить,VERB,Part,Gen:2,подходящего,2
уплатить,VERB,Part,Gen:2,уплаченной,2
уменьшение,NOUN,,Gen:2,уменьшения,2
немало,ADV,,,немало,2
автоматизация,NOUN,,Gen:1|Nom:1,автоматизация,2
вождение,NOUN,,Acc:1|Gen:1,вождения,2
снизить,VERB,Inf,,снизить,2
вина,NOUN,,Dat:1|Loc:1,вине,2
распознавание,NOUN,,Gen:2,распознавания,2
отвечать,VERB,Inf,,отвечать,2
удаленка,NOUN,,Acc:1|Loc:1,удалёнке,2
просыпаться,VERB,Fin,,Просыпаюсь,2
созвон,NOUN,,Nom:2,созвоны,2
отчет,NOUN,,Ins:2,отчётами,2
отвлекаться,VERB,Inf,,отвлекаться,2
заставлять,VERB,Fin,,заставляю,2
открывать,VERB,Inf,,открывать,2
племянник,NOUN,,Gen:1|Nom:1,племянник,2
коляска,NOUN,,Loc:2,коляске,2
дядя,NOUN,,Nom:2,дядя,2
касса,NOUN,,Gen:1|Loc:1,кассе,2
кассир,NOUN,,Nom:2,кассир,2
четыреста,NUM,,Nom:2,четыреста,2
семьдесят,NUM,,Gen:1|Nom:1,семьдесят,2
пересчитывать,VERB,Fin,,пересчитываю,2
чека,NOUN,,Loc:2,чеке,2
строка,NOUN,,Gen:1|Ins:1,строкой,2
скидок,NOUN,,Nom:2,скидка,2
контрольный,ADJ,,Gen:1|Ins:1,контрольной,2
готовиться,VERB,Fin,,готовился,2
семестро,NOUN,,Loc:2,семестре,2
парта,NOUN,,Dat:1|Loc:1,парте,2
усиление,NOUN,,Gen:1|Nom:1,усиление,2
кратковременный,ADJ,,Nom:2,кратковременный,2
миллиметр,NOUN,,Gen:2,миллиметров,2
подъем,NOUN,,Acc:1|Gen:1,подъём,2
ассоциироваться,VERB,Fin,,ассоциировался,2
экономия,NOUN,,Acc:1|Ins:1,экономией,2
продлить,VERB,Inf,,продлить,2
накопить,VERB,Inf,,накопить,2
ночной,ADJ,,Nom:2,ночной,2
действенный,ADJ,,Ins:1|Nom:1,действенный,2
пытаться,VERB,Inf,,пытаться,2
подсказка,NOUN,,Gen:2,подсказки,2
запомнить,VERB,Fin,,запомнил,2
пробел,NOUN,,Gen:1|Nom:1,пробелы,2
пол,NUM,,,пол,2
ездить,VERB,Fin,,езжу,2
перчатка,NOUN,,Acc:2,перчатки,2
экономить,VERB,Fin,,экономлю,2
бензин,NOUN,,Acc:1|Loc:1,бензине,2
разрыв,NOUN,,Nom:2,разрыв,2
бедный,ADJ,,Ins:1|Nom:1,бедными,2
усилие,NOUN,,Gen:1|Loc:1,усилиях,2
талант,NOUN,,Loc:1|Nom:1,талантах,2
промежуточный,ADJ,,Nom:2,промежуточная,2
абсолютный,ADJ,,Acc:1|Nom:1,абсолютное,2
противоречивый,ADJ,,Acc:1|Nom:1,противоречивую,2
римский,ADJ,,Gen:2,Римской,2
истощение,NOUN,,Gen:1|Loc:1,истощения,2
разлив,NOUN,,Dat:1|Gen:1,разливам,2
историк,NOUN,,Gen:1|Nom:1,Историки,2
климатический,ADJ,,Nom:2,климатический,2
добро,NOUN,,Dat:1|Gen:1,добру,2
жена,NOUN,,Dat:1|Nom:1,жене,2
обрадоваться,VERB,Fin,,обрадовалась,2
страшный,ADJ,,,страшно,2
учиться,VERB,Inf,,учиться,2
распределять,VERB,Inf,,распределять,2
снять,VERB,Fin,,Сняли,2
директор,NOUN,,Nom:2,директор,2
удивить,VERB,Fin,,удивил,2
выиграть,VERB,Fin,,выиграла,2
приз,NOUN,,Acc:2,приз,2
сертификат,NOUN,,Acc:1|Nom:1,сертификат,2
шутка,NOUN,,Acc:1|Ins:1,шуткой,2
исходить,VERB,Conv,,исходя,2
собственность,NOUN,,Dat:1|Gen:1,собственности,2
жительство,NOUN,,Gen:2,жительства,2
юрист,NOUN,,Dat:1|Gen:1,юриста,2
углекислый,ADJ,,Acc:1|Gen:1,углекислого,2
задерживать,VERB,Fin,,задерживают,2
наводнение,NOUN,,Gen:2,наводнений,2
экосистема,NOUN,,Loc:1|Nom:1,экосистемах,2
энергоэффективность,NOUN,,Gen:2,энергоэффективности,2
генетический,ADJ,,Dat:1|Nom:1,генетические,2
взаимодействовать,VERB,Fin,,взаимодействуют,2
стремиться,VERB,Fin,,стремятся,2
удерживать,VERB,Inf,,удерживать,2
объявить,VERB,Part,Gen:1,объявленной,2
инвестиция,NOUN,,Gen:2,инвестиций,2
тяжесть,NOUN,,Loc:1|Nom:1,тяжесть,2
ценовой,ADJ,,Gen:2,ценовой,2
правдоподобный,ADJ,,Acc:1|Gen:1,правдоподобных,2
поддельный,ADJ,,Acc:1|Gen:1,поддельных,2
дипфейк,NOUN,,Gen:2,дипфейков,2
срочно,ADV,,,срочно,2
жесткий,ADJ,,Acc:2,жёсткое,2
маркировка,NOUN,,Acc:1|Gen:1,маркировку,2
синтетический,ADJ,,Gen:2,синтетического,2
уголовный,ADJ,,Acc:1,уголовную,2
мошеннический,ADJ,,Loc:1|Nom:1,мошеннических,2
реставрация,NOUN,,Acc:2,реставрацию,2
введение,NOUN,,Dat:1|Gen:1,введения,2
накапливаться,VERB,Fin,,накапливается,2
невероятный,ADJ,,Ins:1|Nom:1,невероятное,2
благотворительность,NOUN,,Acc:2,благотворительность,2
разбиться,VERB,Fin,,разбилось,2
собрать,VERB,Inf,,собрать,2
сердце,NOUN,,Acc:1|Nom:1,сердце,2
совершать,VERB,Fin,,совершает,2
удаление,NOUN,,Gen:2,удаления,2
восстановить,VERB,Inf,,восстановить,2
утратить,VERB,Part,Acc:1|Gen:1,утраченную,2
покой,NOUN,,Gen:2,покоя,2
приспособить,VERB,Part,,приспособлены,2
убеждать,VERB,Fin,,убеждает,2
устаревать,VERB,Fin,,устаревают,2
ломаться,VERB,Fin,,ломаются,2
углеродный,ADJ,,Acc:1|Loc:1,углеродном,2
попросту,PART,,,попросту,2
статистически,ADV,,,статистически,2
имитация,NOUN,,Ins:1|Loc:1,имитации,2
просто,ADV,,,просто,2
французский,ADJ,,Nom:2,французская,2
пляжный,ADJ,,Acc:1|Gen:1,пляжный,2
разместить,VERB,Fin,,разместили,2
олимпиада,PROPN,,Gen:1|Ins:1,Олимпиадами,2
неожиданность,NOUN,,Gen:2,неожиданностей,2
звучать,VERB,Part,Acc:1|Gen:1,звучавшие,2
подоплёка,NOUN,,Nom:2,подоплёка,2
приобрести,VERB,Fin,,приобрели,2
порой,ADV,,,порой,2
сюжетный,ADJ,,Gen:1|Nom:1,сюжетные,2
мифология,NOUN,,Loc:1|Nom:1,мифологии,2
зло,NOUN,,Gen:1|Ins:1,злом,2
спасение,NOUN,,Acc:1|Gen:1,спасения,2
древнегреческий,ADJ,,Dat:1|Gen:1,древнегреческих,2
видеоигр,NOUN,,Gen:1|Ins:1,видеоигр,2
скандинавский,ADJ,,Nom:2,Скандинавская,2
значимость,NOUN,,Gen:1|Nom:1,значимости,2
завязка,NOUN,,Acc:2,завязку,2
однажды,ADV,,,Однажды,2
плотно,ADV,,,плотно,2
выпускать,VERB,Conv,,выпуская,2
дремать,VERB,Fin,,дремлет,2
стоять,VERB,Conv,,стоя,2
попасть,VERB,Inf,,попасть,2
лужа,NOUN,,Acc:2,лужу,2
шланг,NOUN,,Acc:1|Nom:1,шланг,2
кран,NOUN,,Ins:1|Nom:1,краном,2
соединение,NOUN,,Acc:2,соединение,2
хоть,SCONJ,,,хоть,2
вызывать,VERB,Inf,,вызывать,2
осмотреть,VERB,Fin,,осмотрел,2
заменить,VERB,Fin,,заменил,2
подозрительный,ADJ,,Acc:1|Nom:1,подозрительный,2
стрессовый,ADJ,,Nom:2,стрессовая,2
справляться,VERB,Inf,,Справляться,2
дыхательный,ADJ,,Acc:1|Nom:1,дыхательные,2
успокоиться,VERB,Inf,,успокоиться,2
умеренный,ADJ,,Gen:1|Nom:1,умеренное,2
командный,ADJ,,Gen:1|Ins:1,командной,2
многолетний,ADJ,,Acc:1|Gen:1,многолетних,2
сопоставимый,ADJ,,Acc:2,сопоставимые,2
спорить,VERB,Inf,,спорить,2
признать,VERB,Inf,,признать,2
дисциплина,NOUN,,Gen:1|Ins:1,дисциплиной,2
отражение,NOUN,,Gen:1|Ins:1,отражения,2
расстояние,NOUN,,Acc:1|Loc:1,расстояние,2
гроза,NOUN,,Gen:2,грозы,2
насыщенный,ADJ,,Ins:1,насыщенным,2
пар,NOUN,,Ins:1|Nom:1,паром,2
происходить,VERB,Inf,,происходить,2
охлаждение,NOUN,,Acc:1|Loc:1,охлаждении,2
вращение,NOUN,,Acc:1|Nom:1,вращение,2
трение,NOUN,,Nom:2,трение,2
браться,VERB,Inf,,взяться,2
перевозить,VERB,Fin,,перевожу,2
снять,VERB,Inf,,снять,2
записывать,VERB,Inf,,записывать,2
тратить,VERB,Fin,,тратил,2
приличный,ADJ,,Acc:2,приличную,2
очередной,ADJ,,Acc:1|Nom:1,очередную,2
рассмотрение,NOUN,,Loc:1|Nom:1,рассмотрении,2
голубой,ADJ,,Ins:1|Nom:1,голубым,2
молекула,NOUN,,Acc:1|Nom:1,молекулы,2
видимый,ADJ,,Dat:1|Gen:1,видимого,2
доходить,VERB,Fin,,доходит,2
оранжевый,ADJ,,Nom:1,оранжевый,2
звуковой,ADJ,,Gen:1|Nom:1,звуковая,2
скрываться,VERB,Fin,,скрываются,2
община,NOUN,,Ins:1|Loc:1,общиной,2
духовный,ADJ,,Acc:1|Dat:1,духовным,2
убеждение,NOUN,,Ins:1|Nom:1,убеждения,2
получение,NOUN,,Acc:1|Gen:1,получения,2
стипендия,NOUN,,Gen:2,стипендии,2
успеваемость,NOUN,,Gen:1|Loc:1,успеваемости,2
заслуживать,VERB,Fin,,заслуживает,2
подать,VERB,Inf,,подать,2
изучить,VERB,Inf,,изучить,2
оплачивать,VERB,Fin,,оплачивает,2
коммунальный,ADJ,,Acc:2,коммунальные,2
действовать,VERB,Part,Gen:2,действующих,2
досрочный,ADJ,,Gen:1|Loc:1,досрочном,2
выезд,NOUN,,Loc:2,выезде,2
иметься,VERB,Part,Acc:1|Nom:1,имеющиеся,2
провозить,VERB,Fin,,провозился,2
тянуть,VERB,Inf,,тянуть,2
диспетчерский,ADJ,,Acc:2,диспетчерскую,2
настроить,VERB,Fin,,настроили,2
отключить,VERB,Inf,,отключить,2
курица,NOUN,,Acc:1|Ins:1,курицей,2
салат,NOUN,,Gen:1|Nom:1,салаты,2
угол,NOUN,,Loc:2,углу,2
разноцветный,ADJ,,Ins:1|Loc:1,разноцветными,2
блок,NOUN,,Dat:1|Nom:1,ёлке,2
сесть,VERB,Inf,,сесть,2
актовый,ADJ,,Loc:1|Nom:1,актовом,2
повести,VERB,Fin,,повели,2
куратор,NOUN,,Ins:2,куратором,2
знакомиться,VERB,Fin,,Познакомился,2
одногруппник,NOUN,,Ins:1|Nom:1,одногруппниками,2
энергоноситель,NOUN,,Acc:2,энергоносители,2
колебаться,VERB,Fin,,колеблются,2
перебой,NOUN,,Nom:2,Перебои,2
промышленность,NOUN,,Gen:1|Nom:1,промышленности,2
продолжительный,ADJ,,Nom:2,продолжительная,2
субсидия,NOUN,,Acc:2,субсидии,2
устойчивость,NOUN,,Acc:1|Nom:1,устойчивость,2
энергосистема,NOUN,,Gen:2,энергосистемы,2
рождаемость,NOUN,,Gen:2,рождаемости,2
старение,NOUN,,Nom:2,старение,2
развить,VERB,Part,Loc:1|Nom:1,развитых,2
сочетаться,VERB,Fin,,сочетаются,2
продуманный,ADJ,,Gen:1|Ins:1,продуманной,2
штука,NOUN,,Gen:2,штуки,2
паста,NOUN,,Acc:2,пасту,2
специя,NOUN,,Dat:1|Ins:1,специями,2
сладость,NOUN,,Acc:1|Ins:1,сладости,2
совмещать,VERB,Fin,,совмещает,2
воркейшн,NOUN,,Nom:2,воркейшн,2
курортный,ADJ,,Acc:1|Nom:1,курортные,2
привлекать,VERB,Inf,,привлекать,2
усложнять,VERB,Fin,,усложняет,2
успешный,ADJ,,Nom:2,успешный,2
рисковать,VERB,Fin,,рискует,2
продуктивный,ADJ,,Gen:1,продуктивной,2
образовывать,VERB,Fin,,образуют,2
география,NOUN,,Ins:1|Nom:1,географией,2
хобби,NOUN,,Ins:1|Nom:1,хобби,2
единомышленник,NOUN,,Acc:1|Gen:1,единомышленников,2
родной,ADJ,,Loc:1|Nom:1,родном,2
плюс,NOUN,,Nom:2,плюсы,2
сталкиваться,VERB,Fin,,сталкивается,2
восприятие,NOUN,,Acc:1|Nom:1,восприятие,2
разобраться,VERB,Inf,,разобраться,2
экономить,VERB,Inf,,сэкономить,2
лампочка,NOUN,,Acc:1|Ins:1,лампочки,2
уходить,VERB,Inf,,уходить,2
нос,NOUN,,Acc:1|Ins:1,носом,2
шерсть,NOUN,,Acc:1|Loc:1,шерсть,2
клубок,NOUN,,Ins:2,клубком,2
звать,VERB,Inf,,позвать,2
найтись,VERB,Fin,,нашлось,2
неформальный,ADJ,,Acc:2,неформальные,2
общаться,VERB,Inf,,общаться,2
активно,ADV,,,активнее,2
отдаленный,ADJ,,Acc:2,отдалённые,2
перевозка,NOUN,,Acc:1|Loc:1,перевозки,2
индустриальный,ADJ,,Gen:2,индустриальной,2
исток,NOUN,,Acc:2,исток,2
безусловный,ADJ,,Ins:2,безусловным,2
рекордсмен,NOUN,,Ins:2,рекордсменом,2
длина,NOUN,,Acc:1|Gen:1,длину,2
рим,PROPN,,Gen:1|Loc:1,Рима,2
калининград,PROPN,,Gen:2,Калининграда,2
чукотка,PROPN,,Gen:2,Чукотки,2
географический,ADJ,,Ins:1|Nom:1,географический,2
незамерзший,ADJ,,Gen:2,незамёрзшей,2
пресный,ADJ,,Gen:2,пресной,2
глубина,NOUN,,Dat:1|Gen:1,глубине,2
информационный,ADJ,,Loc:2,информационном,2
потепление,NOUN,,Gen:1|Nom:1,потепление,2
даться,VERB,Fin,,дались,2
неподалёку,ADV,,,неподалёку,2
лестница,NOUN,,Dat:2,лестнице,2
неотделимый,ADJ,,,неотделимо,2
обучаться,VERB,Fin,,обучалась,2
формулировать,VERB,Fin,,формулирует,2
болельщик,NOUN,,Gen:1|Nom:1,болельщики,2
ловко,ADV,,,ловко,2
объединить,VERB,Part,Acc:1|Gen:1,объединённые,2
обсуждать,VERB,Part,Gen:1|Nom:1,обсуждаемых,2
отменять,VERB,Fin,,отменяет,2
нести,VERB,Inf,,нести,2
нейронаука,NOUN,,Gen:1|Nom:1,нейронауки,2
готовиться,VERB,Inf,,готовиться,2
аналог,NOUN,,Acc:1|Nom:1,аналоги,2
максимально,ADV,,,максимально,2
текстура,NOUN,,Acc:2,текстуру,2
клетка,NOUN,,Gen:1|Loc:1,клеток,2
выращивание,NOUN,,Gen:1|Ins:1,выращивания,2
насекомое,NOUN,,Gen:2,насекомых,2
определить,VERB,Part,Acc:1|Nom:1,определённое,2
пить,VERB,Inf,,пить,2
компьютер,NOUN,,Gen:1|Ins:1,компьютера,2
размышление,NOUN,,Gen:1|Ins:1,размышлений,2
требоваться,VERB,Fin,,требуется,2
уложиться,VERB,Inf,,уложиться,2
назначить,VERB,Part,Acc:1,назначенное,2
переводить,VERB,Inf,,переводить,2
коммуникация,NOUN,,Dat:1|Gen:1,коммуникации,2
организовывать,VERB,Inf,,организовать,2
учитывать,VERB,Fin,,учитывают,2
потребность,NOUN,,Acc:1|Gen:1,потребности,2
пустовать,VERB,Part,Gen:2,пустующих,2
хозяин,NOUN,,Nom:2,хозяева,2
уехать,VERB,Fin,,уехали,2
превращать,VERB,Fin,,превращает,2
населенный,ADJ,,Gen:2,населённого,2
страх,NOUN,,Gen:1|Ins:1,страха,2
грань,NOUN,,Nom:2,грань,2
внешность,NOUN,,Acc:1|Ins:1,внешность,2
фронт,NOUN,,Loc:1|Nom:1,фронт,2
1941,ADJ,,,1941,2
союзник,NOUN,,Gen:2,союзников,2
сталинград,PROPN,,Ins:2,Сталинградом,2
курск,PROPN,,Ins:2,Курском,2
победа,NOUN,,Gen:1|Nom:1,Победа,2
войска,NOUN,,Gen:1|Nom:1,войск,2
немецкий,ADJ,,Acc:1|Gen:1,немецкого,2
повторять,VERB,Inf,,повторять,2
усиливать,VERB,Inf,,усиливать,2
ранее,ADV,,,ранее,2
дискриминация,NOUN,,Acc:1|Gen:1,дискриминацию,2
контролировать,VERB,Inf,,контролировать,2
нести,VERB,Fin,,несут,2
выполнять,VERB,Fin,,выполняет,2
дефицит,NOUN,,Acc:1|Nom:1,дефицит,2
кондиционер,NOUN,,Nom:2,Кондиционеры,2
совершить,VERB,Fin,,совершил,2
западноевропейский,ADJ,,Acc:2,западноевропейские,2
административный,ADJ,,Acc:2,административные,2
флот,NOUN,,Acc:1|Nom:1,флот,2
перестроить,VERB,Part,,перестроена,2
берег,NOUN,,Gen:1|Loc:1,берегах,2
перенести,VERB,Fin,,перенесли,2
жестко,ADV,,,жёстко,2
плед,NOUN,,Acc:1|Nom:1,плед,2
фонарь,NOUN,,Gen:1|Ins:1,фонарей,2
темнота,NOUN,,Dat:1|Nom:1,темноте,2
падать,VERB,Part,Loc:1|Nom:1,падающая,2
молча,ADV,,,молча,2
слушать,VERB,Conv,,слушая,2
избавиться,VERB,Inf,,избавиться,2
полгод,NOUN,,Nom:2,полгода,2
когда-нибудь,ADV,,,когда-нибудь,2
освободиться,VERB,Fin,,освободилось,2
надеть,VERB,Inf,,надеть,2
класть,VERB,Inf,,положить,2
превратиться,VERB,Fin,,превратился,2
владение,NOUN,,Gen:1|Nom:1,Владение,2
задание,NOUN,,Gen:1|Ins:1,заданий,2
сеанс,NOUN,,Acc:1|Gen:1,сеанс,2
кирилл,PROPN,,Gen:1|Nom:1,Кирилла,2
греческий,ADJ,,Loc:1|Nom:1,греческие,2
глаголица,NOUN,,Acc:1|Nom:1,глаголицу,2
алфавит,NOUN,,Acc:1|Nom:1,алфавит,2
письменность,NOUN,,Gen:1|Ins:1,письменностью,2
неоднократно,ADV,,,неоднократно,2
старший,ADJ,,Nom:1,старшее,2
гибкость,NOUN,,Dat:1|Nom:1,гибкость,2
мерка,NOUN,,Acc:1|Gen:1,мерку,2
откуда,ADV,,,откуда,2
идеальный,ADJ,,Nom:2,идеальный,2
делиться,VERB,Inf,,поделиться,2
обеспечить,VERB,Inf,,обеспечить,2
тёплый,ADJ,,Acc:1|Nom:1,тёплый,2
бок,NOUN,,Ins:2,боком,2
затихнуть,VERB,Fin,,затих,2
питомец,NOUN,,Acc:1|Gen:1,питомца,2
пойти,VERB,Inf,,пойти,2
материально,ADV,,,материально,2
договоренность,NOUN,,Dat:1|Nom:1,договорённости,2
перемена,NOUN,,Acc:1|Nom:1,перемены,2
неравномерно,ADV,,,неравномерно,2
кроссовки,NOUN,,Nom:2,кроссовки,2
впустую,ADV,,,впустую,2
приложить,VERB,Fin,,приложил,2
либо,CCONJ,,,либо,2
отправить,VERB,Inf,,отправить,2
курьера,NOUN,,Loc:2,курьере,2
поверхностный,ADJ,,Gen:1|Ins:1,поверхностной,2
озера,NOUN,,Dat:1|Gen:1,озёрам,2
достигать,VERB,Inf,,достигать,2
вторжение,NOUN,,Gen:1|Nom:1,вторжение,2
украина,PROPN,,Acc:1|Dat:1,Украину,2
привести,VERB,Fin,,привело,2
внутренне,ADV,,,внутренне,2
перемести,VERB,Part,Ins:2,перемещёнными,2
неоднородный,ADJ,,Ins:2,неоднородной,2
сдержанный,ADJ,,Acc:1|Ins:1,сдержанную,2
акцент,NOUN,,Acc:1|Nom:1,акцент,2
заниматься,VERB,Inf,,заниматься,2
завершение,NOUN,,Gen:2,завершения,2
забронировать,VERB,Part,,забронирован,2
сейф,NOUN,,Nom:2,сейф,2
столько,ADV,,,столько,2
втянуться,VERB,Fin,,втянулся,2
чистка,NOUN,,Acc:1|Gen:1,чистки,2
ограничить,VERB,Inf,,ограничить,2
оставить,VERB,Inf,,оставить,2
элита,NOUN,,Acc:1|Nom:1,элита,2
престижный,ADJ,,Acc:1|Ins:1,престижным,2
пушкин,PROPN,,Gen:1|Nom:1,Пушкин,2
драматический,ADJ,,Gen:1|Ins:1,драматических,2
напоминать,VERB,Fin,,напоминает,2
будний,ADJ,,Nom:2,будний,2
пластик,NOUN,,Acc:1|Gen:1,пластик,2
сортировка,NOUN,,Gen:1|Nom:1,сортировки,2
останавливаться,VERB,Inf,,останавливаться,2
превратиться,VERB,Inf,,превратиться,2
бактерия,NOUN,,Acc:1|Gen:1,бактерий,2
микробиота,NOUN,,Ins:2,микробиотой,2
волокно,NOUN,,Gen:2,волокон,2
микробиот,NOUN,,Gen:1|Nom:1,Микробиота,2
инфекция,NOUN,,Acc:1|Gen:1,инфекций,2
показать,VERB,Part,,показано,2
соединить,VERB,Part,Nom:1,соединены,2
режиссер,NOUN,,Acc:1|Gen:1,режиссёра,2
лев,PROPN,,Gen:1|Nom:1,Льва,2
стать,VERB,Part,Acc:1|Gen:1,ставший,2
играть,VERB,Part,Ins:1|Nom:1,играющим,2
согласно,ADP,,,согласно,2
сергей,PROPN,,Gen:1|Nom:1,Сергей,2
развить,VERB,Fin,,развил,2
использовать,VERB,Conv,,используя,2
контрастный,ADJ,,Gen:2,контрастных,2
эмоциональный,ADJ,,Gen:2,эмоционального,2
смысловой,ADJ,,Gen:2,смыслового,2
узнавать,VERB,Part,Gen:2,узнаваемого,2
геометрический,ADJ,,Dat:2,геометрическим,2
плакат,NOUN,,Gen:1|Nom:1,плакатов,2
сократиться,VERB,Fin,,сократилось,2
тридцатый,ADJ,,Acc:1|Loc:1,тридцатые,2
дизайн,NOUN,,Acc:1|Gen:1,дизайн,2
запоминать,VERB,Fin,,запоминаются,2
биография,NOUN,,Gen:2,биографии,2
ньютон,PROPN,,Acc:1|Nom:1,Ньютона,2
заем,NOUN,,Gen:2,займа,2
срочный,ADJ,,Gen:1|Nom:1,срочных,2
занимать,VERB,Inf,,занимать,2
резерв,NOUN,,Gen:1|Ins:1,резерва,2
отдавать,VERB,Fin,,отдают,2
высоко,ADV,,,выше,2
выбрасывать,VERB,Fin,,выбрасывают,2
насаждение,NOUN,,Gen:2,насаждений,2
окраина,NOUN,,Ins:1|Loc:1,окраиной,2
смягчение,NOUN,,Dat:2,смягчению,2
толстой,PROPN,,Acc:1|Gen:1,Толстого,2
достоевский,PROPN,,Gen:2,Достоевского,2
потрясение,NOUN,,Gen:1|Ins:1,потрясениями,2
хроника,NOUN,,Acc:1|Nom:1,хронику,2
наказание,NOUN,,Nom:2,наказание,2
раскрывать,VERB,Fin,,раскрывают,2
приближение,NOUN,,Acc:1|Ins:1,приближение,2
белье,NOUN,,Gen:2,белья,2
цветочный,ADJ,,Acc:1|Loc:1,цветочные,2
по-другому,ADV,,,по-другому,2
лопата,NOUN,,Acc:2,лопату,2
ежегодно,ADV,,,ежегодно,2
развиваться,VERB,Part,Dat:1|Gen:1,развивающимся,2
экспортер,NOUN,,Acc:1|Gen:1,экспортёров,2
компромисс,NOUN,,Acc:1|Gen:1,компромисс,2
реалистичный,ADJ,,Gen:1|Ins:1,реалистичным,2
издатель,NOUN,,Acc:1|Gen:1,издателей,2
жюри,NOUN,,Gen:1|Nom:1,жюри,2
меняться,VERB,Part,Gen:1|Nom:1,меняющихся,2
копирование,NOUN,,Ins:1|Nom:1,копирование,2
образовательный,ADJ,,Gen:1|Loc:1,образовательных,2
соответствующий,ADJ,,Gen:2,соответствующей,2
повсюду,ADV,,,повсюду,2
непереносимость,NOUN,,Gen:1|Nom:1,непереносимости,2
подать,VERB,Fin,,подал,2
орех,NOUN,,Acc:1|Ins:1,орехами,2
избегать,VERB,Inf,,избегать,2
вкусный,ADJ,,Acc:1,вкусно,2
навигатор,NOUN,,Dat:1|Loc:1,навигаторе,2
рутинный,ADJ,,Acc:1|Gen:1,рутинных,2
массив,NOUN,,Gen:1|Nom:1,массивов,2
предстоять,VERB,Fin,,предстоит,2
наряду,ADV,,,наряду,2
расширять,VERB,Fin,,расширяют,2
изобретение,NOUN,,Loc:1|Nom:1,изобретении,2
гутенберг,PROPN,,Acc:1|Gen:1,Гутенберга,2
наборный,ADJ,,Ins:1|Nom:1,наборным,2
одиннадцатый,ADJ,,Gen:1|Loc:1,одиннадцатом,2
тринадцатый,ADJ,,Loc:2,тринадцатом,2
краска,NOUN,,Gen:1|Nom:1,краски,2
механический,ADJ,,Gen:1|Nom:1,механического,2
запустить,VERB,Fin,,запустила,2
кровать,NOUN,,Gen:1|Loc:1,кровати,2
доверять,VERB,Inf,,доверять,2
планирование,NOUN,,Gen:1|Nom:1,планирования,2
лосось,NOUN,,Nom:2,лосось,2
какой-нибудь,DET,,Acc:1|Nom:1,какой-нибудь,2
лёгкий,ADJ,,Nom:2,лёгкий,2
скоро,ADV,,,скоро,2
жених,NOUN,,Gen:1|Nom:1,Жених,2
танец,NOUN,,Gen:1|Ins:1,танцами,2
тост,NOUN,,Ins:2,тостами,2
артист,NOUN,,Gen:2,артиста,2
мерч,NOUN,,Gen:2,мерча,2
пересматривать,VERB,Inf,,пересматривать,2
надоесть,VERB,Fin,,надоело,2
поливать,VERB,Inf,,поливать,2
готовка,NOUN,,Ins:1|Nom:1,готовкой,2
плита,NOUN,,Gen:1|Loc:1,плиты,2
такси,NOUN,,Acc:1|Loc:1,такси,2
становиться,VERB,Conv,,становясь,2
гладкий,ADJ,,Ins:2,гладкими,2
мышца,NOUN,,Gen:1|Nom:1,мышц,2
нервный,ADJ,,Ins:2,нервной,2
камень,NOUN,,Acc:1|Nom:1,камни,2
соответствовать,VERB,Part,Acc:1|Nom:1,соответствующие,2
разуметься,VERB,Part,Ins:2,разумеющимся,2
данный,ADJ,,Acc:2,данный,2
деление,NOUN,,Nom:2,деление,2
невысокий,ADJ,,Ins:1|Nom:1,невысокая,2
горный,ADJ,,Nom:2,горная,2
сфотографироваться,VERB,Inf,,сфотографироваться,2
традиционно,ADV,,,традиционно,2
картографический,ADJ,,Nom:2,картографические,2
отличие,NOUN,,Acc:1|Nom:1,отличие,2
здороваться,VERB,Fin,,здороваются,2
портить,VERB,Fin,,портит,2
нация,PROPN,,Gen:2,Наций,2
совет,PROPN,,Gen:1|Nom:1,Совет,2
безопасность,PROPN,,Gen:2,Безопасности,2
блокировать,VERB,Inf,,заблокировать,2
прощание,NOUN,,Gen:2,прощания,2
расписывать,VERB,Fin,,расписывались,2
оттенок,NOUN,,Gen:2,оттенков,2
шуметь,VERB,Inf,,шуметь,2
повышаться,VERB,Fin,,повышается,2
производить,VERB,Fin,,производится,2
снижать,VERB,Inf,,снижать,2
теоретический,ADJ,,Gen:1|Nom:1,теоретического,2
строго,ADV,,,строго,2
держаться,VERB,Fin,,держатся,2
останавливать,VERB,Fin,,останавливал,2
забить,VERB,Fin,,забила,2
сровнять,VERB,Fin,,сравняли,2
мяч,NOUN,,Gen:1|Nom:1,мяч,2
дважды,ADV,,,дважды,2
пролетать,VERB,Fin,,пролетал,2
пенальти,NOUN,,Gen:2,пенальти,2
удар,NOUN,,Acc:1|Gen:1,удар,2
фиксация,NOUN,,Acc:1|Ins:1,фиксацию,2
действительность,NOUN,,Gen:1|Ins:1,действительности,2
драматургия,NOUN,,Acc:1|Gen:1,драматургию,2
сокращать,VERB,Inf,,сокращать,2
честный,ADJ,,Ins:1,честным,2
ведущий,ADJ,,Dat:1|Gen:1,ведущим,2
сказываться,VERB,Fin,,сказывается,2
электроника,NOUN,,Acc:2,электронику,2
закупать,VERB,Fin,,закупает,2
поддержать,VERB,Inf,,поддержать,2
зависеть,VERB,Part,Gen:1|Nom:1,зависящих,2
адресный,ADJ,,Acc:2,адресную,2
ограничиваться,VERB,Fin,,ограничиваются,2
наличие,NOUN,,Gen:1|Nom:1,наличия,2
громкий,ADJ,,Acc:1|Nom:1,громкое,2
накопить,VERB,Fin,,накопил,2
карьерный,ADJ,,Acc:1|Gen:1,карьерного,2
полета,NOUN,,Acc:1|Nom:1,полёты,2
орбитальный,ADJ,,Acc:1|Gen:1,орбитальных,2
коммерческий,ADJ,,Loc:1|Nom:1,коммерческий,2
агентство,NOUN,,Gen:1|Nom:1,агентства,2
частый,ADJ,,Gen:1|Loc:1,частых,2
сделка,NOUN,,Acc:1|Gen:1,сделку,2
twitter,PROPN,,,Twitter,2
первоначально,ADV,,,первоначально,2
согласовать,VERB,Part,Gen:2,согласованных,2
модерация,NOUN,,Gen:2,модерации,2
заявить,VERB,Part,Acc:1|Dat:1,заявленный,2
франц,PROPN,,Gen:1|Nom:1,Франца,2
мобилизация,NOUN,,Gen:2,мобилизаций,2
вступление,NOUN,,Acc:1|Gen:1,вступления,2
перерасти,VERB,Fin,,перерастут,2
визит,NOUN,,Acc:1|Nom:1,визит,2
сдержанность,NOUN,,Nom:2,сдержанность,2
понемногу,ADV,,,понемногу,2
острый,ADJ,,Acc:2,острую,2
лапша,NOUN,,Acc:1|Nom:1,лапшу,2
карри,NOUN,,Acc:1|Nom:1,карри,2
рис,NOUN,,Acc:1|Ins:1,рисом,2
корейский,ADJ,,Acc:1|Ins:1,корейские,2
приходить,VERB,Inf,,приходить,2
растянуться,VERB,Fin,,растянулась,2
закончить,VERB,Fin,,Закончили,2
победитель,NOUN,,Gen:1|Nom:1,победителя,2
счесть,VERB,Inf,,посчитать,2
гарантия,NOUN,,Gen:1|Nom:1,гарантий,2
дефект,NOUN,,Gen:2,дефекта,2
прописать,VERB,Part,Acc:1|Gen:1,прописанные,2
противник,NOUN,,Nom:2,Противники,2
переложить,VERB,Inf,,переложить,2
учиться,VERB,Fin,,учился,2
исполнять,VERB,Part,Gen:2,исполняемых,2
симфония,NOUN,,Acc:1|Ins:1,симфониями,2
тревожный,ADJ,,Ins:1|Nom:1,тревожными,2
репертуар,NOUN,,Gen:1|Loc:1,репертуаре,2
встретиться,VERB,Inf,,встретиться,2
реально,ADV,,,реально,2
конспект,NOUN,,Acc:2,конспекты,2
разбирать,VERB,Fin,,разбирали,2
попросить,VERB,Fin,,попросила,2
тихий,ADV,,,потише,2
входить,VERB,Fin,,входит,2
монгольский,ADJ,,Gen:1|Nom:1,монгольского,2
правитель,NOUN,,Gen:2,правителей,2
предметный,ADJ,,Gen:1|Ins:1,предметной,2
конструкция,NOUN,,Gen:1|Nom:1,конструкций,2
дословно,ADV,,,дословно,2
переводчик,NOUN,,Dat:1|Ins:1,переводчику,2
иконопись,NOUN,,Gen:1|Nom:1,иконописи,2
крещение,NOUN,,Ins:1|Loc:1,крещением,2
желток,NOUN,,Ins:1|Loc:1,желтке,2
монах,NOUN,,Gen:1|Nom:1,монах,2
вершина,NOUN,,Gen:2,вершин,2
мумий,NOUN,,Gen:2,мумий,2
разрабатывать,VERB,Fin,,разрабатывали,2
мумия,NOUN,,Nom:2,мумии,2
ценный,ADJ,,Acc:1|Ins:1,ценную,2
удалённый,ADJ,,Acc:2,удалённый,2
сослаться,VERB,Conv,,сославшись,2
кандидат,NOUN,,Gen:1|Nom:1,кандидатов,2
офисный,ADJ,,Gen:1|Ins:1,офисной,2
классика,NOUN,,Ins:2,классикой,2
многократный,ADJ,,Acc:1|Gen:1,многократное,2
классик,NOUN,,Gen:1|Nom:1,классики,2
считать,VERB,Part,Nom:2,считавшиеся,2
навсегда,ADV,,,навсегда,2
торопиться,VERB,Inf,,торопиться,2
открыто,ADV,,,открыто,2
заимствовать,VERB,Fin,,заимствует,2
путать,VERB,Fin,,путает,2
открыть,VERB,Inf,,открыть,2
порча,NOUN,,Ins:2,порчей,2
словарь,NOUN,,Acc:1|Gen:1,словари,2
утрата,NOUN,,Ins:1|Loc:1,утратой,2
единственно,PART,,,единственно,2
новосибирск,PROPN,,Acc:2,Новосибирск,2
бронирование,NOUN,,Acc:1|Nom:1,бронирование,2
администратор,NOUN,,Nom:2,администратор,2
родственный,ADJ,,Ins:1|Nom:1,родственными,2
евразия,PROPN,,Gen:2,Евразии,2
xvii,ADJ,,,XVII,2
распространиться,VERB,Fin,,распространилась,2
ярмарка,NOUN,,Ins:1|Loc:1,ярмарках,2
сопровождать,VERB,Fin,,сопровождает,2
оркестр,NOUN,,Gen:1|Nom:1,оркестров,2
фольклорный,ADJ,,Loc:2,фольклорных,2
ансамбль,NOUN,,Ins:1|Loc:1,ансамблях,2
торговец,NOUN,,Dat:1|Nom:1,торговцам,2
крепость,NOUN,,Nom:2,крепость,2
искать,VERB,Part,Nom:2,искавшие,2
крепостной,ADJ,,Gen:1|Nom:1,крепостных,2
планировка,NOUN,,Ins:1|Loc:1,планировке,2
получать,VERB,Inf,,получать,2
посредник,NOUN,,Gen:1|Ins:1,посредниками,2
обман,NOUN,,Gen:2,обмана,2
прижиться,VERB,Fin,,прижилась,2
открыться,VERB,Fin,,открылась,2
оформить,VERB,Inf,,оформить,2
троянский,ADJ,,Gen:1|Nom:1,Троянская,2
вымысел,NOUN,,Ins:2,вымыслом,2
холм,NOUN,,Ins:1|Loc:1,холме,2
северый,ADJ,,,северо,2
западный,ADJ,,Acc:1|Loc:1,западной,2
обнаружить,VERB,Fin,,обнаружил,2
поселение,NOUN,,Acc:1|Nom:1,поселение,2
датировка,NOUN,,Acc:1|Dat:1,датировку,2
предание,NOUN,,Gen:2,предания,2
произойти,VERB,Part,Gen:2,произошедшего,2
отделить,VERB,Inf,,отделить,2
буквальный,ADJ,,Acc:2,буквальный,2
протокол,NOUN,,Acc:2,протокол,2
сотня,NOUN,,Acc:1|Ins:1,сотни,2
вечный,ADJ,,Ins:2,вечной,2
рыболовство,NOUN,,Ins:1|Nom:1,рыболовство,2
верхний,ADJ,,Gen:1|Nom:1,верхних,2
полотно,NOUN,,Gen:1|Nom:1,полотно,2
сценарий,NOUN,,Loc:1|Nom:1,сценарии,2
openai,PROPN,,,OpenAI,2
набрать,VERB,Fin,,наберёт,2
велосипедист,NOUN,,Nom:2,велосипедист,2
отложить,VERB,Inf,,отложить,2
учебник,NOUN,,Acc:1|Nom:1,учебник,2
нарисовать,VERB,Fin,,нарисовали,2
видимо,ADV,,,видимо,2
угодно,ADV,,,угодно,2
справедливость,NOUN,,Gen:1|Loc:1,справедливости,2
слабость,NOUN,,Gen:1|Nom:1,слабости,2
красота,NOUN,,Acc:1|Gen:1,красоту,2
парень,NOUN,,Nom:2,парень,2
тон,NOUN,,Acc:1|Ins:1,тона,2
прыжок,NOUN,,Acc:1|Ins:1,прыжком,2
фотографировать,VERB,Inf,,фотографировать,2
вживую,ADV,,,вживую,2
князь,NOUN,,Nom:2,князья,2
тесно,ADV,,,теснее,2
расписать,VERB,Fin,,расписали,2
закупка,NOUN,,Gen:1|Nom:1,закупка,2
поход,NOUN,,Loc:1|Nom:1,походе,2
шепот,NOUN,,Ins:2,шёпотом,2
упоминать,VERB,Fin,,упоминают,2
терапевт,NOUN,,Acc:1|Ins:1,терапевта,2
ссылка,NOUN,,Dat:1|Nom:1,ссылки,2
тревожность,NOUN,,Acc:1|Loc:1,тревожности,2
выгорание,NOUN,,Gen:1|Loc:1,выгорании,2
наедине,ADV,,,наедине,2
решающий,ADJ,,Acc:2,решающую,2
студенческий,ADJ,,Acc:1|Gen:1,студенческие,2
бедность,NOUN,,Acc:1|Loc:1,бедности,2
системный,ADJ,,Gen:1|Loc:1,системной,2
волонтер,NOUN,,Ins:2,волонтёром,2
значить,VERB,Fin,,значит,2
электромобиль,NOUN,,Gen:1|Nom:1,электромобилей,2
бензиновый,ADJ,,Acc:1|Gen:1,бензиновых,2
аккумулятор,NOUN,,Gen:2,аккумуляторов,2
доступный,ADV,,,доступнее,2
утилизация,NOUN,,Acc:1|Nom:1,утилизация,2
батарея,NOUN,,Gen:1|Ins:1,батарей,2
олей,PROPN,,Ins:2,Олей,2
разговаривать,VERB,Fin,,разговаривали,2
поссориться,VERB,Fin,,Поссорились,2
ерунда,NOUN,,Gen:2,ерунды,2
прийти,VERB,Inf,,прийти,2
грустный,ADJ,,Ins:1,грустно,2
применить,VERB,Part,Gen:2,применимой,2
переходить,VERB,Fin,,переходит,2
развлекательный,ADJ,,Acc:1|Ins:1,развлекательной,2
выбирать,VERB,Conv,,выбирая,2
фрагментарный,ADJ,,Acc:1|Dat:1,фрагментарное,2
зайти,VERB,Fin,,Зашла,2
распродажа,NOUN,,Acc:1|Nom:1,распродажа,2
свитер,NOUN,,Acc:2,свитер,2
ссора,NOUN,,Gen:2,ссоры,2
переполнить,VERB,Part,Loc:1|Nom:1,переполненном,2
видеозвонка,NOUN,,Nom:2,видеозвонки,2
находить,VERB,Inf,,находить,2
платный,ADJ,,Ins:1|Nom:1,платный,2
автомобильный,ADJ,,Acc:1|Nom:1,автомобильный,2
следовать,VERB,Inf,,следовать,2
неверный,ADJ,,Acc:1,неверный,2
ошибочный,ADJ,,Ins:1|Nom:1,ошибочным,2
величина,NOUN,,Nom:2,величина,2
суждение,NOUN,,Acc:1|Gen:1,суждение,2
античный,ADJ,,Dat:1|Loc:1,античной,2
служить,VERB,Fin,,служили,2
сведение,NOUN,,Gen:1|Nom:1,сведений,2
побережье,NOUN,,Gen:1|Loc:1,побережьях,2
улучшение,NOUN,,Gen:1|Loc:1,улучшения,2
южный,PROPN,,,Южной,2
чувствовать,VERB,Inf,,чувствовать,2
разумность,NOUN,,Gen:2,разумности,2
страдать,VERB,Inf,,страдать,2
взаимный,ADJ,,Acc:1|Dat:1,взаимной,2
идеально,ADV,,,идеально,2
уведомление,NOUN,,Acc:2,уведомления,2
наличный,ADJ,,Gen:2,наличных,2
процедура,NOUN,,Nom:2,процедура,2
мобильный,ADJ,,Acc:2,мобильное,2
украинский,ADJ,,Nom:2,украинский,2
белорусский,ADJ,,Nom:2,белорусский,2
сходный,ADJ,,Acc:1|Ins:1,сходные,2
грамматический,ADJ,,Acc:1|Nom:1,грамматические,2
реконструировать,VERB,Fin,,реконструируют,2
однородный,ADJ,,Gen:1,однородны,2
дожидаться,VERB,Conv,,дожидаясь,2
федеральный,ADJ,,Gen:1|Nom:1,федерального,2
игрок,NOUN,,Ins:1|Nom:1,игрок,2
неизбежно,ADV,,,неизбежно,2
беречь,VERB,Fin,,береги,2
раздражать,VERB,Fin,,раздражает,2
непосредственный,ADJ,,Acc:1|Nom:1,непосредственное,2
фиксировать,VERB,Fin,,фиксирует,2
актерский,ADJ,,Nom:2,Актёрская,2
иллюстрация,NOUN,,Ins:2,иллюстрациями,2
издательский,ADJ,,Acc:1|Loc:1,издательских,2
новел,NOUN,,Nom:2,новел,2
аним,NOUN,,Acc:1|Nom:1,аниме,2
стриминговый,ADJ,,Dat:1|Gen:1,стриминговым,2
хэллоуин,PROPN,,Nom:2,Хэллоуин,2
тематический,ADJ,,Acc:1|Ins:1,тематическим,2
заимствование,NOUN,,Nom:2,заимствование,2
ветеринар,NOUN,,Ins:2,ветеринаром,2
стас,PROPN,,Nom:2,Стас,2
кофейня,NOUN,,Acc:1|Nom:1,кофейню,2
забавный,ADJ,,,Забавно,2
слушать,VERB,Inf,,слушать,2
мечта,NOUN,,Acc:1|Ins:1,мечтой,2
лежать,VERB,Inf,,лежать,2
поэзия,NOUN,,Gen:2,поэзии,2
звучание,NOUN,,Acc:1|Nom:1,звучание,2
лингвистика,NOUN,,Gen:1|Loc:1,лингвистике,2
проверить,VERB,Part,Acc:1,проверена,2
почувствовать,VERB,Fin,,почувствовал,2
оригиналь,NOUN,,Loc:2,оригинале,2
объявить,VERB,Inf,,объявить,2
вылететь,VERB,Fin,,вылетели,2
самолет,NOUN,,Acc:2,самолёт,2
планшет,NOUN,,Acc:1|Gen:1,планшет,2
запасной,ADJ,,Acc:1|Gen:1,запасные,2
отменить,VERB,Fin,,отменили,2
устать,VERB,Fin,,устала,2
закладывать,VERB,Fin,,закладываю,2
дочка,NOUN,,Gen:1|Nom:1,дочки,2
твердо,ADV,,,твёрдо,2
принцесса,NOUN,,Gen:2,принцесс,2
слеза,NOUN,,Gen:1|Nom:1,слёзы,2
волноваться,VERB,Fin,,Волнуюсь,2
особенный,ADJ,,Acc:1|Nom:1,особенное,2
кора,NOUN,,Ins:1|Nom:1,кора,2
обращать,VERB,Fin,,обращают,2
доказывать,VERB,Fin,,доказывает,2
наблюдать,VERB,Inf,,наблюдать,2
установить,VERB,Inf,,установить,2
вспомогательный,ADJ,,Nom:2,вспомогательный,2
самостоятельно,ADV,,,самостоятельно,2
закрепиться,VERB,Fin,,закрепился,2
осикац,NOUN,,Acc:1|Nom:1,осикацу,2
поклонник,NOUN,,Gen:1|Nom:1,поклонник,2
предпосылка,NOUN,,Acc:1|Gen:1,предпосылок,2
неизбежный,ADJ,,Loc:1,неизбежном,2
эволюция,NOUN,,Gen:1|Nom:1,эволюции,2
отвечать,VERB,Part,Acc:1|Nom:1,отвечающие,2
освещение,NOUN,,Acc:1|Gen:1,освещения,2
кинопрокат,NOUN,,Gen:1|Nom:1,кинопроката,2
затруднить,VERB,Part,,затруднено,2
уточнять,VERB,Fin,,уточняются,2
проверяемый,VERB,Part,Gen:1|Loc:1,проверяемых,2
хроник,NOUN,,Gen:1|Nom:1,хроники,2
превращать,VERB,Conv,,превращая,2
нестандартный,ADJ,,Acc:1|Gen:1,нестандартные,2
осваивать,VERB,Inf,,осваивать,2
ii,NUM,,,II,2
большой,PROPN,,,Большого,2
1853,ADJ,,,1853,2
съесть,VERB,Inf,,съесть,2
методика,NOUN,,Gen:1|Nom:1,методики,2
немалый,ADJ,,Acc:1|Nom:1,немалая,2
звено,NOUN,,Gen:1|Nom:1,звенья,2
внести,VERB,Inf,,внести,2
съедобный,ADJ,,Acc:1|Gen:1,съедобных,2
парламент,NOUN,,Acc:1|Loc:1,парламенте,2
партийный,ADJ,,Gen:2,партийной,2
пропорциональный,ADJ,,Gen:1|Loc:1,пропорциональном,2
представительство,NOUN,,Gen:1|Loc:1,представительстве,2
деревянный,ADJ,,Nom:2,деревянные,2
тренер,NOUN,,Dat:1|Nom:1,тренер,2
тренажер,NOUN,,Acc:1|Nom:1,тренажёры,2
ориентироваться,VERB,Conv,,ориентируясь,2
соблюдение,NOUN,,Acc:1|Nom:1,соблюдение,2
собеседование,NOUN,,Gen:1|Nom:1,Собеседование,2
посвятить,VERB,Fin,,посвятила,2
вакансия,NOUN,,Acc:1|Gen:1,вакансии,2
иметь,VERB,Inf,,иметь,2
слабый,ADJ,,Ins:1|Loc:1,слабых,2
подготовить,VERB,Part,Acc:1|Gen:1,подготовленной,2
успокаивать,VERB,Fin,,успокаивает,2
назначить,VERB,Fin,,назначим,2
принимать,VERB,Inf,,принимать,2
наугад,ADV,,,наугад,2
обмениваться,VERB,Fin,,обмениваются,2
выигрывать,VERB,Fin,,выигрывают,2
грубый,ADJ,,Ins:1,груб,2
экономист,NOUN,,Nom:2,экономисты,2
дыхание,NOUN,,Gen:1|Loc:1,дыхания,2
запутаться,VERB,Fin,,запуталась,2
привозить,VERB,Fin,,привозят,2
забрать,VERB,Inf,,забрать,2
астроном,NOUN,,Nom:2,астрономы,2
солнце,PROPN,,Acc:1|Gen:1,Солнце,2
экзопланет,NOUN,,Gen:2,экзопланет,2
ислам,NOUN,,Gen:1|Nom:1,ислам,2
перерождение,NOUN,,Gen:1|Loc:1,перерождений,2
возникнуть,VERB,Part,Gen:1|Loc:1,возникших,2
индия,PROPN,,Loc:2,Индии,2
карма,NOUN,,Loc:1|Nom:1,карма,2
индуистский,ADJ,,Loc:1|Nom:1,индуистские,2
кредитный,ADJ,,Dat:1|Gen:1,кредитной,2
валютный,ADJ,,Gen:1|Ins:1,валютными,2
инстанция,NOUN,,Gen:2,инстанции,2
наблюдательный,ADJ,,Acc:1|Gen:1,наблюдательные,2
звёзд,NOUN,,Gen:2,звёзд,2
исключать,VERB,Inf,,исключать,2
излучение,NOUN,,Gen:1|Nom:1,излучение,2
неправильный,ADJ,,Gen:1|Ins:1,неправильным,2
открываться,VERB,Fin,,открывался,2
приток,NOUN,,Gen:1|Nom:1,Приток,2
определенный,VERB,Part,Loc:2,определённых,2
бизнес,NOUN,,Gen:2,бизнеса,2
приют,NOUN,,Loc:1|Nom:1,Приют,2
сетка,NOUN,,Acc:1|Gen:1,сетки,2
вольер,NOUN,,Gen:2,вольеров,2
сапог,NOUN,,Loc:1|Nom:1,сапогах,2
трасса,NOUN,,Gen:1|Loc:1,трассе,2
видеться,VERB,Fin,,виделись,2
медовый,ADJ,,Acc:1|Nom:1,медовый,2
снизиться,VERB,Fin,,снизился,2
сравнивать,VERB,Fin,,сравнивают,2
привести,VERB,Part,Nom:2,приведённые,2
увольнение,NOUN,,Gen:2,увольнения,2
здоровый,ADJ,,Acc:1|Nom:1,здоровая,2
сомневаться,VERB,Fin,,сомневается,2
монархия,NOUN,,Gen:1|Nom:1,монархии,2
петр,PROPN,,Ins:1|Loc:1,Петре,2
–xix,NUM,,,–XIX,2
администрация,NOUN,,Nom:2,администрация,2
праздновать,VERB,Fin,,праздновали,2
отсюда,ADV,,,отсюда,2
умерший,NOUN,,Gen:1|Ins:1,умершими,2
священный,ADJ,,Acc:1|Loc:1,священные,2
пробежка,NOUN,,Gen:1|Loc:1,пробежке,2
исключить,VERB,Inf,,исключить,2
повредить,VERB,Part,Acc:1,повреждена,2
связка,NOUN,,Gen:1|Loc:1,связок,2
надежно,ADV,,,надёжно,2
фестиваль,NOUN,,Acc:1|Nom:1,фестивали,2
отбор,NOUN,,Acc:1|Nom:1,отбор,2
указать,VERB,Fin,,указала,2
очный,ADJ,,Gen:2,очного,2
мария,PROPN,,Nom:2,Мария,2
перенос,NOUN,,Gen:1|Ins:1,переноса,2
предложить,VERB,Inf,,предложить,2
благодарить,VERB,Fin,,поблагодарила,2
формальный,ADJ,,Gen:2,формальных,2
поймать,VERB,Fin,,поймала,2
отнимать,VERB,Fin,,отнимало,2
дрожжи,NOUN,,Gen:1|Nom:1,Дрожжи,2
липнуть,VERB,Inf,,липнуть,2
накрыть,VERB,Fin,,Накрой,2
заняться,VERB,Fin,,займись,2
огонь,NOUN,,Loc:1|Nom:1,огне,2
кусочек,NOUN,,Acc:2,кусочки,2
класть,VERB,Fin,,положи,2
вакцинация,NOUN,,Dat:2,вакцинации,2
вакцина,NOUN,,Dat:1|Ins:1,вакцинами,2
слух,NOUN,,Gen:2,слухов,2
популизм,NOUN,,Acc:1|Nom:1,популизм,2
влиятельный,ADJ,,Acc:1|Gen:1,влиятельных,2
выражать,VERB,Fin,,выражала,2
рассматривать,VERB,Inf,,рассматривать,2
сходство,NOUN,,Nom:2,сходство,2
возникать,VERB,Inf,,возникать,2
позднейший,ADJ,,Acc:1|Nom:1,позднейшие,2
популяризировать,VERB,Fin,,популяризировал,2
превращать,VERB,Inf,,превращать,2
незаконный,ADJ,,Loc:1|Nom:1,незаконные,2
находиться,VERB,Inf,,находиться,2
понимать,VERB,Inf,,понимать,2
праздничный,ADJ,,Ins:1|Nom:1,праздничная,2
подвергнуться,VERB,Fin,,подверглись,2
новогодний,ADJ,,Acc:1|Loc:1,новогоднюю,2
светский,ADJ,,Nom:2,светский,2
наткнуться,VERB,Fin,,наткнулась,2
общаться,VERB,Fin,,общались,2
привет,NOUN,,Acc:2,привет,2
особо,ADV,,,особо,2
вспоминать,VERB,Conv,,вспоминая,2
выпускной,ADJ,,Loc:2,выпускном,2
случайный,ADJ,,Acc:1|Dat:1,случайной,2
забыть,VERB,Inf,,забыть,2
разработать,VERB,Part,Nom:1,разработана,2
проверяться,VERB,Fin,,проверялась,2
пилот,NOUN,,Gen:1|Loc:1,пилотах,2
приёма,NOUN,,Gen:2,приёма,2
вслед,ADV,,,вслед,2
регистрация,NOUN,,Dat:1|Loc:1,регистрации,2
испытывать,VERB,Fin,,испытывает,2
шестой,ADJ,,Acc:1|Gen:1,шестой,2
министр,NOUN,,Nom:2,министр,2
облегчать,VERB,Fin,,облегчает,2
подтолкнуть,VERB,Inf,,подтолкнуть,2
виноватый,ADJ,,,виноват,2
преобладание,NOUN,,Ins:1|Nom:1,преобладание,2
танцпол,NOUN,,Acc:1|Nom:1,танцпол,2
вуз,NOUN,,Gen:2,вузов,2
руководить,VERB,Part,Loc:1|Nom:1,руководящих,2
доклад,NOUN,,Loc:1|Nom:1,доклад,2
нынешний,ADJ,,Gen:1|Loc:1,нынешних,2
1972,ADJ,,,1972,2
показательный,ADJ,,,Показателен,2
венеция,PROPN,,Gen:1|Loc:1,Венеции,2
2021,NUM,,,2021,2
угроза,NOUN,,Ins:2,угрозой,2
заход,NOUN,,Acc:1|Dat:1,заход,2
однодневный,ADJ,,Gen:2,однодневных,2
провести,VERB,Part,Nom:2,проведённый,2
выбраться,VERB,Inf,,выбраться,2
пост,NOUN,,Gen:1|Ins:1,постом,2
календар,NOUN,,Loc:2,календаре,2
молочный,ADJ,,Nom:2,молочные,2
масленица,PROPN,,Acc:1|Nom:1,Масленица,2
марс,PROPN,,Loc:2,Марсе,2
наса,PROPN,,,NASA,2
отправиться,VERB,Fin,,отправился,2
аппарат,NOUN,,Acc:1|Nom:1,аппарат,2
трещина,NOUN,,Gen:1|Nom:1,трещин,2
беспокоить,VERB,Fin,,беспокоит,2
кашель,NOUN,,Nom:2,Кашель,2
дышать,VERB,Inf,,Дышать,2
владивосток,PROPN,,Ins:2,Владивостоком,2
китайский,ADJ,,Gen:1,Китайско,2
перенести,VERB,Inf,,перенести,2
спускаться,VERB,Fin,,спускалась,2
пауза,NOUN,,Acc:1|Nom:1,паузу,2
безналичный,ADJ,,Nom:2,безналичные,2
смартфон,NOUN,,Dat:1|Gen:1,смартфонам,2
сбой,NOUN,,Gen:1|Loc:1,сбое,2
оплатить,VERB,Inf,,оплатить,2
в-третьих,ADV,,,В-третьих,2
2015,ADJ,,,2015,2
производственный,ADJ,,Acc:1|Nom:1,производственные,2
завод,NOUN,,Loc:2,заводе,2
микросхема,NOUN,,Gen:2,микросхем,2
ослабевать,VERB,Fin,,ослабевал,2
подтолкнуть,VERB,Fin,,подтолкнул,2
блокнот,NOUN,,Nom:2,блокнот,2
добраться,VERB,Inf,,добраться,2
блокнота,NOUN,,Ins:1|Loc:1,блокноте,2
галочка,NOUN,,Acc:1|Dat:1,галочку,2
купить,VERB,Part,,куплены,2
гуттман,PROPN,,Gen:2,Гуттмана,2
1948,ADJ,,,1948,2
пациент,NOUN,,Acc:1|Gen:1,пациентов,2
1960,ADJ,,,1960,2
комитет,NOUN,,Nom:2,комитет,2
высший,ADJ,,Acc:1|Gen:1,высших,2
расширить,VERB,Fin,,расширили,2
закрыть,VERB,Fin,,закрыли,2
чрезвычайный,ADJ,,Gen:1|Ins:1,чрезвычайной,2
2020,NUM,,,2020,2
май,NOUN,,Gen:1|Loc:1,мая,2
подверженный,ADJ,,,подвержены,2
звездный,ADJ,,Loc:1|Nom:1,звёздной,2
фигура,NOUN,,Acc:1|Gen:1,фигуры,2
созвездие,NOUN,,Gen:2,созвездий,2
1922,ADJ,,,1922,2
очертание,NOUN,,Acc:2,очертания,2
презентация,NOUN,,Loc:1|Nom:1,презентация,2
зеркало,NOUN,,Acc:1|Ins:1,зеркалом,2
регламент,NOUN,,Nom:2,Регламент,2
сообщать,VERB,Inf,,сообщать,2
запрещать,VERB,Fin,,запрещает,2
приватность,NOUN,,Gen:2,приватности,2
повторять,VERB,Fin,,повторяют,2
2009,ADJ,,,2009,2
uber,PROPN,,,Uber,2
примерный,ADJ,,Acc:2,примерную,2
верховный,ADJ,,Gen:1|Nom:1,Верховный,2
директива,NOUN,,Acc:1|Nom:1,директиву,2
встречаться,VERB,Inf,,встречаться,2
кончиться,VERB,Fin,,Кончилось,2
разойтись,VERB,Fin,,Разошлись,2
карл,PROPN,,Nom:2,Карл,2
замечание,NOUN,,Acc:1|Gen:1,замечания,2
аналогия,NOUN,,Nom:2,аналогии,2
опасность,NOUN,,Nom:2,Опасность,2
подменять,VERB,Fin,,подменяет,2
глава,NOUN,,Acc:1|Nom:1,главу,2
мучить,VERB,Fin,,мучают,2
следователь,NOUN,,Nom:2,следователь,2
красиво,ADV,,,красиво,2
рассказывать,VERB,Inf,,рассказывать,2
загореться,VERB,Fin,,загорелся,2
страховка,NOUN,,Acc:1|Nom:1,страховка,2
устать,VERB,Part,Ins:1|Nom:1,уставшие,2
k-pop,PROPN,,,K-pop,2
связывать,VERB,Inf,,связывать,2
2012,ADJ,,,2012,2
критиковать,VERB,Fin,,критикуют,2
выпить,VERB,Inf,,выпить,2
вылет,NOUN,,Dat:1|Gen:1,вылету,2
глобализация,NOUN,,Acc:1|Nom:1,глобализация,2
стирать,VERB,Fin,,стирает,2
уезжать,VERB,Fin,,уезжает,2
переставать,VERB,Fin,,перестаёт,2
конвенция,PROPN,,Loc:1|Nom:1,Конвенции,2
нематериальный,ADJ,,Gen:2,нематериального,2
2003,ADJ,,,2003,2
храниться,VERB,Fin,,хранится,2
лингвист,NOUN,,Gen:1|Nom:1,лингвиста,2
жестовый,ADJ,,Nom:2,жестовый,2
глухой,ADJ,,Gen:1|Loc:1,глухих,2
1951,ADJ,,,1951,2
молчать,VERB,Fin,,молчат,2
щи,NOUN,,Acc:2,щи,2
квашеный,ADJ,,Gen:2,квашеной,2
кружка,NOUN,,Acc:1|Gen:1,кружки,2
стакан,NOUN,,Acc:1|Ins:1,стаканом,2
кружок,NOUN,,Acc:1|Loc:1,кружок,2
ухо,NOUN,,Gen:1|Loc:1,уха,2
сибирь,PROPN,,Acc:1|Ins:1,Сибирью,2
раскладывать,VERB,Fin,,раскладывают,2
отправлять,VERB,Fin,,отправляют,2
проблемный,ADJ,,Acc:1|Gen:1,проблемное,2
превышать,VERB,Fin,,превышает,2
мол,ADV,,,мол,2
1928,ADJ,,,1928,2
периодный,ADJ,,Acc:1|Nom:1,периодные,2
опираться,VERB,Inf,,опираться,2
заплыв,NOUN,,Gen:2,заплыва,2
награда,NOUN,,Gen:1|Nom:1,награда,2
установление,NOUN,,Acc:1|Gen:1,установления,2
назвать,VERB,Part,,названы,2
коллективный,ADJ,,Acc:1|Dat:1,коллективные,2
принудительный,ADJ,,Gen:1|Ins:1,принудительного,2
профсоюз,NOUN,,Acc:1|Nom:1,профсоюз,2
достоинство,NOUN,,Ins:1|Nom:1,достоинствами,2
надзорный,ADJ,,Acc:1|Nom:1,надзорные,2
фильтр,NOUN,,Acc:1|Gen:1,фильтра,2
обходиться,VERB,Fin,,обходилась,2
больно,ADV,,,больно,2
выяснить,VERB,Fin,,выяснила,2
стоматолог,NOUN,,Acc:1|Dat:1,стоматологам,2
мальчик,NOUN,,Nom:2,мальчики,2
фамилия,NOUN,,Acc:2,фамилии,2
гулять,VERB,Fin,,гуляем,2
цензура,NOUN,,Acc:1|Gen:1,цензуру,2
правозащитный,ADJ,,Gen:1|Nom:1,правозащитный,2
выходить,VERB,Part,Nom:2,выходивший,2
запретить,VERB,Part,Ins:1,запрещённой,2
только,CCONJ,,,только,2
стул,NOUN,,Acc:1|Loc:1,стуле,2
посвятить,VERB,Part,,посвящена,2
подойти,VERB,Inf,,подойти,2
пояснение,NOUN,,Ins:2,пояснением,2
о,INTJ,,,о,2
недаром,ADV,,,недаром,2
идентичность,NOUN,,Gen:2,идентичности,2
пиаж,PROPN,,Dat:1|Nom:1,Пиаже,2
зона,NOUN,,Gen:1|Nom:1,зоны,2
джон,PROPN,,Ins:1|Nom:1,Джоном,2
прихожанин,NOUN,,Gen:2,прихожан,2
штраф,NOUN,,Nom:2,штрафы,2
катар,PROPN,,Gen:1|Loc:1,Катаре,2
месси,PROPN,,Nom:2,Месси,2
1966,ADJ,,,1966,2
отправляться,VERB,Fin,,отправляется,2
желтый,ADJ,,Ins:2,жёлтыми,2
чей-то,ADJ,,Ins:1|Nom:1,чьими-то,2
корзинка,NOUN,,Ins:1|Nom:1,корзинкой,2
затянуть,VERB,Part,Nom:1,затянутые,2
медиа,NOUN,,Gen:1|Loc:1,медиа,2
радио,NOUN,,Gen:1|Nom:1,радио,2
сценарист,NOUN,,Gen:2,сценаристов,2
химия,NOUN,,Dat:1|Ins:1,химии,2
маша,PROPN,,Nom:2,Маша,2
дипломатия,NOUN,,Nom:2,Дипломатия,2
1961,ADJ,,,1961,2
иммунитет,NOUN,,Acc:1|Nom:1,иммунитет,2
уважать,VERB,Inf,,уважать,2
двусторонний,ADJ,,Acc:1|Gen:1,двусторонних,2
инцидент,NOUN,,Dat:1|Loc:1,инциденту,2
предоплата,NOUN,,Acc:1|Gen:1,предоплату,2
единица,NOUN,,Acc:1|Dat:1,единицы,2
согласный,ADJ,,,согласны,2
уважение,NOUN,,Ins:1|Loc:1,уважением,2
философ,NOUN,,Nom:2,философы,2
мысленный,ADJ,,Acc:1|Nom:1,мысленный,2
поступок,NOUN,,Nom:2,поступки,2
пруд,NOUN,,Gen:1|Nom:1,пруд,2
досмотреть,VERB,Fin,,досмотрела,2
закончить,VERB,Inf,,закончить,2
пропустить,VERB,Fin,,пропустила,2
накопиться,VERB,Fin,,накопится,2
глотать,VERB,Inf,,глотать,2
жидкость,NOUN,,Acc:1|Gen:1,жидкости,2
благодарный,ADJ,,,благодарна,2
проезд,NOUN,,Nom:2,проезд,2
списание,NOUN,,Dat:1|Nom:1,списание,2
12,NUM,,,12,2
юрий,PROPN,,Nom:2,Юрий,2
совершить,VERB,Part,Ins:2,совершившим,2
16,NUM,,,16,2
экипаж,NOUN,,Nom:2,экипаж,2
аполлон,PROPN,,Nom:1,Аполлона,2
распределить,VERB,Part,Nom:1,распределён,2
организация,PROPN,,Gen:1|Nom:1,Организации,2
куст,NOUN,,Acc:1|Nom:1,кусты,2
бутылка,NOUN,,Acc:1|Gen:1,бутылки,2
объявление,NOUN,,Nom:2,объявление,2
признаться,VERB,Inf,,признаться,2
везде,ADV,,,везде,2
из-под,ADP,,,из-под,2
семестр,NOUN,,Acc:1|Gen:1,семестра,2
береза,NOUN,,Nom:2,берёзы,2
прохладный,ADJ,,Nom:1,прохладный,2
ветка,NOUN,,Nom:2,ветки,2
мягкий,ADJ,,Gen:1|Ins:1,мягкой,2
заключение,NOUN,,Gen:1|Loc:1,заключении,2
насилие,NOUN,,Acc:1|Gen:1,насилие,2
посттравматический,ADJ,,Gen:1|Nom:1,посттравматическое,2
dsm,PROPN,,,DSM,2
птср,PROPN,,Ins:1|Nom:1,ПТСР,2
набережная,NOUN,,Dat:1|Ins:1,набережными,2
коротко,ADV,,,короче,2
трубка,NOUN,,Ins:1|Loc:1,трубке,2
ссылаться,VERB,Fin,,ссылается,2
останки,NOUN,,Dat:1|Nom:1,останки,2
хомо,PROPN,,,Homo,2
денисовец,NOUN,,Dat:1|Ins:1,денисовцами,2
погружение,NOUN,,Ins:1|Nom:1,погружением,2
коллекция,NOUN,,Acc:1|Nom:1,коллекцию,2
позвать,VERB,Fin,,позвала,2
пицца,NOUN,,Acc:1|Ins:1,пиццей,2
явка,NOUN,,Loc:1|Nom:1,явке,2
иван,PROPN,,Gen:1|Nom:1,Иван,2
благодарность,NOUN,,Acc:1|Ins:1,благодарностью,2
дорого,ADV,,,дорого,2
роза,NOUN,,Acc:1|Gen:1,роз,2
четный,ADJ,,Acc:1|Nom:1,чётное,2
метавселенный,ADJ,,Nom:2,метавселенная,2
хирург,NOUN,,Gen:1|Nom:1,хирургов,2
вагонетка,NOUN,,Gen:2,вагонетки,2
пятеро,NUM,,Acc:1|Nom:1,пятеро,2
удивительный,ADJ,,Ins:1,удивительными,2
продать,VERB,Fin,,продала,2
заказывать,VERB,Fin,,заказываю,2
обойтись,VERB,Inf,,обойтись,2
поликлиника,NOUN,,Gen:1|Nom:1,поликлиники,2
заголовка,NOUN,,Gen:2,заголовка,2
скромный,ADJ,,,скромнее,2
закодировать,VERB,Part,,закодирована,2
1964,ADJ,,,1964,2
одноразовый,ADJ,,Gen:1|Nom:1,Одноразовые,2
изделие,NOUN,,Gen:1|Nom:1,изделия,2
соломинка,NOUN,,Acc:1|Nom:1,соломинки,2
столовый,ADJ,,Acc:1|Gen:1,столовые,2
палочка,NOUN,,Acc:2,палочки,2
сессия,NOUN,,Nom:2,Сессии,2
извинить,VERB,Fin,,Извините,2
канал,NOUN,,Acc:2,канал,2
налево,ADV,,,налево,2
ловушка,NOUN,,Nom:2,ловушка,2
эстетический,ADJ,,Ins:1|Nom:1,эстетическим,2
лечить,VERB,Fin,,лечу,2
пауэрбанк,NOUN,,Gen:1|Nom:1,пауэрбанков,2
закрываться,VERB,Fin,,закрывается,2
досмотр,NOUN,,Gen:2,досмотра,2
официант,NOUN,,Nom:2,Официант,2
улыбаться,VERB,Fin,,улыбается,2
фастфуд,NOUN,,Acc:1|Nom:1,Фастфуд,2
грамм,NOUN,,Gen:2,граммов,2
крепкий,ADJ,,Nom:2,крепкая,2
варенье,NOUN,,Ins:1|Nom:1,варенье,2
медард,NOUN,,Acc:1|Nom:1,мёд,2
лимон,NOUN,,Nom:2,лимон,2
тула,PROPN,,Acc:1|Nom:1,Тула,2
электрический,ADJ,,Gen:2,электрического,2
24,NUM,,,24,2
август,NOUN,,Gen:2,августа,2
выпустить,VERB,Fin,,выпустил,2
бутерброд,NOUN,,Acc:1|Ins:1,бутербродами,2
публиковать,VERB,Fin,,публикуют,2
состояться,VERB,Fin,,состоялся,2
ангел,NOUN,,Gen:2,ангела,2
печь,VERB,Fin,,пекли,2
шахматы,NOUN,,Gen:1|Nom:1,Шахматы,2
дома,ADV,,,дома,2
король,NOUN,,Dat:1|Nom:1,король,2
вничью,ADV,,,вничью,2
федерация,NOUN,,Gen:1|Nom:1,федерация,2
ботвинник2,PROPN,,Nom:2,Ботвинник,2
донор,NOUN,,Gen:1|Nom:1,донора,2
завтракать,VERB,Fin,,позавтракала,2
кружить,VERB,Fin,,кружилась,2
удостоверение,NOUN,,Acc:2,удостоверение,2
английский,ADJ,,Nom:2,английский,2
1755,ADJ,,,1755,2
физика,NOUN,,Dat:1|Ins:1,физикой,2
налоговый,ADJ,,Acc:1|Gen:1,налоговый,2
подтверждать,VERB,Part,Acc:1|Nom:1,подтверждающие,2
ориентироваться,VERB,Inf,,ориентироваться,2
поговорка,NOUN,,Nom:2,поговорки,2
закончить,VERB,Part,Gen:1|Nom:1,законченное,2
тринадцать,NUM,,Gen:1|Nom:1,тринадцать,2
казаться,VERB,Inf,,казаться,2
замок,NOUN,,Acc:1|Gen:1,замков,2
подоконник,NOUN,,Loc:2,подоконнике,2
прить,VERB,Fin,,Привет,2
фрукт,NOUN,,Acc:1|Nom:1,фрукты,2
палата,NOUN,,Acc:1|Loc:1,палате,2
выезжать,VERB,Fin,,выезжает,2
повар,NOUN,,Gen:1|Nom:1,повар,2
тетрадь,NOUN,,Acc:1|Gen:1,тетради,2
магнитный,ADJ,,Acc:1|Dat:1,магнитному,2
шайба,NOUN,,Acc:1|Ins:1,шайбой,2
фигурный,ADJ,,Loc:1|Nom:1,фигурное,2
забросить,VERB,Inf,,забросить,2
золото,NOUN,,Acc:2,золото,2
твой,DET,,Acc:1|Nom:1,твой,2
затемно,ADV,,,затемно,2
садка,NOUN,,Acc:1|Loc:1,садок,2
червь,NOUN,,Acc:1|Ins:1,червями,2
поплавка,NOUN,,Nom:2,поплавок,2
речка,NOUN,,Acc:1|Loc:1,речку,2
гриб,NOUN,,Acc:1|Nom:1,грибы,2
лавочка,NOUN,,Loc:2,лавочках,2
приезжать,VERB,Fin,,приезжал,2
овсяный,ADJ,,Acc:1|Loc:1,овсяном,2
сироп,NOUN,,Acc:1|Gen:1,Сироп,2
бергамот,NOUN,,Ins:2,бергамотом,2
круассана,NOUN,,Acc:1|Gen:1,круассана,2
очерк,NOUN,,Gen:2,очерков,2
ярославль,PROPN,,Acc:1|Gen:1,Ярославль,2
рубрика,NOUN,,Dat:1|Nom:1,рубрикам,2
колонка,NOUN,,Nom:2,колонки,2
00,NUM,,,00,2
кошелек,NOUN,,Loc:1|Nom:1,кошелёк,2
полуостров,NOUN,,Gen:1|Nom:1,Полуостров,2
засыпать,VERB,Fin,,засыпал,2
фикус,NOUN,,Acc:1|Nom:1,фикус,2
нанмить,VERB,Fin,,Нажми,2
подставка,NOUN,,Acc:2,подставку,2
остыть,VERB,Inf,,остыть,2
комар,NOUN,,Gen:1|Nom:1,комары,2
чисать,VERB,Fin,,чищу,1
одеться,VERB,Fin,,оделся,1
выбежать,VERB,Fin,,выбежал,1
похлопывать,VERB,Fin,,похлопал,1
заряжаться,VERB,Inf,,заряжаться,1
возле,ADP,,,возле,1
надеяться,VERB,Inf,,надеяться,1
карьера,NOUN,,Gen:1,карьеры,1
одиночный,ADJ,,Nom:1,одиночное,1
обустраивать,VERB,Inf,,обустраивать,1
одинокий,ADJ,,Gen:1,одиноких,1
соседство,NOUN,,Gen:1,соседства,1
терять,VERB,Conv,,теряя,1
непродовольственный,ADJ,,Nom:1,непродовольственный,1
фасон,NOUN,,Dat:1,фасону,1
расцветка,NOUN,,Dat:1,расцветке,1
комплектация,NOUN,,Dat:1,комплектации,1
обменять,VERB,Inf,,обменять,1
аналогичный,ADJ,,Acc:1,аналогичный,1
считать,VERB,Conv,,считая,1
товарный,ADJ,,Acc:1,товарный,1
свойство,NOUN,,Acc:1,свойства,1
пломба,NOUN,,Acc:1,пломбы,1
фабричный,ADJ,,Acc:1,фабричные,1
желательный,ADJ,,,желательно,1
лишать,VERB,Fin,,лишает,1
подлежать,VERB,Fin,,подлежат,1
технически,ADV,,,технически,1
транспортный,ADJ,,Gen:1,транспортных,1
невнимательность,NOUN,,Gen:1,невнимательности,1
превышение,NOUN,,Gen:1,превышения,1
облегчить,VERB,Inf,,облегчить,1
препятствие,NOUN,,Acc:1,препятствия,1
несовершенство,NOUN,,Nom:1,несовершенство,1
рулема,NOUN,,Ins:1,рулём,1
программист,NOUN,,Nom:1,программист,1
автономный,ADJ,,Acc:1,автономное,1
прогресс,NOUN,,Gen:1,прогресса,1
заваривать,VERB,Fin,,завариваю,1
проснуться,VERB,Conv,,проснувшись,1
привлекательный,ADJ,,Ins:1,привлекательным,1
сосредоточиться,VERB,Inf,,сосредоточиться,1
подышать,VERB,Inf,,подышать,1
сидеть,VERB,Inf,,сидеть,1
психологически,ADV,,,психологически,1
поздравить,VERB,Inf,,поздравить,1
тетя,NOUN,,Gen:1,тёти,1
двоюродный,ADJ,,Gen:1,двоюродных,1
проспасти,VERB,Fin,,проспал,1
набраться,VERB,Fin,,набралось,1
ломиться,VERB,Fin,,ломился,1
угощение,NOUN,,Gen:1,угощений,1
задувать,VERB,Conv,,задувая,1
свеча,NOUN,,Acc:1,свечи,1
пошутить,VERB,Fin,,пошутила,1
застолье,NOUN,,Gen:1,застолья,1
подарить,VERB,Fin,,подарил,1
дружно,ADV,,,дружно,1
потерянный,VERB,Part,Loc:1,потерянных,1
пачка,NOUN,,Nom:1,пачка,1
макарон,NOUN,,Gen:1,макарон,1
протягивать,VERB,Fin,,Протягиваю,1
пятисотрублевый,ADJ,,Acc:1,пятисотрублёвую,1
купюра,NOUN,,Acc:1,купюру,1
отсчитывать,VERB,Fin,,отсчитывает,1
недодать,VERB,Fin,,недодали,1
расстроиться,VERB,Fin,,расстроился,1
семьдесят,ADV,,,семьдесят,1
рейтинг,NOUN,,Acc:1,рейтинг,1
впереди,ADP,,,впереди,1
зато,PART,,,зато,1
поработать,VERB,Inf,,поработать,1
метеорологический,ADJ,,Gen:1,метеорологической,1
похолодание,NOUN,,Nom:1,похолодание,1
порыв,NOUN,,Ins:1,порывами,1
синоптика,NOUN,,Nom:1,Синоптики,1
ртутный,ADJ,,Gen:1,ртутного,1
дачный,ADJ,,Acc:1,дачные,1
возрасти,VERB,Inf,,возрасти,1
столбик,NOUN,,Nom:1,столбик,1
термометр,NOUN,,Gen:1,термометра,1
опуститься,VERB,Fin,,опустится,1
подержать,VERB,Part,Gen:1,подержанных,1
вторичный,ADJ,,Nom:1,вторичный,1
соображение,NOUN,,Gen:1,соображений,1
экология,NOUN,,Gen:1,экологии,1
пригодный,ADJ,,,пригодны,1
упростить,VERB,Fin,,упростили,1
фотографировать,VERB,Conv,,сфотографировав,1
указать,VERB,Conv,,указав,1
комиссионный,ADJ,,Gen:1,комиссионных,1
полагать,VERB,Fin,,полагают,1
осмысленно,ADV,,,осмысленно,1
запоминать,VERB,Inf,,запоминать,1
подтверждать,VERB,Fin,,подтверждаются,1
обрабатываться,VERB,Inf,,обрабатываться,1
закрепляться,VERB,Inf,,закрепляться,1
выучить,VERB,Part,Acc:1,выученное,1
интервальный,ADJ,,Nom:1,интервальное,1
промежуток,NOUN,,Acc:1,промежутки,1
зубрить,VERB,Inf,,зубрить,1
присест,NOUN,,Acc:1,присест,1
перечитывать,VERB,Inf,,перечитывать,1
извлечение,NOUN,,Nom:1,извлечение,1
экономль,NOUN,,Acc:1,экономлю,1
добираться,VERB,Fin,,добираюсь,1
подшучивать,VERB,Fin,,подшучивали,1
экстремал,NOUN,,Nom:1,экстремал,1
задуматься,VERB,Fin,,задумались,1
пересесть,VERB,Inf,,пересесть,1
бесить,VERB,Fin,,бесит,1
парковаться,VERB,Fin,,паркуются,1
велодорожка,NOUN,,Loc:1,велодорожке,1
достичь,VERB,Fin,,достиг,1
прогрессивный,ADJ,,Gen:1,прогрессивного,1
налогообложение,NOUN,,Gen:1,налогообложения,1
перераспределение,NOUN,,Nom:1,перераспределение,1
стимул,NOUN,,Acc:1,стимулы,1
предпринимательство,NOUN,,Dat:1,предпринимательству,1
могущественный,ADJ,,Gen:1,могущественных,1
западный,PROPN,,,Западной,1
майя,NOUN,,Gen:1,майя,1
предположительно,ADV,,,предположительно,1
просуществовать,VERB,Fin,,просуществовала,1
обеспечивать,VERB,Part,Dat:1,обеспечивавшим,1
накладывать,VERB,Fin,,накладываются,1
занервничать,VERB,Fin,,занервничал,1
переспросить,VERB,Fin,,переспросил,1
прибавиться,VERB,Fin,,прибавится,1
узнать,VERB,Conv,,узнав,1
сюрприз,NOUN,,Acc:1,сюрприз,1
обеденный,ADJ,,Loc:1,обеденном,1
верить,VERB,Fin,,верит,1
придавать,VERB,Fin,,придаёт,1
уверенность,NOUN,,Dat:1,уверенности,1
корпоратив,NOUN,,Nom:1,корпоратив,1
приза,NOUN,,Ins:1,призами,1
спеть,VERB,Fin,,спел,1
караоке,NOUN,,Acc:1,караоке,1
подозревать,VERB,Fin,,подозревал,1
бухгалтерия,NOUN,,Gen:1,бухгалтерии,1
лотерея,NOUN,,Loc:1,лотерее,1
спа-салон,NOUN,,Acc:1,спа-салон,1
по-доброму,ADV,,,по-доброму,1
завидовать,VERB,Fin,,позавидовали,1
выпить,VERB,Fin,,выпил,1
высказываться,VERB,Inf,,высказываться,1
сгладить,VERB,Fin,,сгладили,1
бодро,ADV,,,бодро,1
сблизиться,VERB,Inf,,сблизиться,1
нажить,VERB,Part,Nom:1,нажитое,1
брачный,ADJ,,Ins:1,брачным,1
отступить,VERB,Inf,,отступить,1
принадлежать,VERB,Part,Nom:1,принадлежавшее,1
дар,NOUN,,Acc:1,дар,1
наследование,NOUN,,Gen:1,наследования,1
умереть,VERB,Part,Gen:1,умершего,1
наследодатель,NOUN,,Gen:1,наследодателя,1
перейти,VERB,Part,Gen:1,перешедшего,1
вызвать,VERB,Part,Nom:1,вызванное,1
сжигание,NOUN,,Nom:1,Сжигание,1
уголь,NOUN,,Gen:1,угля,1
нефть,NOUN,,Gen:1,нефти,1
таяние,NOUN,,Nom:1,таяние,1
учащение,NOUN,,Nom:1,учащение,1
ураган,NOUN,,Gen:1,ураганов,1
вызвать,VERB,Inf,,вызвать,1
труднообратимый,ADJ,,Acc:1,труднообратимые,1
предлагать,VERB,Part,Gen:1,предлагаемых,1
возобновлять,VERB,Part,Acc:1,возобновляемые,1
поглощать,VERB,Part,Gen:1,поглощающих,1
отставать,VERB,Fin,,отстают,1
врожденный,ADJ,,Nom:1,врождённые,1
близнец,NOUN,,Gen:1,близнецов,1
задать,VERB,Part,,задан,1
жизненный,ADJ,,Nom:1,жизненный,1
воздействовать,VERB,Inf,,воздействовать,1
биологический,ADJ,,Nom:1,биологические,1
средовой,ADJ,,Nom:1,средовые,1
черт,NOUN,,Gen:1,черт,1
положительный,ADJ,,Nom:1,положительная,1
относительно,ADV,,,относительно,1
откладываться,VERB,Inf,,откладываться,1
возрастать,VERB,Fin,,возрастает,1
направить,VERB,Part,,направлена,1
добиться,VERB,Inf,,добиться,1
нулевой,ADJ,,Gen:1,нулевого,1
поддержание,NOUN,,Acc:1,поддержание,1
предотвращение,NOUN,,Acc:1,предотвращение,1
затяжной,ADJ,,Gen:1,затяжной,1
аудиозапись,NOUN,,Gen:1,аудиозаписей,1
вводить,VERB,Inf,,вводить,1
затронуть,VERB,Fin,,затронут,1
легитимный,ADJ,,Acc:1,легитимные,1
применение,NOUN,,Gen:1,применения,1
киноиндустрия,NOUN,,Acc:1,киноиндустрию,1
автоматический,ADJ,,Gen:1,автоматического,1
бороться,VERB,Inf,,бороться,1
сходиться,VERB,Fin,,сходятся,1
критический,ADJ,,Nom:1,критическое,1
грамотность,NOUN,,Nom:1,грамотность,1
рядовой,ADJ,,Gen:1,рядовых,1
переезжать,VERB,Fin,,переезжаем,1
завалить,VERB,Part,,завален,1
разобрать,VERB,Inf,,разобрать,1
антресоли,NOUN,,Acc:1,антресоли,1
треть,NOUN,,Acc:1,треть,1
выбросить,VERB,Inf,,выбросить,1
отдать,VERB,Inf,,отдать,1
обмотать,VERB,Fin,,обмотали,1
хрупкий,ADJ,,Acc:1,хрупкие,1
бокал,NOUN,,Acc:1,бокалы,1
разбирать,VERB,Inf,,разбирать,1
грузчик,NOUN,,Acc:1,Грузчиков,1
пятничный,ADJ,,Nom:1,пятничный,1
добираться,VERB,Inf,,добираться,1
перекачивать,VERB,Fin,,перекачивает,1
литр,NOUN,,Gen:1,литров,1
квадратный,ADJ,,Gen:1,квадратных,1
выдерживать,VERB,Inf,,выдерживать,1
печень,NOUN,,Nom:1,Печень,1
выразить,VERB,Part,Ins:1,выраженной,1
регенерация,NOUN,,Dat:1,регенерации,1
потреблять,VERB,Fin,,потребляет,1
достижимый,ADJ,,,достижимо,1
задаваться,VERB,Inf,,задаваться,1
осведомленность,NOUN,,Gen:1,осведомлённости,1
транспортировка,NOUN,,Gen:1,транспортировки,1
осознанность,NOUN,,Loc:1,осознанности,1
бездумный,ADJ,,Ins:1,бездумным,1
накопительство,NOUN,,Ins:1,накопительством,1
аскетизм,NOUN,,Ins:1,аскетизмом,1
качественно,ADV,,,качественнее,1
творить,VERB,Inf,,творить,1
искусно,ADV,,,искусно,1
комбинировать,VERB,Fin,,комбинирует,1
неразрывно,ADV,,,неразрывно,1
услышать,VERB,Part,Gen:1,услышанного,1
прагматичный,ADJ,,Nom:1,прагматичная,1
уникальность,NOUN,,Loc:1,уникальности,1
париж,PROPN,,Loc:1,Париже,1
делегация,NOUN,,Nom:1,делегации,1
проплыть,VERB,Fin,,проплыли,1
корабль,NOUN,,Loc:1,кораблях,1
сена,PROPN,,Dat:1,Сене,1
открытость,NOUN,,Gen:1,открытости,1
строить,VERB,Part,Loc:1,построенных,1
арена,NOUN,,Loc:1,аренах,1
волейбол,NOUN,,Acc:1,волейбол,1
подножие,NOUN,,Gen:1,подножия,1
эйфелев,ADJ,,Gen:1,Эйфелевой,1
башня,NOUN,,Gen:1,башни,1
фехтование,NOUN,,Nom:1,фехтование,1
дворец,NOUN,,Loc:1,дворце,1
гран-пал,PROPN,,Nom:1,Гран-Пале,1
экологичный,ADJ,,Ins:1,экологичными,1
стремление,NOUN,,Loc:1,стремлении,1
преддверие,NOUN,,Loc:1,преддверии,1
забывать,VERB,Fin,,забывается,1
застолие,NOUN,,Gen:1,застолий,1
обретение,NOUN,,Ins:1,обретением,1
земледельческий,ADJ,,Acc:1,земледельческие,1
задумываться,VERB,Conv,,задумываясь,1
оказывать,VERB,Inf,,оказывать,1
архетипический,ADJ,,Dat:1,архетипическим,1
борьба,NOUN,,Nom:1,борьба,1
жертва,NOUN,,Nom:1,жертва,1
супергеройский,ADJ,,Gen:1,супергеройских,1
вдохновить,VERB,Fin,,вдохновила,1
дракон,NOUN,,Loc:1,драконах,1
затрагивать,VERB,Fin,,затрагивают,1
глубинный,ADJ,,Nom:1,глубинные,1
давка,NOUN,,Nom:1,давка,1
привыкнуть,VERB,Inf,,привыкнуть,1
подъезжать,VERB,Fin,,подъезжает,1
втискиваться,VERB,Inf,,втискиваться,1
зажать,VERB,Fin,,зажало,1
простоять,VERB,Fin,,простоял,1
поручень,NOUN,,Acc:1,поручень,1
умудряться,VERB,Fin,,умудряется,1
завтракать,VERB,Inf,,завтракать,1
пугать,VERB,Fin,,пугает,1
выезжать,VERB,Inf,,выезжать,1
улучшить,VERB,Fin,,улучшило,1
потек,NOUN,,Nom:1,потёк,1
соединять,VERB,Part,Nom:1,соединяющий,1
попробовать,VERB,Fin,,попробовал,1
затянуть,VERB,Inf,,затянуть,1
толк,NOUN,,Par:1,толку,1
сочиться,VERB,Inf,,сочиться,1
сантехник,NOUN,,Acc:1,сантехника,1
изношный,ADJ,,,изношен,1
старость,NOUN,,Gen:1,старости,1
потечь,VERB,Fin,,потечёт,1
обнаружить,VERB,Inf,,обнаружить,1
мобилизовать,VERB,Inf,,мобилизовать,1
хронический,ADJ,,Ins:1,хроническим,1
медитация,NOUN,,Nom:1,медитация,1
переключить,VERB,Inf,,переключить,1
кофеина,NOUN,,Gen:1,кофеина,1
уменьшить,VERB,Inf,,уменьшить,1
перегрузка,NOUN,,Gen:1,перегрузки,1
исключительный,ADJ,,Gen:1,исключительной,1
слаженный,ADJ,,Gen:1,слаженной,1
применять,VERB,Part,Gen:1,применяемых,1
многотысячный,ADJ,,Acc:1,многотысячные,1
призовой,ADJ,,Acc:1,призовые,1
отличать,VERB,Fin,,отличает,1
терминология,NOUN,,Loc:1,терминологии,1
непременно,ADV,,,непременно,1
втиснуть,VERB,Inf,,втиснуть,1
радуга,NOUN,,Nom:1,Радуга,1
преломление,NOUN,,Gen:1,преломления,1
молния,NOUN,,Nom:1,Молния,1
нагревание,NOUN,,Acc:1,нагревание,1
гром,NOUN,,Nom:1,гром,1
раскат,NOUN,,Acc:1,раскат,1
приблизительно,ADV,,,приблизительно,1
образовываться,VERB,Fin,,образуется,1
водяной,ADJ,,Ins:1,водяным,1
конденсироваться,VERB,Fin,,конденсируется,1
роса,NOUN,,Gen:1,росы,1
рельеф,NOUN,,Nom:1,рельеф,1
метеорология,NOUN,,Gen:1,метеорологии,1
серьезно,ADV,,,серьёзно,1
ощущаться,VERB,Inf,,ощущаться,1
лишение,NOUN,,Nom:1,лишение,1
рассеивать,VERB,Fin,,рассеивают,1
коротковолновый,ADJ,,Acc:1,коротковолновую,1
длинноволновый,ADJ,,Acc:1,длинноволновую,1
рэлеевский,ADJ,,Ins:1,рэлеевским,1
рассеяние,NOUN,,Ins:1,рассеянием,1
рассеиваться,VERB,Fin,,рассеивается,1
наблюдатель,NOUN,,Gen:1,наблюдателя,1
снежинка,NOUN,,Nom:1,Снежинки,1
влажность,NOUN,,Loc:1,влажности,1
эхо,NOUN,,Nom:1,эхо,1
отражаться,VERB,Fin,,отражается,1
экспериментально,ADV,,,экспериментально,1
относить,VERB,Part,Gen:1,относящих,1
формировать,VERB,Inf,,формировать,1
мировоззрение,NOUN,,Acc:1,мировоззрение,1
разочаровываться,VERB,Fin,,разочаровывается,1
нерелигиозный,ADJ,,Gen:1,нерелигиозных,1
волонтерский,ADJ,,Acc:1,волонтёрские,1
отрицание,NOUN,,Acc:1,отрицание,1
духовность,NOUN,,Gen:1,духовности,1
атеизм,NOUN,,Gen:1,атеизма,1
агностицизм,NOUN,,Gen:1,агностицизма,1
конфессия,NOUN,,Loc:1,конфессии,1
абитуриент,NOUN,,Dat:1,абитуриенту,1
мотивационный,ADJ,,Acc:1,мотивационное,1
соискатель,NOUN,,Nom:1,соискатель,1
дедлайн,NOUN,,Acc:1,дедлайны,1
совокупность,NOUN,,Gen:1,совокупности,1
академический,ADJ,,Gen:1,академической,1
внеучебный,ADJ,,Gen:1,внеучебной,1
материальный,ADJ,,Gen:1,материального,1
расценивать,VERB,Inf,,расценивать,1
указываться,VERB,Fin,,указываются,1
внесение,NOUN,,Gen:1,внесения,1
залог,NOUN,,Nom:1,залог,1
удержать,VERB,Inf,,удержать,1
поломка,NOUN,,Acc:1,поломки,1
прописать,VERB,Inf,,прописать,1
расторжение,NOUN,,Gen:1,расторжения,1
предупредить,VERB,Inf,,предупредить,1
заселение,NOUN,,Ins:1,заселением,1
осмотреть,VERB,Inf,,осмотреть,1
перечислить,VERB,Inf,,перечислить,1
повреждение,NOUN,,Acc:1,повреждения,1
фиксировать,VERB,Inf,,зафиксировать,1
фото,NOUN,,Acc:1,фото,1
акт,NOUN,,Nom:1,акт,1
дожидаться,VERB,Fin,,дождались,1
устанавливать,VERB,Inf,,устанавливать,1
кабель,NOUN,,Acc:1,кабель,1
щитка,NOUN,,Gen:1,щитка,1
проводка,NOUN,,Nom:1,проводка,1
оборудование,NOUN,,Acc:1,оборудование,1
прислать,VERB,Fin,,прислали,1
роутер,NOUN,,Acc:1,роутер,1
порадовать,VERB,Fin,,порадовала,1
грузиться,VERB,Fin,,грузятся,1
практически,ADV,,,практически,1
расстроить,VERB,Fin,,расстроило,1
полдня,NOUN,,Acc:1,полдня,1
просидеть,VERB,Fin,,просидел,1
падать,VERB,Fin,,падает,1
мандарин,NOUN,,Ins:1,мандаринами,1
хлопотать,VERB,Fin,,хлопочет,1
выгонять,VERB,Conv,,выгоняя,1
стащить,VERB,Inf,,стащить,1
нарезка,NOUN,,Ins:1,нарезкой,1
оливье,NOUN,,Nom:1,оливье,1
ёлка,NOUN,,Nom:1,Ёлка,1
мигать,VERB,Fin,,мигает,1
горка,NOUN,,Ins:1,горкой,1
завернуть,VERB,Part,Nom:1,завёрнутые,1
подбегать,VERB,Fin,,подбегают,1
угадать,VERB,Inf,,угадать,1
дожидаться,VERB,Inf,,дождаться,1
курант,NOUN,,Gen:1,курантов,1
после,ADV,,,после,1
обняться,VERB,Inf,,обняться,1
желать,VERB,Inf,,пожелать,1
ознакомительный,ADJ,,Nom:1,ознакомительное,1
кругом,ADV,,,кругом,1
первокурсник,NOUN,,Acc:1,первокурсников,1
декан,NOUN,,Nom:1,декан,1
разделить,VERB,Fin,,разделили,1
опоздать,VERB,Fin,,опоздал,1
доброжелательный,ADJ,,Ins:1,доброжелательными,1
отчитать,VERB,Fin,,отчитал,1
неплохой,ADJ,,Nom:1,неплохие,1
позитивный,ADJ,,Nom:1,позитивные,1
геополитический,ADJ,,Nom:1,геополитическая,1
напряжённость,NOUN,,Nom:1,напряжённость,1
отражаться,VERB,Inf,,отражаться,1
оптовый,ADJ,,Loc:1,оптовых,1
электроэнергия,NOUN,,Gen:1,электроэнергии,1
кондиционирование,NOUN,,Gen:1,кондиционирования,1
электротранспорт,NOUN,,Gen:1,электротранспорта,1
жар,NOUN,,Nom:1,жара,1
повышаться,VERB,Inf,,повышаться,1
накопитель,NOUN,,Gen:1,накопителей,1
льгота,NOUN,,Nom:1,льгота,1
пополнять,VERB,Inf,,пополнять,1
смягчать,VERB,Inf,,смягчать,1
интеграция,NOUN,,Gen:1,интеграции,1
демографический,ADJ,,Nom:1,демографическая,1
пенсионный,ADJ,,Gen:1,пенсионной,1
гарантированно,ADV,,,гарантированно,1
внутрь,ADV,,,внутрь,1
черствый,ADJ,,Nom:1,чёрствый,1
чеснок,NOUN,,Nom:1,чеснок,1
заглянуть,VERB,Inf,,заглянуть,1
круп,NOUN,,Ins:1,крупами,1
бродить,VERB,Inf,,бродить,1
бесцельно,ADV,,,бесцельно,1
признаваться,VERB,Fin,,признаюсь,1
удерживаться,VERB,Fin,,удерживаюсь,1
допускать,VERB,Part,Gen:1,допускающих,1
предлагать,VERB,Conv,,предлагая,1
виза,NOUN,,Acc:1,визы,1
кочевник,NOUN,,Gen:1,кочевников,1
коворкинг,NOUN,,Acc:1,коворкинги,1
впрочем,ADV,,,впрочем,1
откладываться,VERB,Fin,,откладывались,1
земляк,NOUN,,Ins:1,земляками,1
влечить,VERB,Part,Nom:1,увлечённый,1
усиливать,VERB,Fin,,усиливают,1
эхо-камера,NOUN,,Gen:1,эхо-камеры,1
совпадать,VERB,Part,Ins:1,совпадающими,1
усложнять,VERB,Inf,,усложнять,1
квитанция,NOUN,,Acc:1,квитанцию,1
обомлеть,VERB,Fin,,обомлел,1
управлять,ADJ,,Acc:1,управляющую,1
поднять,VERB,Fin,,подняли,1
похолодать,VERB,Fin,,похолодало,1
обогреватель,NOUN,,Nom:1,обогреватель,1
энергосберегающий,ADJ,,Acc:1,энергосберегающие,1
выключать,VERB,Inf,,выключать,1
изношенный,VERB,Part,Acc:1,изношенный,1
уплотнитель,NOUN,,Acc:1,уплотнитель,1
щель,NOUN,,Acc:1,щели,1
неважный,ADJ,,Nom:1,неважное,1
тыкаться,VERB,Fin,,тычется,1
намекать,VERB,Fin,,намекает,1
гулять,VERB,Inf,,Гулять,1
вывести,VERB,Inf,,вывести,1
собачник,NOUN,,Gen:1,собачников,1
корм,NOUN,,Acc:1,корм,1
ветеринарный,ADJ,,Acc:1,ветеринарные,1
клиника,NOUN,,Acc:1,клиники,1
кормить,VERB,Inf,,Кормить,1
вычёсывать,VERB,Inf,,вычёсывать,1
возня,NOUN,,Acc:1,возню,1
свертывать,VERB,Fin,,сворачивается,1
пообедать,VERB,Inf,,пообедать,1
разговориться,VERB,Fin,,разговорились,1
пересекаться,VERB,Inf,,пересекаться,1
начальство,NOUN,,Ins:1,начальством,1
дружелюбный,ADJ,,Ins:1,дружелюбным,1
руководство,NOUN,,Ins:1,руководством,1
перезнакомиться,VERB,Fin,,перезнакомился,1
совершенствование,NOUN,,Nom:1,совершенствование,1
паровой,ADJ,,Gen:1,паровых,1
механизация,NOUN,,Ins:1,механизацией,1
текстильный,ADJ,,Gen:1,текстильного,1
выпускать,VERB,Part,Gen:1,выпускаемой,1
переселять,VERB,Fin,,переселялось,1
быстрорать,VERB,Part,Acc:1,быстрорастущие,1
фабрика,NOUN,,Loc:1,фабриках,1
зачастую,ADV,,,зачастую,1
удешевить,VERB,Fin,,удешевили,1
преобразить,VERB,Fin,,преобразил,1
измерять,VERB,Inf,,измерять,1
амазонка,PROPN,,Gen:1,Амазонки,1
ватикан,PROPN,,Nom:1,Ватикан,1
окружить,VERB,Part,Nom:1,окружённый,1
эндемичный,ADJ,,Gen:1,эндемичных,1
столько,NUM,,Acc:1,столько,1
участиться,VERB,Fin,,участились,1
экстремально,ADV,,,экстремально,1
интенсивно,ADV,,,интенсивнее,1
неодинаковый,ADJ,,,неодинакова,1
шторм,NOUN,,Gen:1,штормов,1
интенсивность,NOUN,,Acc:1,интенсивность,1
худеть,VERB,Inf,,худеть,1
бросаться,VERB,Inf,,бросаться,1
крайность,NOUN,,Loc:1,крайности,1
стараться,VERB,Inf,,стараться,1
наедаться,VERB,Inf,,наедаться,1
слабина,NOUN,,Acc:1,слабину,1
взвешиваться,VERB,Inf,,Взвешиваться,1
демотивировать,VERB,Fin,,демотивировало,1
скакать,VERB,Fin,,скачет,1
разгораться,VERB,Fin,,разгораются,1
страдание,NOUN,,Gen:1,страдания,1
замысел,NOUN,,Gen:1,замысла,1
отбирать,VERB,Fin,,отбирает,1
дорабатывать,VERB,Fin,,дорабатывает,1
кисть,NOUN,,Nom:1,кисть,1
менять,VERB,Part,Gen:1,менявших,1
обеспокоить,VERB,Part,,обеспокоены,1
консенсус,NOUN,,Gen:1,консенсуса,1
гудить,VERB,Fin,,гудит,1
раздаваться,VERB,Fin,,раздаётся,1
барабанный,ADJ,,Nom:1,барабанный,1
свисток,NOUN,,Ins:1,свистком,1
взрываться,VERB,Fin,,взрываются,1
преданный,ADJ,,Gen:1,преданных,1
разворачивать,VERB,Fin,,разворачивает,1
полотнище,NOUN,,Acc:1,полотнище,1
эмблема,NOUN,,Ins:1,эмблемой,1
заводить,VERB,Part,Gen:1,заводящего,1
кричалка,NOUN,,Nom:1,кричалка,1
сменять,VERB,Fin,,сменяет,1
затихать,VERB,Fin,,затихает,1
взорваться,VERB,Inf,,взорваться,1
закуска,NOUN,,Ins:1,закусками,1
пробираться,VERB,Fin,,пробираются,1
обращать,VERB,Conv,,обращая,1
забивать,VERB,Fin,,забивает,1
гол,NOUN,,Acc:1,гол,1
обниматься,VERB,Fin,,обнимаются,1
прыгать,VERB,Fin,,прыгают,1
детерминист,NOUN,,Nom:1,Детерминисты,1
предшествовать,VERB,Part,Gen:1,предшествующих,1
генетика,NOUN,,Gen:1,генетики,1
химический,ADJ,,Gen:1,химических,1
иллюзия,NOUN,,Acc:1,иллюзию,1
пусть,SCONJ,,,пусть,1
подверженный,VERB,Part,,подвержено,1
взвешивать,VERB,Inf,,взвешивать,1
виток,NOUN,,Acc:1,виток,1
интерпретировать,VERB,Fin,,интерпретируют,1
обеспокоенность,NOUN,,Gen:1,обеспокоенности,1
изготовить,VERB,Part,Nom:1,изготовленные,1
сой,NOUN,,Gen:1,сои,1
горох,NOUN,,Gen:1,гороха,1
пшеничный,ADJ,,Gen:1,пшеничного,1
полка,NOUN,,Loc:1,полках,1
супермаркет,NOUN,,Gen:1,супермаркетов,1
культивировать,VERB,Part,Acc:1,культивированное,1
вырастить,VERB,Part,Acc:1,выращенное,1
забой,NOUN,,Gen:1,забоя,1
перспективный,ADJ,,Nom:1,перспективный,1
многократно,ADV,,,многократно,1
разминка,NOUN,,Acc:1,разминку,1
запускать,VERB,Fin,,запускает,1
укладываться,VERB,Fin,,укладываются,1
регулярность,NOUN,,Nom:1,регулярность,1
чисто,ADV,,,чисто,1
владеть,VERB,Inf,,владеть,1
нюанс,NOUN,,Loc:1,нюансах,1
юмор,NOUN,,Loc:1,юморе,1
критичный,ADJ,,,критично,1
супружеский,ADJ,,Loc:1,супружеской,1
проживать,VERB,Conv,,проживая,1
раздельно,ADV,,,раздельно,1
социолог,NOUN,,Nom:1,Социологи,1
умереть,VERB,Fin,,умерли,1
ветшать,VERB,Fin,,ветшает,1
протекать,VERB,Inf,,протекать,1
зарастать,VERB,Fin,,зарастает,1
небезопасный,ADJ,,Ins:1,небезопасным,1
снос,NOUN,,Ins:1,сносом,1
аварийный,ADJ,,Gen:1,аварийных,1
постройка,NOUN,,Gen:1,построек,1
забросить,VERB,Part,Acc:1,заброшенные,1
давать,VERB,Conv,,давая,1
редактировать,VERB,Inf,,редактировать,1
предотвратить,VERB,Inf,,предотвратить,1
потенциально,ADV,,,потенциально,1
неразумный,ADJ,,,неразумно,1
улучшить,VERB,Inf,,улучшить,1
злоупотребление,NOUN,,Gen:1,злоупотреблений,1
наследуемый,ADJ,,Acc:1,наследуемое,1
редактирование,NOUN,,Nom:1,редактирование,1
эмбрион,NOUN,,Gen:1,эмбрионов,1
рождаться,VERB,Fin,,родились,1
масштабный,ADJ,,Gen:1,масштабных,1
кровопролитный,ADJ,,Gen:1,кровопролитных,1
22,NUM,,,22,1
нападение,NOUN,,Gen:1,нападения,1
нацистский,ADJ,,Gen:1,нацистской,1
сражение,NOUN,,Nom:1,сражения,1
1943,ADJ,,,1943,1
провал,NOUN,,Nom:1,провал,1
наступление,NOUN,,Gen:1,наступления,1
закрепить,VERB,Fin,,закрепил,1
продвигаться,VERB,Fin,,продвигалась,1
обладать,VERB,Part,Nom:1,обладающая,1
сознание,NOUN,,Ins:1,сознанием,1
нуждаться,VERB,Inf,,нуждаться,1
этический,ADJ,,Gen:1,этических,1
наем,NOUN,,Gen:1,найма,1
обучить,VERB,Part,Nom:1,обученная,1
подмена,NOUN,,Nom:1,подмена,1
разработчик,NOUN,,Nom:1,разработчики,1
заложить,VERB,Part,Acc:1,заложенный,1
компромиссный,ADJ,,Nom:1,Компромиссная,1
создатель,NOUN,,Dat:1,создателям,1
переживать,VERB,Inf,,переживать,1
ослабить,VERB,Fin,,ослабили,1
семнадцатый,ADJ,,Gen:1,семнадцатого,1
нева,PROPN,,Gen:1,Невы,1
основать,VERB,Fin,,основали,1
санкт-петербург,PROPN,,Acc:1,Санкт-Петербург,1
переместиться,VERB,Fin,,переместился,1
учреждение,NOUN,,Nom:1,учреждения,1
летосчисление,NOUN,,Acc:1,летосчисление,1
рождество,PROPN,,Gen:1,Рождества,1
христов,PROPN,,Gen:1,Христова,1
юлианский,ADJ,,Ins:1,юлианским,1
календарем,NOUN,,Ins:1,календарём,1
дворянин,NOUN,,Gen:1,дворян,1
перестраивать,VERB,Fin,,перестраивали,1
сената,PROPN,,Gen:1,Сената,1
коллегия,NOUN,,Gen:1,коллегий,1
сопротивление,NOUN,,Acc:1,сопротивление,1
укрепить,VERB,Fin,,укрепили,1
держава,NOUN,,Gen:1,державы,1
расстелить,VERB,Fin,,расстелили,1
запрокинуть,VERB,Conv,,запрокинув,1
силуэт,NOUN,,Nom:1,силуэты,1
горизонт,NOUN,,Loc:1,горизонте,1
словно,PART,,,словно,1
мелькнуть,VERB,Fin,,мелькнула,1
вскрикнуть,VERB,Inf,,вскрикнуть,1
прочертить,VERB,Part,Acc:1,прочертившую,1
насчитать,VERB,Fin,,насчитали,1
цикада,NOUN,,Acc:1,цикад,1
изредка,ADV,,,изредка,1
гадать,VERB,Conv,,гадая,1
загадать,VERB,Inf,,загадать,1
удача,NOUN,,Acc:1,удачу,1
замереть,VERB,Part,Nom:1,замёрзшие,1
абсолютно,ADV,,,абсолютно,1
расстаться,VERB,Inf,,расстаться,1
груда,NOUN,,Ins:1,грудой,1
минимализм,NOUN,,Nom:1,минимализм,1
аскета,NOUN,,Acc:1,аскета,1
переключение,NOUN,,Nom:1,переключение,1
билингво,NOUN,,Nom:1,билингвы,1
концентрироваться,VERB,Fin,,концентрируются,1
самоконтроль,NOUN,,Ins:1,самоконтролем,1
понадобиться,VERB,Inf,,понадобиться,1
билингвизм,NOUN,,Nom:1,билингвизм,1
выбраться,VERB,Fin,,выбрались,1
попкорн,NOUN,,Acc:1,попкорн,1
устроиться,VERB,Fin,,устроились,1
шея,NOUN,,Acc:1,шею,1
свертывать,VERB,Inf,,сворачивать,1
подпрыгнуть,VERB,Inf,,подпрыгнуть,1
концовка,NOUN,,Nom:1,концовка,1
сформироваться,VERB,Fin,,сформировалась,1
девятый,ADJ,,Gen:1,девятого,1
мефодий,PROPN,,Gen:1,Мефодия,1
болгарский,ADJ,,Gen:1,Болгарского,1
царство,NOUN,,Gen:1,царства,1
дополнить,VERB,Part,Nom:1,дополненные,1
отсутствовать,VERB,Part,Gen:1,отсутствовавших,1
азбука,NOUN,,Acc:1,азбуку,1
преемственность,NOUN,,Acc:1,преемственность,1
разработать,VERB,Fin,,разработал,1
потомок,NOUN,,Gen:1,потомков,1
своротить,VERB,Fin,,свернул,1
извечный,ADJ,,Acc:1,извечную,1
непонимание,NOUN,,Loc:1,непонимании,1
применительно,ADV,,,применительно,1
применить,VERB,Inf,,применить,1
сгладить,VERB,Inf,,сгладить,1
взглянуть,VERB,Conv,,взглянув,1
смущать,VERB,Fin,,смущает,1
пережить,VERB,Inf,,пережить,1
запомнить,VERB,Inf,,запомнить,1
доказать,VERB,Inf,,доказать,1
долговременный,ADJ,,Acc:1,долговременный,1
страхование,NOUN,,Nom:1,страхование,1
добровольный,ADJ,,Nom:1,добровольные,1
страховой,ADJ,,Nom:1,страховые,1
профилактика,NOUN,,Nom:1,профилактика,1
выявление,NOUN,,Nom:1,выявление,1
лечить,VERB,Inf,,лечить,1
щенок,NOUN,,Acc:1,щенка,1
заводчик,NOUN,,Gen:1,заводчика,1
комок,NOUN,,Nom:1,комок,1
встречать,VERB,Fin,,встречает,1
тяжело,ADV,,,тяжело,1
испорчить,VERB,Part,Nom:1,испорченная,1
обувь,NOUN,,Nom:1,обувь,1
скулеж,NOUN,,Nom:1,скулёж,1
вернуться,VERB,Conv,,вернувшись,1
прихожая,NOUN,,Loc:1,прихожей,1
прижаться,VERB,Fin,,прижался,1
куда-то,ADV,,,куда-то,1
обеспечивать,VERB,Fin,,обеспечивает,1
забирать,VERB,Fin,,забирает,1
инерция,NOUN,,Acc:1,инерцию,1
разозлиться,VERB,Fin,,разозлился,1
время-то,ADV,,,время-то,1
тратить,VERB,Part,,потрачено,1
этикетка,NOUN,,Gen:1,этикетки,1
подождать,VERB,Inf,,подождать,1
содержимое,NOUN,,Acc:1,содержимое,1
пресноводный,ADJ,,Nom:1,пресноводное,1
заполнять,VERB,Fin,,заполняются,1
осадочный,ADJ,,Ins:1,осадочными,1
благоприятный,ADJ,,Loc:1,благоприятных,1
видимость,NOUN,,Nom:1,видимость,1
древность,NOUN,,Dat:1,древности,1
эндемик,NOUN,,Ins:1,эндемиками,1
нигде,ADV,,,нигде,1
полномасштабный,ADJ,,Nom:1,Полномасштабное,1
продолжаться,VERB,Part,Dat:1,продолжающейся,1
разрушение,NOUN,,Dat:1,разрушениям,1
перемещение,NOUN,,Dat:1,перемещению,1
вынудить,VERB,Part,,вынуждены,1
покинуть,VERB,Inf,,покинуть,1
санкция,NOUN,,Acc:1,санкции,1
оказывать,VERB,Fin,,оказывают,1
документирование,NOUN,,Ins:1,документированием,1
боевой,ADJ,,Nom:1,боевые,1
ивановой,PROPN,,Gen:1,Ивановой,1
двухместный,ADJ,,Acc:1,двухместный,1
слева,ADV,,,слева,1
стойка,NOUN,,Gen:1,стойки,1
ресепшн,NOUN,,Acc:1,ресепшн,1
набереть,VERB,Fin,,наберите,1
отрезвлять,VERB,Fin,,отрезвляют,1
догадок,NOUN,,Gen:1,догадок,1
навынос,NOUN,,Nom:1,навынос,1
съедать,VERB,Fin,,съедают,1
лень,ADV,,,лень,1
вносить,VERB,Inf,,вносить,1
девятнадцатый,ADJ,,Gen:1,девятнадцатого,1
многоязычный,ADJ,,Loc:1,многоязычной,1
дворянский,ADJ,,Gen:1,дворянского,1
живость,NOUN,,Acc:1,живость,1
книжный,ADJ,,Acc:1,книжную,1
лирика,NOUN,,Gen:1,лирики,1
основоположник,NOUN,,Gen:1,основоположников,1
евгений,PROPN,,Nom:1,Евгений,1
онегин,PROPN,,Nom:1,Онегин,1
повести,NOUN,,Nom:1,повести,1
интонация,NOUN,,Nom:1,интонации,1
русскоязычный,ADJ,,Ins:1,русскоязычными,1
витрина,NOUN,,Acc:1,витрину,1
невымытый,ADJ,,Ins:1,невымытой,1
брать,VERB,Part,Acc:1,взятый,1
тщательно,ADV,,,тщательно,1
отобрать,VERB,Part,Ins:1,отобранными,1
самооценка,NOUN,,Gen:1,самооценки,1
непрерывно,ADV,,,непрерывно,1
объявлять,VERB,Inf,,объявлять,1
вредный,ADJ,,Gen:1,вредной,1
подходить,VERB,Inf,,подходить,1
осложнить,VERB,Inf,,осложнить,1
опустошить,VERB,Inf,,опустошить,1
очистить,VERB,Inf,,очистить,1
раскладывать,VERB,Inf,,раскладывать,1
выяснить,VERB,Inf,,выяснить,1
вспоминать,VERB,Inf,,вспоминать,1
кишечник,NOUN,,Loc:1,кишечнике,1
триллион,NOUN,,Nom:1,триллионы,1
кишечный,ADJ,,Ins:1,кишечной,1
расщеплять,VERB,Fin,,расщепляет,1
иммунный,ADJ,,Ins:1,иммунной,1
сдерживать,VERB,Inf,,сдерживать,1
размножение,NOUN,,Acc:1,размножение,1
болезнетворный,ADJ,,Gen:1,болезнетворных,1
формироваться,VERB,Inf,,формироваться,1
исследоваться,VERB,Fin,,исследуется,1
1920-й,ADJ,,Acc:1,1920-е,1
кинематограф,NOUN,,Loc:1,кинематографе,1
заметить,VERB,Part,,замечено,1
кулешов,PROPN,,Gen:1,Кулешова,1
сопоставлять,VERB,Fin,,сопоставляли,1
кадры,NOUN,,Ins:1,кадрами,1
гроб,NOUN,,Ins:1,гробом,1
оригинальный,ADJ,,Nom:1,Оригинальная,1
плёнка,NOUN,,Nom:1,плёнка,1
контекстный,ADJ,,Gen:1,контекстного,1
кинотеория,NOUN,,Gen:1,кинотеории,1
эйзенштейн,PROPN,,Nom:1,Эйзенштейн,1
броненосец,NOUN,,Nom:1,Броненосец,1
потёмкин,PROPN,,Nom:1,Потёмкин,1
киноязык,NOUN,,Acc:1,киноязык,1
супрематизм,NOUN,,Nom:1,супрематизм,1
казимир,PROPN,,Gen:1,Казимира,1
малевич,PROPN,,Gen:1,Малевича,1
конструктивизм,NOUN,,Nom:1,конструктивизм,1
татлина,PROPN,,Gen:1,Татлина,1
родченко,PROPN,,Gen:1,Родченко,1
типографика,NOUN,,Loc:1,типографике,1
отказываться,VERB,Fin,,отказывались,1
конструктивист,NOUN,,Nom:1,конструктивисты,1
стык,NOUN,,Loc:1,стыке,1
1932,ADJ,,,1932,1
социалистический,ADJ,,Nom:1,социалистический,1
реализм,NOUN,,Nom:1,реализм,1
деятель,NOUN,,Acc:1,деятелей,1
архимед,PROPN,,Nom:1,Архимед,1
выскочить,VERB,Fin,,выскочил,1
ванна,NOUN,,Gen:1,ванны,1
эврика,PROPN,,Nom:1,Эврика,1
обнаружить,VERB,Conv,,обнаружив,1
металл,NOUN,,Gen:1,металла,1
вытеснить,VERB,Part,Gen:1,вытесненной,1
витрувия,PROPN,,Gen:1,Витрувия,1
яблоко,NOUN,,Loc:1,яблоке,1
натолкнуть,VERB,Part,Loc:1,натолкнувшем,1
тяготение,NOUN,,Loc:1,тяготении,1
продумать,VERB,Inf,,продумать,1
переплата,NOUN,,Acc:1,переплату,1
взнос,NOUN,,Nom:1,взнос,1
погашение,NOUN,,Gen:1,погашения,1
измениться,VERB,Inf,,измениться,1
закладывать,VERB,Inf,,закладывать,1
непредвиденный,ADJ,,Gen:1,непредвиденных,1
долговой,ADJ,,Nom:1,долговые,1
асфальт,NOUN,,Nom:1,асфальт,1
бетон,NOUN,,Nom:1,бетон,1
нагреваться,VERB,Fin,,нагреваются,1
пригород,NOUN,,Loc:1,пригороде,1
выносить,VERB,Inf,,выносить,1
наружу,ADV,,,наружу,1
испарять,VERB,Inf,,испарять,1
влага,NOUN,,Acc:1,влагу,1
тепловой,ADJ,,Gen:1,теплового,1
заметный,VERB,Part,,заметен,1
увеличение,NOUN,,Acc:1,увеличение,1
покрытие,NOUN,,Nom:1,покрытия,1
отражать,VERB,Part,Acc:1,отражающие,1
продуманный,VERB,Part,Acc:1,продуманное,1
блокировать,VERB,Part,Acc:1,блокирующее,1
вентиляция,NOUN,,Acc:1,вентиляцию,1
наполеоновский,ADJ,,Gen:1,наполеоновских,1
случайность,NOUN,,Loc:1,случайности,1
карамазов,PROPN,,Nom:1,Карамазовы,1
детализация,NOUN,,Gen:1,детализации,1
тайфун,NOUN,,Gen:1,тайфуна,1
убрать,VERB,Part,,убраны,1
унести,VERB,Inf,,унести,1
сушилка,NOUN,,Acc:1,сушилку,1
зарядить,VERB,Part,Nom:1,заряженный,1
повербанк,NOUN,,Nom:1,повербанк,1
фонарик,NOUN,,Nom:1,фонарик,1
отключение,NOUN,,Gen:1,отключения,1
снегопад,NOUN,,Ins:1,снегопадом,1
убирать,VERB,Fin,,убираю,1
навес,NOUN,,Acc:1,навес,1
входной,ADJ,,Gen:1,входной,1
откапывать,VERB,Inf,,откапывать,1
сугроб,NOUN,,Gen:1,сугроба,1
непогод,NOUN,,Nom:1,непогода,1
скользкий,ADJ,,Nom:1,скользкие,1
задерживаться,VERB,Fin,,задерживается,1
планировать,VERB,Inf,,планировать,1
рамочный,ADJ,,Gen:1,Рамочной,1
аббревиатура,NOUN,,Dat:1,аббревиатуре,1
cop,PROPN,,,COP,1
финансирование,NOUN,,Nom:1,финансирование,1
затягиваться,VERB,Fin,,затягиваются,1
отвесить,VERB,Part,Acc:1,отведённые,1
ископаемый,ADJ,,Gen:1,ископаемого,1
сдерживание,NOUN,,Gen:1,сдерживания,1
согласиться,VERB,Inf,,согласиться,1
коллективно,ADV,,,коллективно,1
составить,VERB,Part,Nom:1,составленное,1
литературовед,NOUN,,Gen:1,литературоведов,1
публично,ADV,,,публично,1
выйти,VERB,Part,Gen:1,вышедших,1
расширить,VERB,Inf,,расширить,1
лауреат,NOUN,,Gen:1,лауреатов,1
шкала,NOUN,,Ins:1,шкалой,1
защищать,VERB,Fin,,защищает,1
воплощение,NOUN,,Gen:1,воплощения,1
законно,ADV,,,законно,1
дословный,ADJ,,Nom:1,дословное,1
лицензироваться,VERB,Inf,,лицензироваться,1
разрешать,VERB,Fin,,разрешает,1
цитирование,NOUN,,Acc:1,цитирование,1
правообладатель,NOUN,,Gen:1,правообладателя,1
дозволить,ADJ,,Gen:1,дозволенного,1
уточнять,VERB,Inf,,уточнять,1
готовить,VERB,Conv,,Готовя,1
спрашивать,VERB,Fin,,спрашиваю,1
зов,NOUN,,Dat:1,зову,1
лактоз,NOUN,,Gen:1,лактозы,1
глютен,NOUN,,Gen:1,глютена,1
нелюбовь,NOUN,,Nom:1,нелюбовь,1
хлопотно,ADJ,,,хлопотно,1
продумывать,VERB,Inf,,продумывать,1
голодный,ADJ,,Ins:1,голодным,1
разбираться,VERB,Fin,,разбирается,1
подбирать,VERB,Fin,,подбирает,1
сортировать,VERB,Inf,,сортировать,1
входить,VERB,Part,Acc:1,входящую,1
автоматизировать,VERB,Inf,,автоматизировать,1
предсказать,VERB,Inf,,предсказать,1
регулировать,VERB,Inf,,регулировать,1
встретить,VERB,Inf,,встретить,1
анкет,NOUN,,Gen:1,анкет,1
подобие,NOUN,,Acc:1,подобие,1
обилие,NOUN,,Nom:1,обилие,1
мешать,VERB,Inf,,мешать,1
остановиться,VERB,Inf,,остановиться,1
благо,NOUN,,Ins:1,благом,1
книгопечатание,NOUN,,Gen:1,книгопечатания,1
иоганн,PROPN,,Acc:1,Иоганна,1
станок,NOUN,,Acc:1,станок,1
корея,PROPN,,Loc:1,Корее,1
иероглифический,ADJ,,Gen:1,иероглифической,1
алфавитный,ADJ,,Gen:1,алфавитных,1
металлический,ADJ,,Gen:1,металлического,1
сплав,NOUN,,Gen:1,сплава,1
масляный,ADJ,,Gen:1,масляной,1
типографский,ADJ,,Gen:1,типографской,1
пресса,NOUN,,Gen:1,пресса,1
единичный,ADJ,,Nom:1,единичное,1
озарение,NOUN,,Nom:1,озарение,1
шестнадцатый,ADJ,,Gen:1,шестнадцатого,1
лежать,VERB,Conv,,лёжа,1
обращать,VERB,Inf,,обращать,1
почасовой,ADJ,,Acc:1,почасовой,1
сухо,ADJ,,,сухо,1
моросить,VERB,Fin,,моросит,1
надеженный,ADJ,,,надёжен,1
грила,NOUN,,Loc:1,гриле,1
овощной,ADJ,,Nom:1,овощной,1
крем-супа,NOUN,,Nom:1,крем-суп,1
крепко,ADV,,,покрепче,1
столпиться,VERB,Part,Nom:1,столпившиеся,1
разом,ADV,,,разом,1
плодлодировать,VERB,Fin,,зааплодировали,1
потянуться,VERB,Fin,,потянулись,1
нервничать,VERB,Conv,,нервничая,1
поправлять,VERB,Conv,,поправляя,1
галстук,NOUN,,Acc:1,галстук,1
дрожать,VERB,Fin,,дрожал,1
промакивать,VERB,Conv,,промакивая,1
платок,NOUN,,Ins:1,платком,1
младенчество,NOUN,,Gen:1,младенчества,1
длинный,ADV,,,длиннее,1
сентиментальный,ADJ,,,сентиментальнее,1
откладывать,VERB,Inf,,откладывать,1
увлечение,NOUN,,Acc:1,увлечение,1
выстраиваться,VERB,Fin,,выстраивается,1
мерить,VERB,Inf,,мерить,1
кумир,NOUN,,Gen:1,кумира,1
наблюдать,VERB,Conv,,наблюдая,1
увлечеть,VERB,Part,Ins:1,увлечёнными,1
разовый,ADJ,,Gen:1,разовых,1
софт,NOUN,,Acc:1,софт,1
диск,NOUN,,Acc:1,диск,1
обновляться,VERB,Fin,,обновляется,1
пополняться,VERB,Fin,,пополняется,1
содержимый,NOUN,,Ins:1,содержимым,1
отмена,NOUN,,Gen:1,отмены,1
периодически,ADV,,,периодически,1
огород,NOUN,,Acc:1,огород,1
мят,NOUN,,Nom:1,мята,1
залить,VERB,Fin,,залил,1
пересушить,VERB,Fin,,пересушил,1
чуть,NOUN,,Nom:1,чутьё,1
срезать,VERB,Inf,,срезать,1
полуденный,ADJ,,Gen:1,полуденного,1
переставлять,VERB,Fin,,переставляю,1
сонный,ADJ,,Nom:1,сонный,1
задремать,VERB,Fin,,задремал,1
задний,ADJ,,Loc:1,заднем,1
сиденье,NOUN,,Loc:1,сиденье,1
доехать,VERB,Fin,,доехали,1
счётчик,NOUN,,Nom:1,счётчик,1
разумеется,ADV,,,разумеется,1
накрутить,VERB,Fin,,накрутил,1
поспать,VERB,Inf,,поспать,1
осьминога,NOUN,,Nom:1,Осьминоги,1
бугристый,ADJ,,Ins:1,бугристыми,1
достигать,VERB,Fin,,достигается,1
кожный,ADJ,,Gen:1,кожных,1
приподнимать,VERB,Inf,,приподнимать,1
трехмерный,ADJ,,Acc:1,трёхмерные,1
выступ,NOUN,,Acc:1,выступы,1
хроматофор,NOUN,,Nom:1,хроматофоры,1
пигментный,ADJ,,Nom:1,пигментные,1
нейромышечный,ADJ,,Nom:1,нейромышечные,1
непосредственно,ADV,,,непосредственно,1
контролировать,VERB,Fin,,контролируется,1
окраска,NOUN,,Nom:1,окраска,1
маскировка,NOUN,,Gen:1,маскировки,1
водоросль,NOUN,,Acc:1,водоросли,1
запугивание,NOUN,,Gen:1,запугивания,1
хищник,NOUN,,Gen:1,хищников,1
пятно,NOUN,,Gen:1,пятен,1
осьминог,NOUN,,Nom:1,осьминоги,1
особь,NOUN,,Gen:1,особей,1
исследовать,VERB,Inf,,исследовать,1
беспозвоночное,NOUN,,Gen:1,беспозвоночных,1
расплываться,VERB,Fin,,расплывается,1
наотрез,ADV,,,наотрез,1
окружать,VERB,Fin,,окружает,1
недоумение,NOUN,,Acc:1,недоумение,1
осуждение,NOUN,,Acc:1,осуждение,1
уральский,ADJ,,Acc:1,Уральские,1
геологический,ADJ,,Dat:1,геологическим,1
протяженный,ADJ,,Nom:1,протяжённая,1
цепь,NOUN,,Nom:1,цепь,1
тянуться,VERB,Part,Nom:1,тянущаяся,1
север,NOUN,,Gen:1,севера,1
разделять,VERB,Part,Nom:1,разделяющая,1
восточно,ADJ,,,Восточно,1
европейский,PROPN,,,Европейскую,1
равнина,NOUN,,Acc:1,равнину,1
западно-сибирский,PROPN,,,Западно-Сибирскую,1
низменность,NOUN,,Acc:1,низменность,1
екатеринбург,PROPN,,Nom:1,Екатеринбург,1
памятный,ADJ,,Acc:1,памятные,1
стела,NOUN,,Acc:1,стелы,1
каспийский,ADJ,,Acc:1,Каспийское,1
многоквартирный,ADJ,,Loc:1,многоквартирном,1
разобщенность,NOUN,,Dat:1,разобщённости,1
перевешивать,VERB,Fin,,перевешивает,1
урбанизация,NOUN,,Nom:1,урбанизация,1
оон,NOUN,,Nom:1,ООН,1
продовольствие,NOUN,,Ins:1,продовольствием,1
непроцедурный,ADJ,,Dat:1,непроцедурным,1
отрицательный,ADJ,,Nom:1,отрицательный,1
член,NOUN,,Gen:1,члена,1
незаменимый,ADJ,,Acc:1,незаменимую,1
негромкий,ADJ,,Nom:1,негромкая,1
приглушенный,ADJ,,Nom:1,приглушённые,1
соболезнование,NOUN,,Gen:1,соболезнований,1
одеть,VERB,Part,,Одеты,1
сдержанно,ADV,,,сдержанно,1
аксессуар,NOUN,,Gen:1,аксессуаров,1
бледный,ADJ,,Acc:1,бледных,1
рассаживаться,VERB,Fin,,рассаживались,1
стараться,VERB,Conv,,стараясь,1
ненадолго,ADV,,,ненадолго,1
наступить,VERB,Fin,,наступила,1
прощаться,VERB,Conv,,Прощаясь,1
покойный,NOUN,,Gen:1,покойного,1
неуместно,ADV,,,неуместно,1
поставлять,VERB,Inf,,поставлять,1
дефицитный,ADJ,,Acc:1,дефицитный,1
видеть,VERB,Conv,,видя,1
поднимать,VERB,Fin,,поднимают,1
излишек,NOUN,,Gen:1,излишков,1
пересечение,NOUN,,Acc:1,Пересечение,1
кривой,ADJ,,Gen:1,кривых,1
условно,ADV,,,условно,1
равновесный,ADJ,,Ins:1,равновесной,1
финальный,ADJ,,Acc:1,финальный,1
чипсы,NOUN,,Acc:1,чипсы,1
положенный,ADJ,,,положено,1
фол,NOUN,,Gen:1,фолов,1
подпрыгнуть,VERB,Fin,,подпрыгнул,1
тайма,NOUN,,Loc:1,тайме,1
взлететь,VERB,Fin,,взлетело,1
добавить,VERB,Part,Acc:1,добавленное,1
сантиметр,NOUN,,Loc:1,сантиметрах,1
вратарь,NOUN,,Nom:1,вратарь,1
взорваться,VERB,Fin,,взорвалась,1
формировать,VERB,Fin,,формирует,1
нейтральный,ADJ,,Acc:1,нейтральную,1
катастрофа,NOUN,,Dat:1,катастрофам,1
порождать,VERB,Fin,,порождает,1
выстраивать,VERB,Inf,,выстраивать,1
инсценировать,VERB,Inf,,инсценировать,1
хронология,NOUN,,Acc:1,хронологию,1
оставаться,VERB,Conv,,оставаясь,1
слабеть,VERB,Fin,,слабеет,1
сырье,NOUN,,Acc:1,сырьё,1
рубеж,NOUN,,Ins:1,рубежом,1
получать,VERB,Part,Acc:1,получающих,1
выручка,NOUN,,Acc:1,выручку,1
импорт,NOUN,,Gen:1,импорта,1
ударить,VERB,Fin,,ударит,1
сбережения,NOUN,,Gen:1,сбережений,1
ровесник,NOUN,,Gen:1,ровесников,1
превратить,VERB,Inf,,превратить,1
рассуждать,VERB,Inf,,рассуждать,1
прослойка,NOUN,,Gen:1,прослойки,1
пилотировать,VERB,Part,Nom:1,пилотируемый,1
суборбитальный,ADJ,,Acc:1,суборбитальные,1
заметный,ADV,,,заметнее,1
грузовой,ADJ,,Loc:1,грузовых,1
груз,NOUN,,Gen:1,грузов,1
предприниматель,NOUN,,Nom:1,предприниматель,1
илон,PROPN,,Nom:1,Илон,1
маск,PROPN,,Nom:1,Маск,1
завершить,VERB,Fin,,завершил,1
приобретение,NOUN,,Dat:1,приобретению,1
44,NUM,,,44,1
разбирательство,NOUN,,Gen:1,разбирательств,1
переименовать,VERB,Part,,переименован,1
x,PROPN,,,X,1
штатный,ADJ,,Gen:1,штатной,1
численность,NOUN,,Gen:1,численности,1
подписной,ADJ,,Gen:1,подписной,1
рекламодатель,NOUN,,Gen:1,рекламодателей,1
ссылаться,VERB,Conv,,ссылаясь,1
поддержать,VERB,Fin,,поддержали,1
отразиться,VERB,Fin,,отразились,1
ограниченно,ADV,,,ограниченно,1
выводить,VERB,Fin,,выводят,1
применимый,ADJ,,,применимы,1
взаимозависимость,NOUN,,Gen:1,взаимозависимости,1
невыгодный,ADJ,,Ins:1,невыгодной,1
маловероятный,ADJ,,Ins:1,маловероятной,1
оправдаться,VERB,Fin,,оправдалось,1
убийство,NOUN,,Gen:1,убийства,1
фердинанд,PROPN,,Gen:1,Фердинанда,1
крупномасштабный,ADJ,,Gen:1,крупномасштабного,1
польша,PROPN,,Acc:1,Польшу,1
охватить,VERB,Fin,,охватил,1
лига,PROPN,,Gen:1,Лиги,1
выстроить,VERB,Inf,,выстроить,1
урегулирование,NOUN,,Gen:1,урегулирования,1
вооружённый,ADJ,,Acc:1,вооружённый,1
захватывать,VERB,Part,Gen:1,захватывающей,1
интрига,NOUN,,Gen:1,интриги,1
замечать,VERB,Inf,,замечать,1
несостыковка,NOUN,,Acc:1,несостыковку,1
пояснять,VERB,Fin,,поясняет,1
бросить,VERB,Part,Acc:1,брошенную,1
молчание,NOUN,,Acc:1,молчание,1
предоставлять,VERB,Fin,,предоставляет,1
комический,ADJ,,Gen:1,комического,1
трагический,ADJ,,Gen:1,трагического,1
фудкорт,NOUN,,Loc:1,фудкорте,1
тайский,ADJ,,Acc:1,тайскую,1
индийский,ADJ,,Acc:1,индийское,1
блинчик,NOUN,,Acc:1,блинчики,1
десерт,NOUN,,Acc:1,десерт,1
пробовать,VERB,Conv,,пробуя,1
вилок,NOUN,,Dat:1,вилке,1
остро,ADJ,,,острее,1
спасаться,VERB,Inf,,спасаться,1
ароматный,ADJ,,Ins:1,ароматным,1
захотеться,VERB,Fin,,захотелось,1
заказать,VERB,Inf,,заказать,1
наедаться,VERB,Conv,,наедаясь,1
вчетвером,ADV,,,вчетвером,1
определиться,VERB,Fin,,определимся,1
простой,ADV,,,попроще,1
разогрев,NOUN,,Gen:1,разогрева,1
распадаться,VERB,Fin,,распадались,1
предать,VERB,Inf,,предать,1
проговаривать,VERB,Inf,,проговаривать,1
моментально,ADV,,,моментально,1
определить,VERB,Conv,,определив,1
очки,NOUN,,Acc:1,очки,1
доиграть,VERB,Inf,,доиграть,1
достоверный,ADJ,,Acc:1,достоверную,1
приобретать,VERB,Part,Gen:1,приобретаемой,1
обнаружение,NOUN,,Gen:1,обнаружения,1
несоответствие,NOUN,,Gen:1,несоответствия,1
предъявление,NOUN,,Gen:1,предъявления,1
претензия,NOUN,,Gen:1,претензии,1
развивать,VERB,Inf,,развивать,1
экспериментировать,VERB,Fin,,экспериментируют,1
раскрывать,VERB,Inf,,раскрывать,1
соединить,VERB,Fin,,соединил,1
симфонический,ADJ,,Acc:1,симфоническую,1
мелодический,ADJ,,Ins:1,мелодической,1
узнаваемо,ADV,,,узнаваемо,1
спящий,ADJ,,Nom:1,Спящая,1
красавица,NOUN,,Nom:1,красавица,1
щелкунчик,NOUN,,Nom:1,Щелкунчик,1
эмоционально,ADV,,,эмоционально,1
насыщенный,VERB,Part,Ins:1,насыщенными,1
лирический,ADJ,,Nom:1,лирические,1
песенный,ADJ,,Nom:1,песенные,1
соседствовать,VERB,Fin,,соседствуют,1
продуктивно,ADV,,,продуктивно,1
посторонний,ADJ,,Gen:1,постороннего,1
библиотекарь,NOUN,,Nom:1,библиотекарь,1
вежливо,ADV,,,вежливо,1
соображать,VERB,Fin,,соображала,1
улечься,VERB,Fin,,улёгся,1
поодиночке,ADV,,,поодиночке,1
раздробленность,NOUN,,Gen:1,раздробленности,1
киевский,PROPN,,,Киевской,1
владимирый,ADJ,,Nom:1,Владимиро-,1
суздальский,ADJ,,Nom:1,Суздальское,1
нашествие,NOUN,,Gen:1,нашествия,1
автономия,NOUN,,Acc:1,автономию,1
династический,ADJ,,Loc:1,династической,1
сборщик,NOUN,,Gen:1,сборщика,1
подчинить,VERB,Inf,,подчинить,1
-запад,NOUN,,Loc:1,-западе,1
литовский,ADJ,,Gen:1,Литовского,1
польский,ADJ,,Gen:1,Польского,1
королевство,NOUN,,Gen:1,королевства,1
речь,PROPN,,Gen:1,Речи,1
посполита,PROPN,,Gen:1,Посполитой,1
шагнуть,VERB,Fin,,шагнул,1
неплохо,ADV,,,неплохо,1
справляться,VERB,Fin,,справляются,1
бессмысленный,ADJ,,Acc:1,бессмысленные,1
обучать,VERB,Part,Gen:1,обучающих,1
специфический,ADJ,,Nom:1,Специфические,1
естественно,ADV,,,естественно,1
многозначный,ADJ,,Gen:1,многозначных,1
отсылок,NOUN,,Gen:1,отсылок,1
перевести,VERB,Inf,,перевести,1
требуемый,ADJ,,Gen:1,требуемой,1
византия,PROPN,,Gen:1,Византии,1
византийский,ADJ,,Acc:1,византийские,1
левкас,NOUN,,Acc:1,левкас,1
темпер,NOUN,,Dat:1,темперу,1
яичный,ADJ,,Loc:1,яичном,1
построение,NOUN,,Gen:1,построения,1
иконописный,ADJ,,Nom:1,иконописные,1
цветовой,ADJ,,Gen:1,цветовой,1
гамма,NOUN,,Gen:1,гаммы,1
рублев,PROPN,,Nom:1,Рублёв,1
четырнадцатый,ADJ,,Gen:1,четырнадцатого,1
икона,NOUN,,Nom:1,икона,1
троица,NOUN,,Nom:1,Троица,1
восточнохристианский,ADJ,,Gen:1,восточнохристианского,1
канон,NOUN,,Acc:1,канон,1
балканы,PROPN,,Gen:1,Балкан,1
изолировать,VERB,Part,Ins:1,изолированным,1
мумификация,NOUN,,Nom:1,Мумификация,1
схожий,ADJ,,Nom:1,схожие,1
чинчорро,NOUN,,Gen:1,чинчорро,1
чили,PROPN,,Gen:1,Чили,1
очищать,VERB,Fin,,очищали,1
извлекать,VERB,Fin,,извлекали,1
обезвоживать,VERB,Fin,,обезвоживали,1
минеральный,ADJ,,Ins:1,минеральной,1
натрон,NOUN,,Ins:1,натроном,1
обматывать,VERB,Fin,,обматывали,1
льняный,ADJ,,Ins:1,льняными,1
защитить,VERB,Inf,,защитить,1
разложение,NOUN,,Gen:1,разложения,1
пустынь,NOUN,,Gen:1,пустынь,1
кислый,ADJ,,Nom:1,кислая,1
торфяный,ADJ,,Gen:1,торфяных,1
болот,NOUN,,Gen:1,болот,1
альпы,PROPN,,Loc:1,Альпах,1
сибирский,ADJ,,Loc:1,сибирской,1
сочинять,VERB,Inf,,сочинять,1
называться,VERB,Inf,,называться,1
сгенерировать,VERB,Part,Nom:1,сгенерированная,1
обучать,VERB,Inf,,обучать,1
ныне,ADV,,,ныне,1
2020-й,ADJ,,Gen:1,2020-х,1
аргументировать,VERB,Conv,,аргументируя,1
гибридный,ADJ,,Acc:1,гибридный,1
местоположение,NOUN,,Gen:1,местоположения,1
тяготеть,VERB,Fin,,тяготеет,1
различаться,VERB,Inf,,различаться,1
сойтись,VERB,Fin,,сойдётся,1
переиздаваться,VERB,Inf,,переиздаваться,1
любовь,NOUN,,Loc:1,любви,1
перечитывание,NOUN,,Acc:1,перечитывание,1
статичный,ADJ,,,статичен,1
выпадать,VERB,Fin,,выпадают,1
второстепенный,ADJ,,Ins:1,второстепенными,1
переоткрытие,NOUN,,Dat:1,переоткрытию,1
недооценивать,VERB,Fin,,недооценивали,1
зафиксировать,VERB,Part,Nom:1,зафиксированный,1
встретить,VERB,Fin,,встретил,1
тренд,NOUN,,Loc:1,тренде,1
оправдываться,VERB,Conv,,оправдываясь,1
объяснять,VERB,Conv,,объясняясь,1
англицизм,NOUN,,Acc:1,англицизмы,1
ударение,NOUN,,Acc:1,ударения,1
столетний,ADJ,,Gen:1,столетней,1
давность,NOUN,,Gen:1,давности,1
возмущаться,VERB,Fin,,возмущались,1
закрепиться,VERB,Inf,,закрепиться,1
командировка,NOUN,,Loc:1,командировке,1
прилететь,VERB,Fin,,Прилетел,1
ресепшенин,NOUN,,Loc:1,ресепшене,1
разводить,VERB,Fin,,разводит,1
отель,NOUN,,Acc:1,отель,1
разобрать,VERB,Fin,,разобрали,1
распечатка,NOUN,,Acc:1,распечатку,1
положиться,VERB,Inf,,положиться,1
треугольный,ADJ,,Nom:1,треугольный,1
струнный,ADJ,,Nom:1,струнный,1
домра,NOUN,,Ins:1,домрой,1
щипковой,ADJ,,Ins:1,щипковыми,1
оформиться,VERB,Part,Acc:1,оформившуюся,1
–xviii,NUM,,,–XVIII,1
деревенский,ADJ,,Loc:1,деревенском,1
быт,NOUN,,Loc:1,быту,1
посиделка,NOUN,,Loc:1,посиделках,1
гармонь,NOUN,,Ins:1,гармонью,1
частушка,NOUN,,Gen:1,частушек,1
хороводный,ADJ,,Gen:1,хороводных,1
рок-групп,NOUN,,Gen:1,рок-групп,1
гавань,NOUN,,Gen:1,гавани,1
брод,NOUN,,Gen:1,брода,1
разгружать,VERB,Inf,,разгружать,1
монастырь,NOUN,,Nom:1,монастырь,1
селиться,VERB,Fin,,селились,1
ремесленник,NOUN,,Nom:1,ремесленники,1
вырастать,VERB,Fin,,вырастал,1
посёлок,NOUN,,Nom:1,посёлок,1
городок,NOUN,,Acc:1,городок,1
порт,NOUN,,Nom:1,порт,1
изучать,VERB,Conv,,Изучая,1
разглядеть,VERB,Inf,,разглядеть,1
сохраниться,VERB,Part,Nom:1,сохранившийся,1
выступать,VERB,Fin,,выступают,1
снижать,VERB,Part,Acc:1,снижающую,1
простаивать,VERB,Part,Gen:1,простаивающего,1
обслуживать,VERB,Inf,,обслуживать,1
плотность,NOUN,,Gen:1,плотности,1
удобно,ADV,,,удобно,1
краткосрочный,ADJ,,Loc:1,краткосрочной,1
быстрорастущий,ADJ,,Gen:1,быстрорастущих,1
читальный,ADJ,,Gen:1,читальных,1
секция,NOUN,,Acc:1,секцию,1
лектория,NOUN,,Acc:1,лекторий,1
жилой,ADJ,,Gen:1,жилых,1
востребованный,ADJ,,Dat:1,востребованным,1
гомеровский,ADJ,,Gen:1,гомеровских,1
поэма,NOUN,,Gen:1,поэм,1
генрих,PROPN,,Nom:1,Генрих,1
шлиман,PROPN,,Nom:1,Шлиман,1
гиссарлык,PROPN,,Nom:1,Гиссарлык,1
турция,PROPN,,Gen:1,Турции,1
трой,PROPN,,Ins:1,Троей,1
многослойный,ADJ,,Acc:1,многослойное,1
бронзовый,ADJ,,Gen:1,бронзового,1
илиада,PROPN,,Gen:1,Илиады,1
поединок,NOUN,,Nom:1,поединки,1
десятилетний,ADJ,,Gen:1,десятилетней,1
осада,NOUN,,Gen:1,осады,1
обрасти,VERB,Fin,,обросли,1
подробность,NOUN,,Ins:1,подробностями,1
отголоска,NOUN,,Acc:1,отголоски,1
пересказ,NOUN,,Ins:1,пересказом,1
зерно,NOUN,,Acc:1,зерно,1
наслоение,NOUN,,Gen:1,наслоений,1
север,PROPN,,Gen:1,Севера,1
промерзнуть,VERB,Fin,,промёрзла,1
вглубь,ADV,,,вглубь,1
возводить,VERB,Fin,,возводят,1
мерзлый,ADJ,,Gen:1,мёрзлого,1
уклад,NOUN,,Nom:1,уклад,1
оленеводство,NOUN,,Nom:1,оленеводство,1
перекочевка,NOUN,,Nom:1,перекочёвки,1
протаивание,NOUN,,Acc:1,протаивание,1
проседать,VERB,Inf,,проседать,1
фундамент,NOUN,,Ins:1,фундаментами,1
деформироваться,VERB,Inf,,деформироваться,1
повсеместно,ADV,,,повсеместно,1
залегание,NOUN,,Gen:1,залегания,1
чат-бота,NOUN,,Dat:1,чат-боту,1
chatgpt,PROPN,,,ChatGPT,1
текстовой,ADJ,,Dat:1,текстовому,1
встать,VERB,Fin,,встал,1
устояться,VERB,Fin,,устоялись,1
подлинность,NOUN,,Gen:1,подлинности,1
встраивать,VERB,Fin,,встраивают,1
выехать,VERB,Fin,,выехал,1
оттуда-то,ADV,,,оттуда-то,1
навстречу,ADV,,,навстречу,1
сникнуть,VERB,Fin,,сник,1
досчитать,VERB,Fin,,досчитал,1
побежать,VERB,Fin,,побежал,1
выручать,VERB,Fin,,выручал,1
выставочный,ADJ,,Gen:1,выставочного,1
абстрактный,ADJ,,Ins:1,абстрактной,1
инсталляция,NOUN,,Ins:1,инсталляцией,1
упрека,NOUN,,Loc:1,упрёке,1
отказаться,VERB,Fin,,отказались,1
иллюстрировать,VERB,Fin,,иллюстрирует,1
ремесленный,ADJ,,Gen:1,ремесленного,1
рассудить,VERB,Inf,,рассудить,1
упираться,VERB,Fin,,упирается,1
открываться,VERB,Part,Gen:1,открывающейся,1
панорама,NOUN,,Gen:1,панорамы,1
вытянуть,VERB,Part,Loc:1,вытянутой,1
терпеливо,ADV,,,терпеливо,1
отойти,VERB,Fin,,отойдут,1
поймать,VERB,Inf,,поймать,1
трепать,VERB,Fin,,треплет,1
флаг,NOUN,,Acc:1,флаги,1
ползти,VERB,Fin,,ползут,1
кораблика,NOUN,,Nom:1,кораблики,1
окрашивать,VERB,Conv,,окрашивая,1
устроить,VERB,Inf,,устроить,1
постановочный,ADJ,,Acc:1,постановочный,1
пересматривать,VERB,Conv,,пересматривая,1
неудачный,ADJ,,Acc:1,неудачные,1
вдыхать,VERB,Conv,,вдыхая,1
xiii,ADJ,,,XIII,1
разгромить,VERB,Fin,,разгромили,1
историография,NOUN,,Loc:1,историографии,1
игом,NOUN,,Ins:1,игом,1
выплачивать,VERB,Inf,,выплачивать,1
сказаться,VERB,Fin,,сказалась,1
насколько,SCONJ,,,Насколько,1
владычество,NOUN,,Nom:1,владычество,1
трактовка,NOUN,,Loc:1,трактовках,1
взаимодействие,NOUN,,Loc:1,взаимодействии,1
скандал,NOUN,,Acc:1,скандал,1
рассеться,VERB,Fin,,Расселись,1
обида,NOUN,,Gen:1,обид,1
вынос,NOUN,,Nom:1,вынос,1
лениться,VERB,Fin,,ленится,1
собраться,VERB,Inf,,собраться,1
перекоситься,VERB,Inf,,перекоситься,1
постыдный,ADJ,,Loc:1,постыдном,1
обеденный,VERB,Part,Loc:1,обеденном,1
родительский,ADJ,,Loc:1,родительских,1
всплывать,VERB,Fin,,всплывают,1
вращаться,VERB,Fin,,вращаюсь,1
заставить,VERB,Part,Nom:1,заставившая,1
остаться,VERB,Inf,,остаться,1
охотно,ADV,,,охотнее,1
сопутствовать,ADJ,,Ins:1,сопутствующим,1
выверенный,VERB,Part,Nom:1,выверенный,1
проработать,VERB,Fin,,проработал,1
попадать,VERB,Fin,,попадают,1
одолжить,VERB,Inf,,одолжить,1
невезение,NOUN,,Ins:1,невезением,1
несправедливость,NOUN,,Ins:1,несправедливостью,1
упрощать,VERB,Inf,,упрощать,1
выпуск,NOUN,,Gen:1,выпуска,1
выхлопный,ADJ,,Gen:1,выхлопных,1
удешевление,NOUN,,Acc:1,удешевление,1
нерешенный,ADJ,,Gen:1,нерешённых,1
зарядный,ADJ,,Nom:1,зарядная,1
бензобак,NOUN,,Gen:1,бензобака,1
рекордный,ADJ,,Nom:1,рекордный,1
оскорбить,VERB,Part,Ins:1,оскорблённой,1
посмеяться,VERB,Inf,,посмеяться,1
глупость,NOUN,,Ins:1,глупостями,1
объяснить,VERB,Conv,,объяснив,1
спросить,VERB,Conv,,спросив,1
обижаться,VERB,Inf,,обижаться,1
додумывать,VERB,Inf,,додумывать,1
повышать,VERB,Inf,,повышать,1
реалистический,ADJ,,Nom:1,реалистическая,1
обращаться,VERB,Part,Nom:1,обращающаяся,1
экспериментальный,ADJ,,Nom:1,экспериментальные,1
жанровый,ADJ,,Nom:1,жанровая,1
фантастика,NOUN,,Nom:1,фантастика,1
наследовать,VERB,Part,Gen:1,унаследованной,1
отталкиваться,VERB,Fin,,отталкиваются,1
смешение,NOUN,,Acc:1,смешение,1
мемуар,NOUN,,Nom:1,мемуары,1
выдвигать,VERB,Fin,,выдвигают,1
иерархия,NOUN,,Gen:1,иерархии,1
удержаться,VERB,Inf,,удержаться,1
примерочный,ADJ,,Gen:1,примерочных,1
разносить,VERB,Inf,,разносить,1
валяться,VERB,Fin,,валялись,1
вешалка,NOUN,,Nom:1,вешалки,1
убирать,VERB,Inf,,убирать,1
присматривать,VERB,Fin,,присматривала,1
джинсы,NOUN,,Gen:1,джинсов,1
подсобка,NOUN,,Loc:1,подсобке,1
колено,NOUN,,Loc:1,коленях,1
заречься,VERB,Fin,,зареклась,1
хаос,NOUN,,Gen:1,хаоса,1
утихать,VERB,Fin,,утихают,1
поблизости,ADV,,,поблизости,1
редактировать,VERB,Part,Ins:1,отредактированными,1
сокращаться,VERB,Fin,,сокращается,1
дополняться,VERB,Fin,,дополняется,1
офлайн,NOUN,,Ins:1,офлайн,1
обогащать,VERB,Fin,,обогащают,1
изолировать,VERB,Fin,,изолируют,1
избавить,VERB,Inf,,избавить,1
лагерь,NOUN,,Gen:1,лагерей,1
развязка,NOUN,,Gen:1,развязок,1
освободиться,VERB,Part,Nom:1,освободившееся,1
заполняться,VERB,Fin,,заполняется,1
привлечь,VERB,Part,Ins:1,привлечёнными,1
возрасти,VERB,Part,Ins:1,возросшей,1
пропускной,ADJ,,Ins:1,пропускной,1
усточиво,ADV,,,устойчивее,1
альтернатива,NOUN,,Nom:1,альтернатива,1
трамвай,NOUN,,Gen:1,трамваев,1
автобусный,ADJ,,Gen:1,автобусных,1
зависеть,VERB,Inf,,зависеть,1
1950-й,ADJ,,Loc:1,1950-х,1
соломон,PROPN,,Nom:1,Соломон,1
аш,PROPN,,Nom:1,Аш,1
выбрать,VERB,Inf,,выбрать,1
подставной,ADJ,,Nom:1,подставные,1
раунд,NOUN,,Loc:1,раундах,1
единодушно,ADV,,,единодушно,1
заведомо,ADV,,,заведомо,1
испытуемый,NOUN,,Nom:1,испытуемые,1
соглашаться,VERB,Fin,,соглашались,1
аша,PROPN,,Gen:1,Аша,1
подчиняться,VERB,Inf,,подчиняться,1
наглядный,ADJ,,Acc:1,наглядный,1
единодушный,ADJ,,Gen:1,единодушного,1
отправной,ADJ,,Ins:1,отправной,1
конформность,NOUN,,Gen:1,конформности,1
групповой,ADJ,,Gen:1,группового,1
вавилонский,ADJ,,Nom:1,вавилонские,1
глиняный,ADJ,,Nom:1,глиняные,1
схематичный,ADJ,,Ins:1,схематичными,1
греция,PROPN,,Loc:1,Греции,1
математический,ADJ,,Nom:1,математическая,1
эратосфен,PROPN,,Gen:1,Эратосфена,1
птолемей,PROPN,,Gen:1,Птолемея,1
хань,PROPN,,Gen:1,Хань,1
развитый,ADJ,,Nom:1,развитые,1
координатный,ADJ,,Gen:1,координатной,1
разметка,NOUN,,Gen:1,разметки,1
навигация,NOUN,,Gen:1,навигации,1
морской,ADJ,,Gen:1,морских,1
картография,NOUN,,Nom:1,картография,1
океанский,ADJ,,Loc:1,океанских,1
непрерывный,ADJ,,Gen:1,непрерывного,1
исламский,ADJ,,Gen:1,исламского,1
вобрать,VERB,Fin,,вобрала,1
формироваться,VERB,Part,Acc:1,формировавшиеся,1
увязать,VERB,Fin,,увязает,1
рассуждение,NOUN,,Acc:1,рассуждение,1
исходить,VERB,Fin,,исходят,1
умеренность,NOUN,,Ins:1,умеренностью,1
разногласие,NOUN,,Nom:1,разногласия,1
оправдать,VERB,Part,,оправдано,1
инструментальный,ADJ,,Nom:1,инструментальное,1
вести,VERB,Inf,,вести,1
списывать,VERB,Fin,,списывала,1
грохот,NOUN,,Acc:1,грохот,1
таскать,VERB,Fin,,таскают,1
передвигать,VERB,Fin,,передвигают,1
стесняться,VERB,Fin,,стеснялась,1
зануда,NOUN,,Ins:1,занудой,1
выдержать,VERB,Fin,,выдержала,1
стучать,VERB,Fin,,постучала,1
носиться,VERB,Inf,,носиться,1
уложить,VERB,Inf,,уложить,1
поговорить,VERB,Fin,,Поговорили,1
стелить,VERB,Inf,,постелить,1
ковер,NOUN,,Acc:1,ковёр,1
выдумывать,VERB,Fin,,выдумываю,1
худший,ADJ,,Acc:1,худшее,1
банкомат,NOUN,,Nom:1,банкоматы,1
сотрудница,NOUN,,Nom:1,сотрудница,1
перечень,NOUN,,Nom:1,перечень,1
идентификация,NOUN,,Dat:1,идентификации,1
дебетовой,ADJ,,Ins:1,дебетовой,1
накопительный,ADJ,,Ins:1,накопительным,1
подключить,VERB,Inf,,подключить,1
перевыпка,NOUN,,Gen:1,перевыпуска,1
получас,NOUN,,Gen:1,получаса,1
восточнославяк,ADJ,,Dat:1,восточнославянской,1
индоевропейский,ADJ,,Gen:1,индоевропейской,1
предшественник,NOUN,,Nom:1,предшественники,1
родство,NOUN,,Acc:1,родство,1
взаимопонимание,NOUN,,Gen:1,взаимопонимания,1
общеславянский,ADJ,,Nom:1,общеславянский,1
засвидетельствовать,VERB,Part,,засвидетельствован,1
сопоставлять,VERB,Conv,,сопоставляя,1
оставаться,VERB,Inf,,оставаться,1
муниципалитет,NOUN,,Dat:1,муниципалитетам,1
универсально,ADV,,,универсально,1
централизация,NOUN,,Gen:1,централизации,1
децентрализация,NOUN,,Gen:1,децентрализации,1
нужда,NOUN,,Acc:1,нужды,1
реагировать,VERB,Inf,,реагировать,1
определённый,ADJ,,Acc:1,определённый,1
сдвигаться,VERB,Inf,,сдвигаться,1
охватывать,VERB,Fin,,охватывает,1
протяженность,NOUN,,Nom:1,протяжённость,1
назначить,VERB,Inf,,назначить,1
эфир,NOUN,,Gen:1,эфира,1
телеканал,NOUN,,Gen:1,телеканала,1
авиаперелет,NOUN,,Nom:1,авиаперелёты,1
телефонный,ADJ,,Nom:1,телефонный,1
обширный,ADJ,,Ins:1,обширной,1
контракт,NOUN,,Nom:1,Контракты,1
футболист,NOUN,,Gen:1,футболистов,1
баскетболист,NOUN,,Gen:1,баскетболистов,1
зрелищный,ADJ,,Nom:1,зрелищный,1
спонсорство,NOUN,,Gen:1,спонсорства,1
чрезвычайно,ADV,,,чрезвычайно,1
рыночный,ADJ,,Nom:1,рыночная,1
жизненно,ADV,,,жизненно,1
масштабироваться,VERB,Inf,,масштабироваться,1
общественно,ADV,,,общественно,1
значимый,ADJ,,Gen:1,значимых,1
гонорар,NOUN,,Loc:1,гонорарах,1
разряжаться,VERB,Fin,,разряжался,1
таскать,VERB,Inf,,таскать,1
фотоаппарат,NOUN,,Acc:1,фотоаппарат,1
уронить,VERB,Fin,,уроню,1
дорогой,ADV,,,подороже,1
тройной,ADJ,,Ins:1,тройной,1
крупный,ADV,,,покрупнее,1
переплачивать,VERB,Inf,,переплачивать,1
переносить,VERB,Fin,,переносила,1
настраивать,VERB,Fin,,настраивала,1
распознавать,VERB,Fin,,распознаётся,1
ощущать,VERB,Fin,,ощущает,1
монтировать,VERB,Part,Acc:1,смонтированную,1
недоступный,ADJ,,Ins:1,недоступными,1
визуальный,ADJ,,Ins:1,визуальными,1
акустика,NOUN,,Acc:1,акустику,1
видеопроекция,NOUN,,Nom:1,видеопроекции,1
кинематографический,ADJ,,Nom:1,кинематографический,1
киноактер,NOUN,,Gen:1,киноактёров,1
лайт-новел,NOUN,,Nom:1,Лайт-новел,1
зародиться,VERB,Part,Nom:1,зародившийся,1
подростковый,ADJ,,Acc:1,подростковую,1
манги,NOUN,,Gen:1,манги,1
размытый,ADJ,,,размыты,1
-новать,VERB,Fin,,-новел,1
завязать,VERB,Part,Loc:1,завязанном,1
линейка,NOUN,,Loc:1,линейках,1
начинать,VERB,Conv,,начиная,1
1970,NUM,,,1970,1
адаптировать,VERB,Fin,,адаптируются,1
манга,NOUN,,Acc:1,мангу,1
-сериал,NOUN,,Acc:1,-сериалы,1
медиафраншиза,NOUN,,Gen:1,медиафраншизы,1
приобрить,VERB,Fin,,приобрёл,1
перевести,VERB,Part,Nom:1,переведённая,1
экранизация,NOUN,,Nom:1,экранизация,1
прийти,VERB,Part,Nom:1,пришедшие,1
день,PROPN,,Nom:1,День,1
отходить,VERB,Fin,,отходит,1
костюм,NOUN,,Ins:1,костюмами,1
кондитерский,ADJ,,Ins:1,кондитерскими,1
пересекать,VERB,Fin,,пересекает,1
развлечение,NOUN,,Gen:1,развлечений,1
обожать,VERB,Fin,,обожала,1
признаться,VERB,Fin,,признался,1
грустить,VERB,Fin,,грустит,1
смириться,VERB,Fin,,смирился,1
потолок,NOUN,,Acc:1,потолок,1
задремать,VERB,Inf,,задремать,1
замкнутый,ADJ,,Nom:1,замкнутый,1
убрать,VERB,Inf,,убрать,1
листать,VERB,Inf,,листать,1
переключиться,VERB,Inf,,переключиться,1
продолжаться,VERB,Inf,,продолжаться,1
бессонный,ADJ,,Acc:1,бессонные,1
списать,VERB,Inf,,списать,1
разгадать,VERB,Inf,,разгадать,1
читаться,VERB,Inf,,читаться,1
загадка,NOUN,,Nom:1,загадка,1
подбор,NOUN,,Loc:1,подборе,1
пересказывать,VERB,Part,Loc:1,пересказываемом,1
пусть,PART,,,пусть,1
теряться,VERB,Fin,,теряется,1
беглый,ADJ,,Loc:1,беглом,1
мгновенный,ADJ,,Gen:1,мгновенного,1
открываться,VERB,Inf,,открываться,1
отклик,NOUN,,Acc:1,отклик,1
равнодушный,ADJ,,Ins:1,равнодушным,1
трогать,VERB,Inf,,тронуть,1
устный,ADJ,,Nom:1,устная,1
ископаемое,ADJ,,Gen:1,ископаемых,1
предполагать,ADJ,,Gen:1,предполагаемого,1
конкурировать,VERB,Part,Gen:1,конкурирующих,1
усложнение,NOUN,,Gen:1,усложнения,1
скачок,NOUN,,Loc:1,скачке,1
фонетический,ADJ,,Nom:1,фонетические,1
смещать,VERB,Fin,,смещают,1
упрощаться,VERB,Fin,,упрощаются,1
крика,NOUN,,Gen:1,Крика,1
эдвард,PROPN,,Gen:1,Эдварда,1
дневник,NOUN,,Loc:1,дневнике,1
1892,ADJ,,,1892,1
кровавый,ADJ,,,кроваво,1
живописный,ADJ,,Gen:1,живописных,1
графический,ADJ,,Gen:1,графических,1
необычно,ADV,,,необычно,1
связывать,VERB,Part,Nom:1,связывающие,1
бесчисленный,ADJ,,Gen:1,бесчисленных,1
пародия,NOUN,,Gen:1,пародий,1
табло,NOUN,,Loc:1,табло,1
задержать,VERB,Part,,задержан,1
лететь,VERB,Fin,,летит,1
восторг,NOUN,,Loc:1,восторге,1
бесконечно,ADV,,,бесконечно,1
терминали,NOUN,,Dat:1,терминалу,1
капризничать,VERB,Fin,,капризничали,1
мультфильм,NOUN,,Ins:1,мультфильмами,1
перекус,NOUN,,Acc:1,перекусы,1
заснуть,VERB,Fin,,заснула,1
взлет,NOUN,,Gen:1,взлёта,1
собираться,VERB,Conv,,собираясь,1
занять,VERB,Inf,,занять,1
исполняться,VERB,Fin,,исполняется,1
вечеринка,NOUN,,Acc:1,вечеринку,1
шарик,NOUN,,Acc:1,шарики,1
мультика,NOUN,,Gen:1,мультика,1
фигурка,NOUN,,Ins:1,фигуркой,1
аниматор,NOUN,,Ins:1,аниматором,1
приглашенный,ADJ,,Gen:1,приглашённых,1
рассадить,VERB,Inf,,рассадить,1
именинница,NOUN,,Ins:1,именинницей,1
украшение,NOUN,,Acc:1,украшение,1
сниться,VERB,Fin,,снятся,1
активация,NOUN,,Gen:1,активации,1
синтез,NOUN,,Gen:1,синтеза,1
возникать,VERB,Part,Acc:1,возникающие,1
закрепление,NOUN,,Gen:1,закрепления,1
эволюционный,ADJ,,Nom:1,эволюционные,1
моделировать,VERB,Inf,,моделировать,1
своеобразный,ADJ,,Ins:1,своеобразной,1
чат-бот,NOUN,,Gen:1,чат-ботов,1
сгенерировать,VERB,Inf,,сгенерировать,1
выдавать,VERB,Inf,,выдавать,1
ускорять,VERB,Fin,,ускоряет,1
обобщение,NOUN,,Nom:1,обобщение,1
написание,NOUN,,Nom:1,написание,1
типовой,ADJ,,Gen:1,типового,1
освобождать,VERB,Conv,,освобождая,1
варьироваться,VERB,Fin,,варьируется,1
критически,ADV,,,критически,1
преувеличение,NOUN,,Ins:1,преувеличением,1
голосование,NOUN,,Loc:1,голосованиях,1
обожание,NOUN,,Gen:1,обожания,1
вносить,VERB,Fin,,вносит,1
подстроиться,VERB,Fin,,подстроились,1
ассортимент,NOUN,,Acc:1,ассортимент,1
коллекционный,ADJ,,Gen:1,коллекционных,1
проверять,VERB,Part,Acc:1,проверяемые,1
авторитет,NOUN,,Acc:1,авторитет,1
откровение,NOUN,,Gen:1,откровения,1
гелиоцентрический,ADJ,,Gen:1,гелиоцентрической,1
конфликтовать,VERB,Fin,,конфликтуют,1
плоскость,NOUN,,Loc:1,плоскостях,1
воспринимать,VERB,Conv,,воспринимая,1
миропорядок,NOUN,,Acc:1,миропорядок,1
общепринятый,ADJ,,Gen:1,общепринятого,1
компактность,NOUN,,Acc:1,компактность,1
мещаться,VERB,Fin,,помещается,1
перелистывать,VERB,Inf,,перелистывать,1
заряд,NOUN,,Ins:1,зарядом,1
меньший,ADJ,,Acc:1,меньшую,1
подсветить,VERB,Part,Nom:1,подсвеченный,1
чернила,NOUN,,Loc:1,чернилах,1
яркость,NOUN,,Gen:1,яркости,1
противопоставлять,VERB,Inf,,противопоставлять,1
грубо,ADV,,,грубо,1
предпочтение,NOUN,,Ins:1,предпочтениями,1
подписочный,ADJ,,Gen:1,подписочных,1
дополнительно,ADV,,,дополнительно,1
релиз,NOUN,,Nom:1,релизы,1
вытеснить,VERB,Inf,,вытеснить,1
установиться,VERB,Fin,,установится,1
новостной,ADJ,,Loc:1,новостной,1
подать,VERB,Part,,подана,1
перекресток,NOUN,,Gen:1,перекрёстков,1
столкнуться,VERB,Fin,,столкнулись,1
легковой,ADJ,,Nom:1,легковой,1
мотоцикл,NOUN,,Nom:1,мотоцикл,1
прибыть,VERB,Fin,,прибыли,1
бригада,NOUN,,Nom:1,бригада,1
скорый,ADJ,,Gen:1,скорой,1
мотоциклист,NOUN,,Acc:1,Мотоциклиста,1
доставить,VERB,Fin,,доставили,1
нарушить,VERB,Fin,,нарушил,1
свидетель,NOUN,,Nom:1,свидетели,1
дополнить,VERB,Inf,,дополнить,1
пострадать,VERB,Part,Nom:1,пострадавший,1
выяснять,VERB,Fin,,выясняются,1
насытить,VERB,Part,Nom:1,насыщенная,1
построить,VERB,Part,Nom:1,построенное,1
прочный,ADJ,,Nom:1,прочная,1
выучить,VERB,Inf,,выучить,1
оппонент,NOUN,,Nom:1,оппоненты,1
заучивание,NOUN,,Nom:1,заучивание,1
отбивать,VERB,Fin,,отбивает,1
развивать,VERB,Fin,,развивает,1
мыслить,VERB,Inf,,мыслить,1
педагог,NOUN,,Gen:1,педагогов,1
нечто,PRON,,Acc:1,нечто,1
1776,ADJ,,,1776,1
урусов,PROPN,,Nom:1,Урусов,1
екатерина,PROPN,,Gen:1,Екатерины,1
привилегия,NOUN,,Acc:1,привилегию,1
петровский,PROPN,,,Петровского,1
1825,ADJ,,,1825,1
вновь,ADV,,,вновь,1
1856-й,ADJ,,Loc:1,1856-м,1
опера,NOUN,,Gen:1,оперы,1
1869,ADJ,,,1869,1
премьер,NOUN,,Nom:1,премьера,1
дон,PROPN,,Nom:1,Дон,1
кихот,PROPN,,Nom:1,Кихот,1
мариус,PROPN,,Gen:1,Мариуса,1
петип,PROPN,,Gen:1,Петипа,1
1877,ADJ,,,1877,1
канонический,ADJ,,Ins:1,каноническим,1
сценический,ADJ,,Nom:1,сценическая,1
редакция,NOUN,,Dat:1,редакциям,1
отбраковывать,VERB,Fin,,отбраковывают,1
просрочиться,VERB,Fin,,просрочились,1
произвести,VERB,Part,Gen:1,произведённой,1
закупочный,ADJ,,Nom:1,закупочные,1
некрасивый,ADJ,,Gen:1,некрасивых,1
скидка,NOUN,,Ins:1,скидкой,1
избиратель,NOUN,,Gen:1,избирателей,1
мажоритарный,ADJ,,Loc:1,мажоритарных,1
мандат,NOUN,,Acc:1,мандат,1
соответствовать,VERB,Fin,,соответствовало,1
распределять,VERB,Fin,,распределяют,1
отъезд,NOUN,,Ins:1,отъездом,1
сувенир,NOUN,,Gen:1,сувениров,1
собрать,VERB,Part,,собран,1
сувенирный,ADJ,,Dat:1,сувенирным,1
лавка,NOUN,,Dat:1,лавкам,1
магнит,NOUN,,Nom:1,Магниты,1
банальный,ADJ,,Ins:1,банальными,1
расписный,ADJ,,Nom:1,расписные,1
керамический,ADJ,,Acc:1,керамические,1
оригинально,ADJ,,,оригинально,1
банально,ADJ,,,банально,1
придумать,VERB,Inf,,придумать,1
пугать,ADJ,,Ins:1,пугающим,1
настраивать,VERB,Inf,,настраивать,1
побаливать,VERB,Inf,,побаливать,1
непривычка,NOUN,,Gen:1,непривычки,1
добавлять,VERB,Inf,,добавлять,1
раздевалка,NOUN,,Gen:1,раздевалки,1
бросить,VERB,Inf,,бросить,1
пропустить,VERB,Part,Gen:1,пропущенной,1
повысить,VERB,Inf,,повысить,1
побочный,ADJ,,Acc:1,побочные,1
затрагивать,VERB,Inf,,затрагивать,1
совокупный,ADJ,,Acc:1,совокупный,1
коммуникабельный,ADJ,,,коммуникабельна,1
ответственный,ADJ,,,ответственна,1
продумать,VERB,Fin,,продумала,1
волнение,NOUN,,Nom:1,Волнение,1
тошнить,VERB,Fin,,тошнит,1
измереть,VERB,Fin,,измерим,1
переутомление,NOUN,,Loc:1,переутомлении,1
назначать,VERB,Inf,,назначать,1
разбереться,VERB,Fin,,разберёмся,1
стандартный,ADJ,,Loc:1,стандартной,1
специализироваться,VERB,Fin,,специализируются,1
агрегатный,ADJ,,Nom:1,агрегатная,1
конкуренция,NOUN,,Ins:1,конкуренцией,1
выхлоп,NOUN,,Gen:1,выхлопов,1
пыль,NOUN,,Gen:1,пыли,1
загрязнять,VERB,Part,Gen:1,загрязняющих,1
преобладать,VERB,Fin,,преобладает,1
наибольший,ADJ,,Acc:1,наибольшую,1
взвесить,VERB,Part,Nom:1,взвешенные,1
частица,NOUN,,Nom:1,частицы,1
проникать,VERB,Inf,,проникать,1
обострение,NOUN,,Ins:1,обострением,1
астма,NOUN,,Gen:1,астмы,1
ограничивать,VERB,Fin,,ограничивают,1
последовательно,ADV,,,последовательно,1
преждевременный,ADJ,,,преждевременно,1
жилец,NOUN,,Gen:1,жильцов,1
обойти,VERB,Fin,,Обошла,1
окончательно,ADV,,,окончательно,1
влезть,VERB,Fin,,влезет,1
съездить,VERB,Fin,,съездила,1
обивка,NOUN,,Acc:1,обивку,1
индивидуальный,ADJ,,Dat:1,индивидуальному,1
1992,ADJ,,,1992,1
волощан,PROPN,,Nom:1,Волощан,1
дейл,PROPN,,Nom:1,Дейл,1
фрейл,PROPN,,Nom:1,Фрейл,1
пульсар,NOUN,,Gen:1,пульсара,1
psr,PROPN,,,PSR,1
b1257+12,PROPN,,,B1257+12,1
вращаться,VERB,Part,Gen:1,вращающихся,1
мертвый,ADJ,,Gen:1,мёртвой,1
светило,NOUN,,Gen:1,светила,1
1995,ADJ,,,1995,1
мишель,PROPN,,Nom:1,Мишель,1
майор,PROPN,,Nom:1,Майор,1
дидье,PROPN,,Nom:1,Дидье,1
кело,PROPN,,Nom:1,Кело,1
51,NUM,,,51,1
pegasi,PROPN,,,Pegasi,1
периодический,ADJ,,Ins:1,периодическим,1
затемнение,NOUN,,Ins:1,затемнением,1
совершенствоваться,VERB,Fin,,усовершенствовались,1
планетный,ADJ,,Nom:1,планетные,1
спросенно,ADV,,,упрощённо,1
иудаизм,NOUN,,Nom:1,Иудаизм,1
христианство,NOUN,,Nom:1,христианство,1
бог,PROPN,,Loc:1,Боге,1
сансар,NOUN,,Nom:1,сансара,1
освобождение,NOUN,,Nom:1,освобождение,1
признавать,VERB,Fin,,признают,1
атман,NOUN,,Acc:1,атман,1
джайнизм,NOUN,,Loc:1,джайнизме,1
душа,NOUN,,Loc:1,душе,1
джив,NOUN,,Nom:1,дживе,1
отвергать,VERB,Fin,,отвергает,1
учение,NOUN,,Nom:1,учения,1
сопоставление,NOUN,,Nom:1,сопоставления,1
платежный,ADJ,,Gen:1,платёжной,1
кредитор,NOUN,,Gen:1,кредитора,1
предоставлять,VERB,Conv,,предоставляя,1
ликвидность,NOUN,,Acc:1,ликвидность,1
надзор,NOUN,,Nom:1,надзор,1
передать,VERB,Part,,передан,1
фискальный,ADJ,,Dat:1,фискальной,1
расплывчатый,ADJ,,,расплывчато,1
относительность,NOUN,,Gen:1,относительности,1
невидимый,ADJ,,Gen:1,невидимого,1
компактный,ADJ,,Gen:1,компактного,1
млечный,ADJ,,Gen:1,Млечного,1
путь,PROPN,,Gen:1,Пути,1
коллаборация,NOUN,,Nom:1,коллаборация,1
event,PROPN,,,Event,1
horizon,PROPN,,,Horizon,1
telescope,PROPN,,,Telescope,1
m87*,PROPN,,,M87*,1
галактика,NOUN,,Gen:1,галактики,1
m87,PROPN,,,M87,1
предсказание,NOUN,,Nom:1,предсказания,1
непроверенный,ADJ,,Ins:1,непроверенными,1
хокинг,PROPN,,Gen:1,Хокинга,1
астрофизический,ADJ,,Gen:1,астрофизических,1
отделять,VERB,Fin,,отделяла,1
неприкосновенный,ADJ,,Ins:1,неприкосновенными,1
комфортный,ADJ,,,комфортнее,1
стирать,VERB,Inf,,стирать,1
нечестный,ADJ,,,нечестно,1
приключение,NOUN,,Nom:1,приключение,1
разворачивать,VERB,Inf,,разворачивать,1
тротуар,NOUN,,Loc:1,тротуаре,1
прохожий,NOUN,,Gen:1,прохожих,1
безусловно,ADV,,,безусловно,1
идеализировать,VERB,Inf,,идеализировать,1
романтичный,ADJ,,,романтично,1
облик,NOUN,,Acc:1,облик,1
восполнять,VERB,Fin,,восполняют,1
подстроиться,VERB,Inf,,подстроиться,1
забор,NOUN,,Ins:1,забором,1
лай,NOUN,,Nom:1,лай,1
приветственный,ADJ,,Nom:1,приветственный,1
волонтёр,NOUN,,Nom:1,Волонтёр,1
резиновый,ADJ,,Loc:1,резиновых,1
крытый,ADJ,,Loc:1,крытом,1
котенок,NOUN,,Nom:1,котята,1
веревка,NOUN,,Acc:1,верёвки,1
замечать,VERB,Conv,,замечая,1
уходить,VERB,Conv,,Уходя,1
насти,PROPN,,Gen:1,Насти,1
замуж,ADV,,,замуж,1
звести,VERB,Fin,,зовёт,1
каблук,NOUN,,Nom:1,каблуки,1
настя,PROPN,,Nom:1,Настя,1
предпочесть,VERB,Fin,,предпочла,1
символический,ADJ,,Acc:1,символическое,1
дорожать,VERB,Fin,,подорожали,1
бронировать,VERB,Inf,,бронировать,1
расписать,VERB,Part,,расписано,1
наперед,ADV,,,наперёд,1
полежать,VERB,Fin,,Полежала,1
победить,VERB,Fin,,победил,1
позавтракать,VERB,Fin,,Позавтракала,1
расслабленность,NOUN,,Gen:1,расслабленности,1
делать,VERB,Conv,,делая,1
укорить,VERB,Fin,,укорила,1
шаблон,NOUN,,Dat:1,шаблону,1
предположить,VERB,Fin,,Предположим,1
некий,DET,,Gen:1,некой,1
валовой,ADJ,,Gen:1,валового,1
безработица,NOUN,,Gen:1,безработицы,1
формально,ADV,,,формально,1
сверх,ADP,,,сверх,1
тормозить,VERB,Inf,,тормозить,1
компенсировать,VERB,Inf,,компенсировать,1
недостающий,ADJ,,Acc:1,недостающую,1
комментатор,NOUN,,Gen:1,комментаторов,1
править,VERB,Inf,,править,1
1613,ADJ,,,1613,1
смутный,ADJ,,Gen:1,Смутного,1
земский,ADJ,,Nom:1,Земский,1
собор,NOUN,,Nom:1,собор,1
избрать,VERB,Fin,,избрал,1
царем,NOUN,,Ins:1,царём,1
федорович,PROPN,,Acc:1,Фёдоровича,1
1917,ADJ,,,1917,1
отречение,NOUN,,Gen:1,отречения,1
николай,PROPN,,Gen:1,Николая,1
расширяться,VERB,Fin,,расширялась,1
1861,ADJ,,,1861,1
отменить,VERB,Part,,отменено,1
1913,ADJ,,,1913,1
трёхсотлетие,NOUN,,Acc:1,трёхсотлетие,1
трехстый,ADJ,,Loc:1,трёхстах,1
1613,NUM,,,1613,1
1917,NUM,,,1917,1
хронологический,ADJ,,Nom:1,хронологические,1
документировать,VERB,Part,,документированы,1
захоронение,NOUN,,Nom:1,Захоронение,1
кремация,NOUN,,Nom:1,кремация,1
прах,NOUN,,Nom:1,прах,1
развеять,VERB,Inf,,развеять,1
поместить,VERB,Inf,,поместить,1
тибет,PROPN,,Gen:1,Тибета,1
практиковаться,VERB,Fin,,практикуется,1
небесный,ADJ,,Nom:1,небесное,1
тибетский,ADJ,,Ins:1,тибетским,1
высокогорный,ADJ,,Gen:1,высокогорной,1
похоронный,ADJ,,Acc:1,похоронный,1
подвернуть,VERB,Fin,,подвернула,1
неровный,ADJ,,Loc:1,неровном,1
лодыжка,NOUN,,Nom:1,лодыжка,1
опухнуть,VERB,Fin,,опухла,1
наступать,VERB,Inf,,наступать,1
прекратить,VERB,Inf,,прекратить,1
нагружать,VERB,Inf,,нагружать,1
приложить,VERB,Inf,,приложить,1
уменьшиться,VERB,Fin,,уменьшилась,1
травмпункт,NOUN,,Acc:1,травмпункт,1
сустав,NOUN,,Acc:1,сустав,1
растяжение,NOUN,,Loc:1,растяжении,1
разбегаться,VERB,Inf,,разбегаться,1
отличить,VERB,Inf,,отличить,1
комикс,NOUN,,Gen:1,комикса,1
удел,NOUN,,Ins:1,уделом,1
специализированный,ADJ,,Nom:1,специализированные,1
подсчитывать,VERB,Fin,,подсчитывают,1
обойти,VERB,Inf,,обойти,1
пообщаться,VERB,Inf,,пообщаться,1
редактура,NOUN,,Acc:1,редактуру,1
продвижение,NOUN,,Nom:1,продвижение,1
выпустить,VERB,Part,Nom:1,выпущенные,1
тираж,NOUN,,Ins:1,тиражом,1
блошин,ADJ,,Loc:1,блошином,1
запросить,VERB,Fin,,запросил,1
показаться,VERB,Part,Acc:1,показавшуюся,1
завысить,VERB,Part,Ins:1,завышенной,1
хорговаться,VERB,Inf,,поторговаться,1
царапин,NOUN,,Gen:1,царапин,1
низко,ADV,,,ниже,1
поторговаться,VERB,Fin,,поторговался,1
скинуть,VERB,Inf,,скинуть,1
четверть,NOUN,,Acc:1,четверть,1
изначальный,ADJ,,Gen:1,изначальной,1
лампа,NOUN,,Gen:1,лампы,1
дистанционный,ADJ,,Nom:1,дистанционное,1
спонтанный,ADJ,,Nom:1,спонтанные,1
вовлеченность,NOUN,,Gen:1,вовлечённости,1
бросать,VERB,Inf,,бросать,1
полпути,NOUN,,Loc:1,полпути,1
учащийся,NOUN,,Gen:1,учащихся,1
уступать,VERB,Fin,,уступает,1
пропорция,NOUN,,Acc:1,пропорции,1
нащупать,VERB,Inf,,нащупать,1
проба,NOUN,,Gen:1,проб,1
отправка,NOUN,,Ins:1,отправкой,1
извиниться,VERB,Inf,,извиниться,1
переговорный,ADJ,,Nom:1,переговорная,1
указывать,VERB,Inf,,указывать,1
выразить,VERB,Fin,,выразила,1
отправить,VERB,Conv,,Отправив,1
автомат,NOUN,,Loc:1,автомате,1
продиковать,VERB,Fin,,продиктуй,1
записывать,VERB,Fin,,записывай,1
растворить,VERB,Fin,,раствори,1
пенка,NOUN,,Nom:1,пенка,1
растопить,VERB,Part,Acc:1,растопленное,1
замешивать,VERB,Fin,,замешивай,1
обжарить,VERB,Fin,,обжарь,1
поперчить,VERB,Inf,,поперчить,1
увеличиться,VERB,Fin,,увеличится,1
раздеть,VERB,Fin,,раздели,1
слепать,VERB,Fin,,слепи,1
жарить,VERB,Inf,,жарить,1
тут-,ADV,,,тут-,1
случаться,VERB,Fin,,случаются,1
прививка,NOUN,,Dat:1,прививке,1
отделять,VERB,Inf,,отделять,1
недоказать,VERB,Part,Nom:1,Недоказанное,1
равноценный,ADJ,,Dat:1,равноценным,1
намеренно,ADV,,,намеренно,1
тонкий,ADJ,,Acc:1,тонкую,1
идеология,NOUN,,Acc:1,идеологию,1
противопоставлять,VERB,Part,Acc:1,противопоставляющую,1
дискурс,NOUN,,Loc:1,дискурсе,1
пересекаться,VERB,Fin,,пересекаются,1
ярлыка,NOUN,,Gen:1,ярлыка,1
популист,NOUN,,Nom:1,популист,1
популистский,ADJ,,Nom:1,Популистская,1
риторика,NOUN,,Nom:1,риторика,1
сочетаться,VERB,Inf,,сочетаться,1
идеологический,ADJ,,Ins:1,идеологическими,1
левый,ADJ,,Ins:1,левыми,1
правый,ADJ,,Ins:1,правыми,1
актор,NOUN,,Gen:1,акторов,1
разрушительный,ADJ,,Loc:1,разрушительном,1
потоп,NOUN,,Loc:1,потопе,1
месопотамский,ADJ,,Dat:1,месопотамским,1
библейский,ADJ,,Dat:1,библейской,1
распространяться,VERB,Inf,,распространяться,1
классифицировать,VERB,Fin,,классифицируют,1
джозеф,PROPN,,Nom:1,Джозеф,1
кэмпбелл,PROPN,,Nom:1,Кэмпбелл,1
мономиф,NOUN,,Gen:1,мономифа,1
литературоведение,NOUN,,Acc:1,литературоведение,1
бесспорный,ADJ,,Ins:1,бесспорным,1
клеветнический,ADJ,,Acc:1,клеветнические,1
оскорбительный,ADJ,,Acc:1,оскорбительные,1
диффамация,NOUN,,Nom:1,диффамация,1
удалить,VERB,Inf,,удалить,1
трансграничный,ADJ,,Nom:1,трансграничные,1
сервер,NOUN,,Nom:1,сервер,1
страдать,VERB,Part,Ins:1,пострадавшим,1
дед,NOUN,,Nom:1,Дед,1
старик,NOUN,,Gen:1,старика,1
1935,ADJ,,,1935,1
1930-й,ADJ,,Gen:1,1930-х,1
появляться,VERB,Inf,,появляться,1
снегурочка,PROPN,,Nom:1,Снегурочка,1
добавиться,VERB,Fin,,добавились,1
резиденция,NOUN,,Nom:1,резиденция,1
устюг,PROPN,,Loc:1,Устюге,1
одноклассница,NOUN,,Acc:1,одноклассницу,1
надеяться,VERB,Conv,,надеясь,1
откликнуться,VERB,Fin,,откликнулась,1
переписываться,VERB,Fin,,переписывались,1
специальность,NOUN,,Dat:1,специальности,1
созвониться,VERB,Inf,,созвониться,1
ругать,VERB,Fin,,ругают,1
обрыться,VERB,Fin,,оборвалась,1
позвонить,VERB,Inf,,позвонить,1
пообещать,VERB,Inf,,пообещать,1
ущерб,NOUN,,Dat:1,ущербу,1
субъект,NOUN,,Gen:1,субъекта,1
применять,VERB,Inf,,применяться,1
автономность,NOUN,,Gen:1,автономности,1
адаптироваться,VERB,Fin,,адаптируется,1
дефектный,ADJ,,Acc:1,дефектную,1
обновить,VERB,Part,,обновлены,1
обеспечение,NOUN,,Acc:1,обеспечение,1
внесрить,VERB,Part,,внедрена,1
сократить,VERB,Part,Gen:1,сокращённой,1
пилотный,ADJ,,Gen:1,пилотных,1
заключить,VERB,Inf,,заключить,1
сработать,VERB,Fin,,сработает,1
организовывать,VERB,Part,,организована,1
крупность,NOUN,,Nom:1,крупность,1
приближать,VERB,Fin,,приближает,1
ракурс,NOUN,,Nom:1,ракурс,1
длительность,NOUN,,Nom:1,длительность,1
выстраивать,VERB,Fin,,выстраивает,1
мизансцена,NOUN,,Ins:1,мизансценой,1
дополнять,VERB,Fin,,дополняют,1
насчитывать,VERB,Fin,,насчитывает,1
перемещаться,VERB,Fin,,перемещались,1
повадка,NOUN,,Acc:1,повадки,1
судить,VERB,Fin,,судим,1
косвенный,ADJ,,Dat:1,косвенным,1
каменный,ADJ,,Dat:1,каменным,1
орудие,NOUN,,Dat:1,орудиям,1
стоянок,NOUN,,Gen:1,стоянок,1
наскальный,ADJ,,Dat:1,наскальным,1
реконструкция,NOUN,,Gen:1,реконструкции,1
плодородный,ADJ,,Gen:1,Плодородного,1
полумесяц,NOUN,,Gen:1,полумесяца,1
–десять,NUM,,,–десять,1
мезоамерика,PROPN,,Loc:1,Мезоамерике,1
гвинея,PROPN,,Loc:1,Гвинее,1
единовременный,ADJ,,Ins:1,единовременной,1
сосуществовать,VERB,Fin,,сосуществовали,1
одомашнивание,NOUN,,Ins:1,одомашниванием,1
охранять,VERB,Fin,,охраняется,1
неодинаково,ADV,,,неодинаково,1
пустота,NOUN,,Loc:1,пустоте,1
авторство,NOUN,,Gen:1,авторства,1
бюро,PROPN,,Nom:1,Бюро,1
разъяснить,VERB,Fin,,разъяснило,1
текстовый,ADJ,,Gen:1,текстовых,1
компоновка,NOUN,,Nom:1,компоновка,1
охраняться,VERB,Inf,,охраняться,1
апелляционный,ADJ,,Nom:1,апелляционный,1
пекинский,ADJ,,Nom:1,Пекинский,1
интеллектуальный,ADJ,,Acc:1,интеллектуальный,1
беда,NOUN,,Acc:1,беду,1
комиссия,PROPN,,Nom:1,Комиссия,1
оценить,VERB,Fin,,оценила,1
кодокусь,NOUN,,Nom:1,кодокуси,1
обнаруживать,VERB,Fin,,обнаруживают,1
навязывать,VERB,Conv,,навязывая,1
обзор,NOUN,,Loc:1,обзорах,1
землепользование,NOUN,,Gen:1,землепользования,1
ипотечный,ADJ,,Gen:1,ипотечного,1
кредитование,NOUN,,Gen:1,кредитования,1
ипотека,NOUN,,Dat:1,ипотеке,1
вверх,ADV,,,вверх,1
разрешать,VERB,Inf,,разрешать,1
арендный,ADJ,,Acc:1,арендное,1
удовлетворённость,NOUN,,Acc:1,удовлетворённость,1
описать,VERB,Inf,,описать,1
аристотель,PROPN,,Gen:1,Аристотеля,1
эвдемония,NOUN,,Loc:1,эвдемонии,1
добродетель,NOUN,,Ins:1,добродетелью,1
гедонистический,ADJ,,Acc:1,гедонистический,1
эвдемонический,ADJ,,Acc:1,эвдемонический,1
попасть,VERB,Fin,,попала,1
18 000,NUM,,,18 000,1
уменьшаться,VERB,Fin,,уменьшается,1
бояться,VERB,Conv,,боясь,1
обновить,VERB,Inf,,обновить,1
зависти,VERB,Fin,,завис,1
сгореть,VERB,Fin,,сгорела,1
следить,VERB,Fin,,следит,1
незнакомец,NOUN,,Gen:1,незнакомцев,1
расшириться,VERB,Fin,,расширился,1
представленность,NOUN,,Gen:1,представленности,1
должность,NOUN,,Loc:1,должностях,1
неоплачиваемый,ADJ,,Gen:1,неоплачиваемой,1
форум,NOUN,,Gen:1,форума,1
паритет,NOUN,,Gen:1,паритета,1
квота,NOUN,,Nom:1,квоты,1
толпа,NOUN,,Nom:1,толпы,1
финансировать,VERB,Inf,,финансировать,1
интенсивный,ADJ,,Nom:1,интенсивный,1
изнашивать,VERB,Fin,,изнашивает,1
2023,NUM,,,2023,1
находиться,VERB,Part,Gen:1,находящегося,1
комитет,PROPN,,Nom:1,Комитет,1
ограничить,VERB,Fin,,ограничили,1
круизный,ADJ,,Gen:1,круизных,1
лагуна,NOUN,,Acc:1,лагуну,1
поражение,NOUN,,Nom:1,поражение,1
тонуть,VERB,Fin,,тонут,1
раздражаться,VERB,Fin,,раздражаюсь,1
принципиальный,ADJ,,Nom:1,принципиальная,1
масленица,NOUN,,Nom:1,Масленица,1
пасха,PROPN,,Gen:1,Пасхи,1
сырный,ADJ,,Ins:1,сырной,1
седмица,NOUN,,Ins:1,седмицей,1
гулянье,NOUN,,Acc:1,гулянья,1
сожжение,NOUN,,Acc:1,сожжение,1
уничтожение,NOUN,,Acc:1,уничтожение,1
соломенный,ADJ,,Gen:1,соломенного,1
чучело,NOUN,,Gen:1,чучела,1
завершаться,VERB,Fin,,Завершается,1
прощеный,ADJ,,Ins:1,Прощёным,1
прощение,NOUN,,Acc:1,прощения,1
справочный,ADJ,,Nom:1,Справочные,1
масленичный,ADJ,,Loc:1,масленичной,1
обрядность,NOUN,,Loc:1,обрядности,1
дохристианский,ADJ,,Gen:1,дохристианских,1
плодородие,NOUN,,Loc:1,плодородии,1
марсоход,NOUN,,Nom:1,марсоход,1
персеверанс,PROPN,,,Персеверанс,1
биосигнатура,NOUN,,Acc:1,биосигнатуру,1
минерал,NOUN,,Nom:1,минералы,1
образовываться,VERB,Inf,,образовываться,1
ледяной,ADJ,,Ins:1,ледяной,1
юпитер,PROPN,,Gen:1,Юпитера,1
europa,PROPN,,,Europa,1
clipper,PROPN,,,Clipper,1
сатурн,PROPN,,Gen:1,Сатурна,1
энцелада,PROPN,,Gen:1,Энцеладе,1
вырываться,VERB,Fin,,вырываются,1
струя,NOUN,,Nom:1,струи,1
сквозь,ADP,,,сквозь,1
зонд,NOUN,,Nom:1,зонд,1
кассини,PROPN,,,Кассини,1
k2,PROPN,,,K2,1
b,PROPN,,,b,1
оживлеть,VERB,Part,Acc:1,оживлённую,1
неверие,NOUN,,Ins:1,неверием,1
небиологический,ADJ,,Acc:1,небиологические,1
насморка,NOUN,,Nom:1,насморк,1
знобить,VERB,Fin,,знобит,1
мерить,VERB,Fin,,мерили,1
дышаться,VERB,Fin,,дышится,1
послушать,VERB,Fin,,послушаю,1
хрип,NOUN,,Gen:1,хрипов,1
вирусный,ADJ,,Acc:1,вирусную,1
развиваться,VERB,Inf,,развиваться,1
антибиотик,NOUN,,Acc:1,антибиотики,1
пропить,VERB,Inf,,пропить,1
антибиотика,NOUN,,Nom:1,Антибиотики,1
вирус,NOUN,,Acc:1,вирусы,1
жаропонижающее,VERB,Part,Nom:1,жаропонижающее,1
одышка,NOUN,,Nom:1,одышка,1
грудь,NOUN,,Loc:1,груди,1
транссибирский,ADJ,,Nom:1,Транссибирская,1
магистраль,NOUN,,Nom:1,магистраль,1
железнодорожный,ADJ,,Gen:1,железнодорожных,1
1891,ADJ,,,1891,1
дойти,VERB,Inf,,дойти,1
маньчжурия,PROPN,,Acc:1,Маньчжурию,1
амурский,ADJ,,Gen:1,Амурской,1
1916,ADJ,,,1916,1
фирменный,ADJ,,Nom:1,фирменный,1
владивостокский,ADJ,,Ins:1,владивостокским,1
путешественник,NOUN,,Gen:1,путешественников,1
назначение,NOUN,,Gen:1,назначения,1
попутчик,NOUN,,Ins:1,попутчиками,1
купе,NOUN,,Loc:1,купе,1
манг,NOUN,,Nom:1,манга,1
первоисточник,NOUN,,Ins:1,первоисточником,1
роман,PROPN,,Nom:1,Роман,1
надолго,ADV,,,надолго,1
погрузить,VERB,Inf,,погрузить,1
передать,VERB,Inf,,передать,1
анимация,NOUN,,Nom:1,Анимация,1
фантастический,ADJ,,Ins:1,фантастическими,1
декорация,NOUN,,Acc:1,декорации,1
двухчасовой,ADJ,,Nom:1,двухчасовой,1
многотомный,ADJ,,Acc:1,многотомную,1
верность,NOUN,,Acc:1,верность,1
двигаться,VERB,Inf,,двигаться,1
гудеть,VERB,Fin,,гудели,1
геройствовать,VERB,Inf,,геройствовать,1
чередовать,VERB,Inf,,чередовать,1
бег,NOUN,,Acc:1,бег,1
ходьба,NOUN,,Ins:1,ходьбой,1
увеличивать,VERB,Inf,,увеличивать,1
вяло,ADV,,,вяло,1
приготовить,VERB,Part,Nom:1,приготовленная,1
болеть,VERB,Inf,,болеть,1
терпеть,VERB,Fin,,терплю,1
нечего,PRON,,Ins:1,нечем,1
волновать,VERB,Fin,,волнует,1
наличные,NOUN,,Ins:1,наличными,1
отказываться,VERB,Conv,,отказываясь,1
сосуществование,NOUN,,Nom:1,сосуществование,1
недосыпание,NOUN,,Nom:1,недосыпание,1
правда,NOUN,,Nom:1,правда,1
разбить,VERB,Part,Ins:1,разбитой,1
прочитать,VERB,Fin,,прочитала,1
среднее,NOUN,,Loc:1,среднем,1
осторожный,ADV,,,осторожнее,1
высыпаться,VERB,Fin,,высыпались,1
изменить,VERB,Inf,,изменить,1
полупроводник,NOUN,,Gen:1,полупроводников,1
приставка,NOUN,,Acc:1,приставки,1
мощность,NOUN,,Nom:1,мощности,1
усугубить,VERB,Fin,,усугубили,1
техас,PROPN,,Loc:1,Техасе,1
renesas,PROPN,,,Renesas,1
министерство,PROPN,,Gen:1,Министерства,1
медианный,ADJ,,Nom:1,медианный,1
2021-й,ADJ,,Loc:1,2021-м,1
страдать,VERB,Fin,,пострадала,1
сборочный,ADJ,,Acc:1,сборочные,1
отступить,VERB,Fin,,отступил,1
разложить,VERB,Part,,разложена,1
вкладок,NOUN,,Gen:1,вкладок,1
исписать,VERB,Part,Nom:1,исписанный,1
стрелка,NOUN,,Ins:1,стрелками,1
вопросительный,ADJ,,Ins:1,вопросительными,1
тур,NOUN,,Gen:1,тура,1
вокзал,NOUN,,Gen:1,вокзала,1
недорогой,ADJ,,Gen:1,недорогого,1
хостел,NOUN,,Gen:1,хостела,1
не,VERB,,,не,1
людвиг,PROPN,,Gen:1,Людвига,1
сток-мандевилл,PROPN,,Nom:1,Сток-Мандевилл,1
спинной,ADJ,,Gen:1,спинного,1
военнослужащий,NOUN,,Gen:1,военнослужащих,1
состязание,NOUN,,Loc:1,состязаниях,1
стрельба,NOUN,,Dat:1,стрельбе,1
реабилитация,NOUN,,Gen:1,реабилитации,1
больничный,ADJ,,Acc:1,больничные,1
1989,ADJ,,,1989,1
параспорт,NOUN,,Acc:1,параспорт,1
акция,NOUN,,Acc:1,акцию,1
функциональный,ADJ,,Dat:1,функциональным,1
овертуризм,NOUN,,Nom:1,овертуризм,1
шум,NOUN,,Nom:1,шум,1
износ,NOUN,,Nom:1,износ,1
загрузить,VERB,Part,Acc:1,загруженные,1
восхождение,NOUN,,Gen:1,восхождения,1
фудзи,PROPN,,Acc:1,Фудзи,1
тропа,NOUN,,Dat:1,тропе,1
ёсид,PROPN,,Nom:1,Ёсида,1
дневной,ADJ,,Acc:1,дневной,1
лимит,NOUN,,Acc:1,лимит,1
киотский,ADJ,,Loc:1,киотском,1
гион,PROPN,,Nom:1,Гион,1
перенаправить,VERB,Inf,,перенаправить,1
остановить,VERB,Inf,,остановить,1
30,NUM,,,30,1
коронавирус,NOUN,,Gen:1,коронавируса,1
иметь,VERB,Part,Gen:1,имеющей,1
характеризовать,VERB,Fin,,охарактеризовала,1
пятнадцатий,ADJ,,Ins:1,пятнадцатью,1
избыточный,ADJ,,Gen:1,избыточных,1
расчетный,ADJ,,Nom:1,расчётная,1
неопределенность,NOUN,,Gen:1,неопределённости,1
отметить,VERB,Conv,,отметив,1
дополнение,NOUN,,Acc:1,дополнение,1
подзаработать,VERB,Inf,,подзаработать,1
завить,VERB,Fin,,завишу,1
выяснять,VERB,Inf,,выяснять,1
отнять,VERB,Fin,,отнимет,1
заменять,VERB,Conv,,заменяя,1
болезненный,ADJ,,Ins:1,болезненным,1
переобучение,NOUN,,Gen:1,переобучения,1
созвездия,NOUN,,Nom:1,Созвездия,1
по-своему,ADV,,,по-своему,1
сириус,PROPN,,Gen:1,Сириуса,1
предрассветный,ADJ,,Loc:1,предрассветном,1
невидимость,NOUN,,Gen:1,невидимости,1
полинезийский,ADJ,,Nom:1,Полинезийские,1
мореплаватель,NOUN,,Nom:1,мореплаватели,1
восход,NOUN,,Dat:1,восходам,1
пересекать,VERB,Conv,,пересекая,1
ii,ADJ,,,II,1
птолемь,PROPN,,Nom:1,Птолемей,1
альмагест,PROPN,,Loc:1,Альмагесте,1
утвердить,VERB,Fin,,утвердил,1
астрономический,ADJ,,Acc:1,астрономический,1
1930,ADJ,,,1930,1
киото,PROPN,,Acc:1,Киото,1
выучить,VERB,Fin,,выучила,1
наизусть,ADV,,,наизусть,1
репетировать,VERB,Fin,,репетировала,1
замолчать,VERB,Fin,,замолчала,1
по-русски,ADV,,,по-русски,1
задать,VERB,Fin,,задали,1
бумажка,NOUN,,Gen:1,бумажки,1
волноваться,VERB,Inf,,волноваться,1
расширять,VERB,Part,Acc:1,расширяющие,1
17,NUM,,,17,1
обязывать,VERB,Fin,,обязывает,1
несовершеннолетний,NOUN,,Dat:1,несовершеннолетним,1
профилирование,NOUN,,Loc:1,профилировании,1
предусматривать,VERB,Fin,,предусматривает,1
закон,PROPN,,Nom:1,Закон,1
поэтапно,ADV,,,поэтапно,1
австралия,PROPN,,Nom:1,Австралия,1
10,NUM,,,10,1
допускать,VERB,Inf,,допускать,1
аккаунт,NOUN,,Gen:1,аккаунтов,1
младший,ADV,,,младше,1
оспаривать,VERB,Fin,,оспаривается,1
зачем,ADV,,,зачем,1
праздновать,VERB,Inf,,праздновать,1
рассказать,VERB,Inf,,рассказать,1
присоединяться,VERB,Fin,,присоединяется,1
видеосвязь,NOUN,,Dat:1,видеосвязи,1
сближать,VERB,Fin,,сближают,1
сан-франциско,PROPN,,Loc:1,Сан-Франциско,1
подрядчик,NOUN,,Ins:1,подрядчиками,1
платформенный,ADJ,,Loc:1,платформенной,1
презумпция,NOUN,,Acc:1,презумпцию,1
таксомоторный,ADJ,,Nom:1,таксомоторные,1
созвониться,VERB,Fin,,созвонились,1
засесть,VERB,Fin,,засели,1
играть,VERB,Inf,,играть,1
кооперативный,ADJ,,Acc:1,кооперативную,1
кот,NOUN,,Gen:1,кота,1
провалить,VERB,Fin,,провалили,1
бежать,VERB,Fin,,бежал,1
саша,PROPN,,Nom:1,Саша,1
командир,NOUN,,Gen:1,командира,1
раздавать,VERB,Inf,,раздавать,1
указание,NOUN,,Acc:1,указания,1
прикрывать,VERB,Fin,,прикрываешь,1
чинить,VERB,Fin,,чинишь,1
орать,VERB,Fin,,орали,1
микрофона,NOUN,,Acc:1,микрофоны,1
футбольный,ADJ,,Nom:1,футбольный,1
договориться,VERB,Conv,,договорившись,1
убедительно,ADV,,,убедительно,1
мелькать,VERB,Fin,,мелькают,1
напоминать,VERB,Part,Nom:1,напоминающие,1
давний,ADJ,,Nom:1,давняя,1
маркс,PROPN,,Nom:1,Маркс,1
отталкиваться,VERB,Conv,,отталкиваясь,1
гегель,PROPN,,Gen:1,Гегеля,1
брюмер,NOUN,,Loc:1,брюмера,1
луи,PROPN,,Gen:1,Луи,1
бонапарт,PROPN,,Gen:1,Бонапарта,1
трагедия,NOUN,,Nom:1,трагедия,1
фарс,NOUN,,Nom:1,фарс,1
обнаруживаться,VERB,Fin,,обнаруживаются,1
предсказывать,VERB,Inf,,предсказывать,1
рифмоваться,VERB,Fin,,рифмуется,1
метафора,NOUN,,Nom:1,метафора,1
дочествать,VERB,Fin,,Дочитываю,1
прочесть,VERB,Fin,,прочитаю,1
убийца,NOUN,,Nom:1,убийца,1
садовник,NOUN,,Nom:1,садовник,1
старательно,ADV,,,старательно,1
нож,NOUN,,Acc:1,нож,1
оранжерея,NOUN,,Loc:1,оранжерее,1
отдавать,VERB,Conv,,отдавая,1
подозрительно,ADV,,,подозрительно,1
улыбнуться,VERB,Fin,,улыбнулась,1
догадаться,VERB,Fin,,догадаешься,1
племянница,NOUN,,Nom:1,племянница,1
сыщик,NOUN,,Nom:1,сыщик,1
неожиданно,ADJ,,,неожиданно,1
листок,NOUN,,Acc:1,листок,1
подозреваемый,NOUN,,Acc:1,подозреваемых,1
улик,NOUN,,Acc:1,улики,1
обвести,VERB,Fin,,обвели,1
миша,PROPN,,Gen:1,Миши,1
надеть,VERB,Fin,,надел,1
пролистать,VERB,Fin,,Пролистала,1
вдохновение,NOUN,,Gen:1,вдохновения,1
выкладывать,VERB,Fin,,выкладывает,1
пленочный,ADJ,,Acc:1,плёночную,1
плёнок,NOUN,,Gen:1,плёнок,1
проявка,NOUN,,Acc:1,проявку,1
фотолаборатория,NOUN,,Loc:1,фотолаборатории,1
недорого,ADV,,,недорого,1
увлекаться,VERB,Fin,,увлекается,1
толстый,ADJ,,Nom:1,толстая,1
раскольников,PROPN,,Nom:1,Раскольников,1
крошечный,ADJ,,Loc:1,крошечной,1
каморка,NOUN,,Loc:1,каморке,1
необыкновенный,ADJ,,Ins:1,необыкновенным,1
позволить,VERB,Part,,позволено,1
переступать,VERB,Inf,,переступать,1
убивать,VERB,Fin,,убивает,1
старуха,NOUN,,Acc:1,старуху,1
процентщица,NOUN,,Acc:1,процентщицу,1
совесть,NOUN,,Nom:1,совесть,1
метаться,VERB,Fin,,мечется,1
порфирий,PROPN,,Nom:1,Порфирий,1
петрович,PROPN,,Nom:1,Петрович,1
мышка,NOUN,,Acc:1,мышки,1
соня,PROPN,,Nom:1,Соня,1
мармеладов,PROPN,,Nom:1,Мармеладова,1
дергаться,VERB,Inf,,дёргаться,1
панель,NOUN,,Loc:1,панели,1
съехать,VERB,Fin,,съехала,1
обочина,NOUN,,Acc:1,обочину,1
аварийка,NOUN,,Acc:1,аварийку,1
выставить,VERB,Fin,,выставила,1
полезть,VERB,Fin,,полез,1
капот,NOUN,,Acc:1,капот,1
полис,NOUN,,Gen:1,полиса,1
продиктовать,VERB,Fin,,продиктовала,1
километровый,ADJ,,Acc:1,километровый,1
эвакуатор,NOUN,,Nom:1,Эвакуатор,1
покачать,VERB,Fin,,покачал,1
увезти,VERB,Fin,,увезли,1
подбросить,VERB,Fin,,подбросили,1
мысленно,ADV,,,мысленно,1
южнокорейский,ADJ,,Nom:1,Южнокорейская,1
поп-музыка,NOUN,,Nom:1,поп-музыка,1
пересекать,VERB,Part,Gen:1,пересекающей,1
халля,NOUN,,Ins:1,халлю,1
видеоплатформа,NOUN,,Nom:1,видеоплатформы,1
клип,NOUN,,Nom:1,клип,1
psy,PROPN,,,PSY,1
gangnam,PROPN,,,Gangnam,1
style,PROPN,,,Style,1
ютьюб,PROPN,,Nom:1,YouTube,1
bts,PROPN,,,BTS,1
dynamite,PROPN,,,Dynamite,1
возглавить,VERB,Fin,,возглавила,1
чарт,NOUN,,Acc:1,чарт,1
billboard,PROPN,,,Billboard,1
hot,PROPN,,,Hot,1
100,NUM,,,100,1
продумать,VERB,Part,Nom:1,продуманная,1
продюсерский,ADJ,,Loc:1,продюсерских,1
сохранять,VERB,Conv,,сохраняя,1
прага,PROPN,,Loc:1,Праге,1
перерыть,VERB,Fin,,Перерыла,1
обедать,VERB,Fin,,обедали,1
паника,NOUN,,Nom:1,паника,1
полиция,NOUN,,Acc:1,полицию,1
пропажа,NOUN,,Loc:1,пропаже,1
выручить,VERB,Fin,,выручили,1
распечатать,VERB,Part,Nom:1,распечатанная,1
хранить,VERB,Inf,,хранить,1
оригинал,NOUN,,Gen:1,оригиналов,1
ремесло,NOUN,,Nom:1,ремёсла,1
однонаправленный,ADJ,,,однонаправленна,1
возвращать,VERB,Fin,,возвращают,1
старинный,ADJ,,Loc:1,старинном,1
обряд,NOUN,,Loc:1,обряде,1
заимствовать,VERB,Part,Nom:1,заимствованное,1
воссоздавать,VERB,Fin,,воссоздаётся,1
консервация,NOUN,,Acc:1,консервацию,1
напоказ,NOUN,,Gen:1,напоказ,1
упростить,VERB,Part,Gen:1,упрощённых,1
уильям,PROPN,,Gen:1,Уильяма,1
стоуки,PROPN,,Gen:1,Стоуки,1
взаимно,ADV,,,взаимно,1
по-английски,ADV,,,по-английски,1
контактный,ADJ,,Nom:1,контактная,1
инвалид,NOUN,,Gen:1,инвалидов,1
розеттский,ADJ,,Nom:1,Розеттский,1
1799,ADJ,,,1799,1
1822,ADJ,,,1822,1
жан-франсуа,PROPN,,Nom:1,Жан-Франсуа,1
шампольон,PROPN,,Nom:1,Шампольон,1
опираться,VERB,Conv,,опираясь,1
расшифровка,NOUN,,Dat:1,расшифровке,1
иероглиф,NOUN,,Gen:1,иероглифов,1
древнеегипетский,ADJ,,Gen:1,древнеегипетских,1
доступный,VERB,Part,,доступен,1
берестяной,ADJ,,Nom:1,берестяные,1
грамота,NOUN,,Nom:1,грамоты,1
записка,NOUN,,Nom:1,записки,1
ученический,ADJ,,Nom:1,ученические,1
летопись,NOUN,,Nom:1,летописи,1
уточняться,VERB,Inf,,уточняться,1
булькать,VERB,Fin,,булькает,1
кастрюля,NOUN,,Nom:1,кастрюля,1
щая,NOUN,,Gen:1,щей,1
картошка,NOUN,,Nom:1,картошка,1
морковь,NOUN,,Nom:1,морковь,1
кусок,NOUN,,Nom:1,кусок,1
говядина,NOUN,,Gen:1,говядины,1
косточка,NOUN,,Loc:1,косточке,1
плыть,VERB,Fin,,плывёт,1
кисловатый,ADJ,,Nom:1,кисловатый,1
варить,VERB,Fin,,варит,1
щавель,NOUN,,Ins:1,щавелем,1
крапива,NOUN,,Ins:1,крапивой,1
мясной,ADJ,,Loc:1,мясном,1
постный,ADJ,,Nom:1,постные,1
лепать,VERB,Fin,,лепит,1
раскатывать,VERB,Fin,,раскатывает,1
вырезать,VERB,Fin,,вырезает,1
фарш,NOUN,,Acc:1,фарш,1
защипывать,VERB,Fin,,защипывает,1
край,NOUN,,Acc:1,края,1
ушко,NOUN,,Acc:1,ушко,1
финный,ADJ,,,финно,1
угорский,ADJ,,Gen:1,угорских,1
хлебный,ADJ,,Gen:1,хлебного,1
присыпать,VERB,Part,Loc:1,присыпанной,1
морозилка,NOUN,,Acc:1,морозилку,1
вибрировать,VERB,Fin,,вибрировал,1
напрашиваться,VERB,Fin,,напрашивается,1
аккуратно,ADV,,,аккуратнее,1
значиться,VERB,Fin,,значится,1
гаджет,NOUN,,Gen:1,гаджетов,1
отключать,VERB,Fin,,отключаю,1
подолгу,ADV,,,подолгу,1
протокол,PROPN,,Nom:1,Протокол,1
вернуться,VERB,Inf,,вернуться,1
обоснованный,VERB,Part,Gen:1,обоснованных,1
преследование,NOUN,,Gen:1,преследования,1
невысылка,NOUN,,Gen:1,невысылки,1
возвращать,VERB,Inf,,возвращать,1
угрожать,VERB,Fin,,угрожает,1
координировать,VERB,Fin,,координирует,1
управление,PROPN,,Nom:1,Управление,1
комиссар,NOUN,,Gen:1,комиссара,1
вынужденно,ADV,,,вынужденно,1
покинуть,VERB,Part,Gen:1,покинувших,1
убежище,NOUN,,Acc:1,убежище,1
бунтовать,VERB,Fin,,бунтуют,1
старший,NOUN,,Nom:1,старшие,1
ворчать,VERB,Fin,,ворчат,1
социология,NOUN,,Nom:1,Социология,1
манхейм,PROPN,,Nom:1,Манхейм,1
пережить,VERB,Part,Ins:1,пережитым,1
молодость,NOUN,,Loc:1,молодости,1
влиять,VERB,Part,Nom:1,влияющие,1
когортный,ADJ,,Nom:1,когортные,1
зумер,NOUN,,Gen:1,зумеров,1
миллениал,NOUN,,Gen:1,миллениалов,1
исследовательский,ADJ,,Nom:1,исследовательский,1
pew,PROPN,,,Pew,1
смешивать,VERB,Fin,,смешивают,1
подкреплять,VERB,Fin,,подкрепляют,1
паломничество,NOUN,,Nom:1,Паломничество,1
мусульманин,NOUN,,Gen:1,мусульман,1
хадж,NOUN,,Nom:1,хадж,1
мекка,PROPN,,Acc:1,Мекку,1
совершать,VERB,Part,Acc:1,совершаемый,1
зуль,NOUN,,Nom:1,зуль,1
хиджа,NOUN,,Gen:1,хиджа,1
столп,NOUN,,Gen:1,столпов,1
совершить,VERB,Inf,,совершить,1
испания,PROPN,,Loc:1,Испании,1
паломник,NOUN,,Gen:1,паломников,1
сантьяго,PROPN,,Dat:1,Сантьяго,1
демкомпостел,NOUN,,Dat:1,де-Компостела,1
верующий,NOUN,,Nom:1,верующие,1
кумбха,PROPN,,Gen:1,Кумбха,1
мел,NOUN,,Gen:1,мела,1
омовение,NOUN,,Acc:1,омовение,1
сикока,PROPN,,Nom:1,Сикоку,1
кукай,PROPN,,Gen:1,Кукая,1
придаваться,VERB,Fin,,придаётся,1
вольный,ADJ,,Ins:1,вольным,1
двадцатилетний,ADJ,,Nom:1,двадцатилетняя,1
серебряный,ADJ,,Acc:1,серебряную,1
уступить,VERB,Conv,,уступив,1
победительница,NOUN,,Dat:1,победительнице,1
полусекунда,NOUN,,Gen:1,полусекунды,1
пробиться,VERB,Inf,,пробиться,1
бронза,NOUN,,Nom:1,Бронза,1
пловчиха,NOUN,,Dat:1,пловчихе,1
лидировать,VERB,Fin,,лидировала,1
уступить,VERB,Fin,,уступила,1
финиш,NOUN,,Loc:1,финише,1
выступление,NOUN,,Ins:1,выступлениями,1
декларация,PROPN,,Loc:1,Декларации,1
основополагающий,VERB,Part,Loc:1,основополагающих,1
1998,ADJ,,,1998,1
упразднение,NOUN,,Nom:1,упразднение,1
искоренение,NOUN,,Nom:1,искоренение,1
недопущение,NOUN,,Nom:1,недопущение,1
инспекция,NOUN,,Acc:1,инспекцию,1
транслировать,VERB,Inf,,транслировать,1
позволить,VERB,Inf,,позволить,1
неповторимость,NOUN,,Nom:1,неповторимость,1
биткоина,NOUN,,Nom:1,биткоин,1
2008,ADJ,,,2008,1
псевдоним,NOUN,,Ins:1,псевдонимом,1
сатоси,PROPN,,Gen:1,Сатоси,1
накамото,PROPN,,Gen:1,Накамото,1
опубликовать,VERB,Fin,,опубликовали,1
доходность,NOUN,,Acc:1,доходность,1
простота,NOUN,,Acc:1,простоту,1
регулятор,NOUN,,Nom:1,регуляторы,1
криптоактив,NOUN,,Gen:1,криптоактивов,1
инвестор,NOUN,,Nom:1,инвестор,1
вложить,VERB,Part,Acc:1,вложенные,1
евросоюз,PROPN,,Loc:1,Евросоюзе,1
mica,PROPN,,,MiCA,1
стиральный,ADJ,,Nom:1,стиральная,1
стирка,NOUN,,Gen:1,стирки,1
барабан,NOUN,,Ins:1,барабаном,1
страшно,ADV,,,страшно,1
гудеть,VERB,Inf,,гудеть,1
замигать,VERB,Fin,,замигала,1
выключить,VERB,Fin,,выключила,1
полезти,VERB,Fin,,полезла,1
насос,NOUN,,Loc:1,насосе,1
засор,NOUN,,Loc:1,засоре,1
почистить,VERB,Fin,,почистила,1
вылиться,VERB,Fin,,вылилось,1
полведр,NOUN,,Nom:1,полведра,1
подстилать,VERB,Inf,,подстилать,1
заработать,VERB,Fin,,заработала,1
гарантийный,ADJ,,Acc:1,гарантийный,1
сервисный,ADJ,,Acc:1,сервисный,1
прислать,VERB,Inf,,прислать,1
ныть,VERB,Inf,,ныть,1
стоматология,NOUN,,Acc:1,стоматологию,1
перезвонить,VERB,Fin,,перезвонила,1
записаться,VERB,Inf,,записаться,1
дрожь,NOUN,,Ins:1,дрожью,1
коленок,NOUN,,Loc:1,коленках,1
украсть,VERB,Part,,украшен,1
скатерть,NOUN,,Ins:1,скатертью,1
девочка,NOUN,,Nom:1,девочки,1
пиджак,NOUN,,Loc:1,пиджаках,1
переодеть,VERB,Part,Ins:1,переодетыми,1
переглядывать,VERB,Fin,,переглядываются,1
шептаться,VERB,Fin,,шепчутся,1
плакать,VERB,Fin,,плачет,1
аттестат,NOUN,,Ins:1,аттестатами,1
аплодисменты,NOUN,,Acc:1,аплодисменты,1
классный,ADJ,,Nom:1,классный,1
замолкать,VERB,Fin,,замолкает,1
махать,VERB,Fin,,машет,1
рассвет,NOUN,,Gen:1,рассвета,1
сирень,NOUN,,Gen:1,сирени,1
цензурный,ADJ,,Nom:1,цензурное,1
главлит,PROPN,,Nom:1,Главлит,1
публиковать,VERB,Inf,,публиковать,1
перепечатывать,VERB,Fin,,перепечатывали,1
копирка,NOUN,,Acc:1,копирку,1
тамиздат,NOUN,,Nom:1,тамиздат,1
издать,VERB,Part,Nom:1,изданные,1
тайно,ADV,,,тайно,1
ввести,VERB,Part,Nom:1,ввезённые,1
борис,PROPN,,Gen:1,Бориса,1
пастернак,PROPN,,Gen:1,Пастернака,1
доктор,NOUN,,Nom:1,Доктор,1
живаго,PROPN,,Nom:1,Живаго,1
италия,PROPN,,Loc:1,Италии,1
бюллетень,NOUN,,Nom:1,бюллетень,1
текущий,ADJ,,Gen:1,текущих,1
1968,ADJ,,,1968,1
перепечатать,VERB,Part,Nom:1,перепечатанные,1
смотритель,NOUN,,Nom:1,смотритель,1
перерисовывать,VERB,Fin,,перерисовывает,1
развесить,VERB,Part,,развешаны,1
заснеженный,VERB,Part,Ins:1,заснеженной,1
издалека,ADV,,,Издалека,1
монохромный,ADJ,,Ins:1,монохромным,1
проступать,VERB,Fin,,проступают,1
розоватый,ADJ,,Nom:1,розоватые,1
мазка,NOUN,,Nom:1,мазки,1
читать,VERB,Conv,,читая,1
аудиогид,NOUN,,Acc:1,аудиогид,1
натура,NOUN,,Loc:1,натуре,1
загустеть,VERB,Fin,,загустела,1
неровность,NOUN,,Acc:1,неровности,1
обратить,VERB,Fin,,обратила,1
противоположность,NOUN,,Acc:1,противоположность,1
разновидность,NOUN,,Gen:1,разновидностей,1
оканье,NOUN,,Nom:1,оканье,1
безударный,ADJ,,Nom:1,безударное,1
а,INTJ,,,а,1
фрикативный,ADJ,,Nom:1,фрикативное,1
лингвистический,ADJ,,Ins:1,лингвистическими,1
шутливый,ADJ,,Nom:1,шутливая,1
макс,PROPN,,Nom:1,Макс,1
вайнрайх,PROPN,,Nom:1,Вайнрайх,1
телевидение,NOUN,,Gen:1,телевидения,1
сглаживаться,VERB,Fin,,сглаживаются,1
швейцарский,ADJ,,Dat:1,швейцарскому,1
жана,PROPN,,Dat:1,Жану,1
сенсомоторный,ADJ,,Gen:1,сенсомоторной,1
дооперациональный,ADJ,,Gen:1,дооперациональной,1
предполагать,VERB,Fin,,предполагал,1
выготский,PROPN,,Nom:1,Выготский,1
боулби,PROPN,,Ins:1,Боулби,1
мэри,PROPN,,Nom:1,Мэри,1
эйнсворт,PROPN,,Nom:1,Эйнсворт,1
пасхальный,ADJ,,Acc:1,пасхальную,1
покрывать,VERB,Inf,,покрывать,1
юбка,NOUN,,Loc:1,юбке,1
головной,ADJ,,Acc:1,головной,1
убор,NOUN,,Acc:1,убор,1
фом,PROPN,,Nom:1,Фома,1
разговаривать,VERB,Inf,,разговаривать,1
уместный,ADJ,,,уместно,1
участвовать,VERB,Conv,,участвуя,1
таинство,NOUN,,Loc:1,таинствах,1
мечеть,NOUN,,Gen:1,мечети,1
синагог,NOUN,,Gen:1,синагоги,1
буддийский,ADJ,,Gen:1,буддийского,1
служитель,NOUN,,Gen:1,служителей,1
подписать,VERB,Inf,,подписать,1
абонемент,NOUN,,Loc:1,абонементе,1
заключаться,VERB,Fin,,заключается,1
продлеваться,VERB,Fin,,продлевается,1
расторгнуть,VERB,Inf,,расторгнуть,1
списывать,VERB,Inf,,списывать,1
шрифта,NOUN,,Dat:1,шрифту,1
отметить,VERB,Part,Dat:1,отмеченным,1
подписать,VERB,Part,Gen:1,подписанного,1
футбол,NOUN,,Dat:1,футболу,1
арабский,ADJ,,Loc:1,арабском,1
ноябре–декабрь,NOUN,,Loc:1,ноябре–декабре,1
майский,ADJ,,Gen:1,майских,1
июньский,ADJ,,Gen:1,июньских,1
июльский,ADJ,,Gen:1,июльских,1
аргентина,PROPN,,Gen:1,Аргентины,1
лионель,PROPN,,Nom:1,Лионель,1
килиан,PROPN,,Nom:1,Килиан,1
мбапп,PROPN,,Nom:1,Мбаппе,1
хет-трик,NOUN,,Acc:1,хет-трик,1
аргентинец,NOUN,,Nom:1,аргентинцы,1
указывать,VERB,Part,Gen:1,указывавших,1
рабочий,NOUN,,Gen:1,рабочих,1
мигрант,NOUN,,Gen:1,мигрантов,1
полнота,NOUN,,Gen:1,полноты,1
пометка,NOUN,,Loc:1,пометках,1
доказать,VERB,Part,,доказаны,1
вырыть,VERB,Part,,вырваны,1
обидеться,VERB,Fin,,обиделась,1
поспорить,VERB,Inf,,поспорить,1
переделать,VERB,Inf,,переделать,1
ответить,VERB,Fin,,ответил,1
зайти,VERB,Inf,,зайти,1
неприятно,ADJ,,,Неприятно,1
пятерка,NOUN,,Nom:1,пятёрки,1
автовокзал,NOUN,,Gen:1,автовокзала,1
курить,VERB,Fin,,курят,1
складывать,VERB,Fin,,складывает,1
багажный,ADJ,,Acc:1,багажное,1
переставлять,VERB,Conv,,переставляя,1
апельсин,NOUN,,Ins:1,апельсинами,1
таять,VERB,Fin,,тает,1
слышно,ADV,,,слышно,1
ровный,ADJ,,Nom:1,ровный,1
гул,NOUN,,Nom:1,гул,1
двигатель,NOUN,,Gen:1,двигателя,1
сопение,NOUN,,Nom:1,сопение,1
придорожный,ADJ,,Gen:1,придорожного,1
размяться,VERB,Inf,,размяться,1
стаканчик,NOUN,,Loc:1,стаканчиках,1
уснуть,VERB,Fin,,уснула,1
протест,NOUN,,Gen:1,протеста,1
live,PROPN,,,Live,1
aid,PROPN,,,Aid,1
13,NUM,,,13,1
1985,ADJ,,,1985,1
лондон,PROPN,,Loc:1,Лондоне,1
филадельфия,PROPN,,Loc:1,Филадельфии,1
голодать,VERB,Part,Dat:1,голодающим,1
эфиопия,PROPN,,Loc:1,Эфиопии,1
композиция,NOUN,,Nom:1,композиция,1
субкультура,NOUN,,Dat:1,субкультуре,1
the,PROPN,,,The,1
new,PROPN,,,New,1
york,PROPN,,,York,1
times,PROPN,,,Times,1
микрософт,PROPN,,Gen:1,Microsoft,1
утверждать,VERB,Conv,,утверждая,1
вынести,VERB,Part,,вынесено,1
anthropic,PROPN,,,Anthropic,1
выплатить,VERB,Inf,,выплатить,1
иск,NOUN,,Dat:1,иску,1
отклонить,VERB,Fin,,отклонил,1
getty,PROPN,,,Getty,1
images,PROPN,,,Images,1
stability,PROPN,,,Stability,1
ai,PROPN,,,AI,1
законность,NOUN,,Nom:1,законность,1
показательный,VERB,Part,,показателен,1
заключить,VERB,Part,Nom:1,заключённый,1
гильдия,PROPN,,Ins:1,Гильдией,1
забастовка,NOUN,,Gen:1,забастовки,1
генерировать,VERB,Part,Acc:1,сгенерированный,1
заводить,VERB,Inf,,заводить,1
милый,ADJ,,Nom:1,милые,1
разбегаться,VERB,Fin,,разбегаются,1
настольный,ADJ,,Gen:1,настольных,1
антикаф,NOUN,,Loc:1,антикафе,1
неловко,ADV,,,неловко,1
кивать,VERB,Fin,,кивала,1
оля,PROPN,,Nom:1,Оля,1
опаздывать,VERB,Inf,,опаздывать,1
выпускник,NOUN,,Gen:1,выпускников,1
хвастаться,VERB,Inf,,хвастаться,1
кучка,NOUN,,Ins:1,кучками,1
дежурный,ADJ,,Ins:1,дежурными,1
достать,VERB,Fin,,достал,1
фотоальбо,NOUN,,Acc:1,фотоальбом,1
сбежать,VERB,Fin,,сбежал,1
сережа,PROPN,,Nom:1,Серёжа,1
тихонь,NOUN,,Nom:1,тихоня,1
хулиган,NOUN,,Nom:1,хулиган,1
юбилей,NOUN,,Gen:1,юбилея,1
гонка,NOUN,,Nom:1,гонка,1
р-,PROPN,,,Р-,1
7,NUM,,,7,1
вывести,VERB,Fin,,вывела,1
создаваться,VERB,Fin,,создавалась,1
межконтинентальный,ADJ,,Nom:1,межконтинентальная,1
баллистический,ADJ,,Nom:1,баллистическая,1
потенциал,NOUN,,Gen:1,потенциала,1
престиж,NOUN,,Dat:1,престижу,1
1958,ADJ,,,1958,1
демонстрировать,VERB,Inf,,продемонстрировать,1
засекретить,VERB,Part,,засекречена,1
конструктор,NOUN,,Gen:1,конструктора,1
королев,PROPN,,Gen:1,Королёва,1
медиапространство,NOUN,,Loc:1,медиапространстве,1
прибегать,VERB,Conv,,прибегая,1
закрепить,VERB,Part,,закреплены,1
венская,PROPN,,,Венской,1
сношение,NOUN,,Loc:1,сношениях,1
посольство,NOUN,,Gen:1,посольств,1
неприкосновенность,NOUN,,Acc:1,неприкосновенность,1
агент,NOUN,,Gen:1,агентов,1
дипломат,NOUN,,Nom:1,дипломат,1
нарушать,VERB,Inf,,нарушать,1
персона,NOUN,,Ins:1,персоной,1
нон,NOUN,,Gen:1,нон,1
грата,NOUN,,Gen:1,грата,1
многосторонний,ADJ,,Nom:1,многосторонняя,1
1945,ADJ,,,1945,1
согласовывать,VERB,Fin,,согласовывают,1
персональный,ADJ,,Gen:1,персональных,1
рассмотреть,VERB,Inf,,рассмотреть,1
несанкционированный,ADJ,,Loc:1,несанкционированном,1
злоумышленник,NOUN,,Nom:1,злоумышленники,1
уведомить,VERB,Fin,,уведомила,1
расследование,NOUN,,Acc:1,расследование,1
пароли,NOUN,,Acc:1,пароли,1
осторожность,NOUN,,Ins:1,осторожностью,1
викторович,PROPN,,Nom:1,Викторович,1
выполнить,VERB,Part,,выполнена,1
пояснить,VERB,Fin,,пояснила,1
согласование,NOUN,,Gen:1,согласования,1
подробный,ADJ,,Acc:1,Подробный,1
прилагать,VERB,Fin,,прилагаю,1
сообщить,VERB,Inf,,сообщить,1
завтрашний,ADJ,,Dat:1,завтрашнему,1
таблица,NOUN,,Acc:1,таблицу,1
елена,PROPN,,Nom:1,Елена,1
смирнов,PROPN,,Nom:1,Смирнова,1
эпикур,NOUN,,Nom:1,Эпикур,1
телесный,ADJ,,Gen:1,телесной,1
душевный,ADJ,,Gen:1,душевной,1
погоня,NOUN,,Acc:1,погоню,1
наслаждение,NOUN,,Ins:1,наслаждениями,1
стоик,NOUN,,Nom:1,Стоики,1
эпиктет,PROPN,,Nom:1,Эпиктет,1
спокойствие,NOUN,,Acc:1,спокойствие,1
стюарт,PROPN,,Nom:1,Стюарт,1
милль,PROPN,,Nom:1,Милль,1
низший,ADJ,,Acc:1,низшие,1
неудовлетворенный,ADJ,,Ins:1,неудовлетворённым,1
сократ,PROPN,,Ins:1,Сократом,1
удовлетворить,VERB,Part,Ins:1,удовлетворённым,1
глупец,NOUN,,Ins:1,глупцом,1
роберт,PROPN,,Nom:1,Роберт,1
нозик,PROPN,,Nom:1,Нозик,1
нозик,NOUN,,Nom:1,Нозик,1
подключиться,VERB,Inf,,подключиться,1
спальный,ADJ,,Ins:1,спальным,1
панельный,ADJ,,Nom:1,панельные,1
расспрашивать,VERB,Inf,,расспрашивать,1
оцифровать,VERB,Part,Acc:1,оцифрованные,1
противоречить,VERB,Fin,,противоречат,1
пазл,NOUN,,Acc:1,пазл,1
терять,VERB,Part,,потеряна,1
проходить,VERB,Conv,,проходя,1
мимо,ADP,,,мимо,1
бантик,NOUN,,Ins:1,бантиком,1
титр,NOUN,,Acc:1,титры,1
по-моему,ADV,,,По-моему,1
серьнз,ADV,,,Серьёзно,1
обсудить,VERB,Fin,,обсудим,1
уговорить,VERB,Fin,,уговорила,1
героиня,NOUN,,Ins:1,героиней,1
заслужить,VERB,Fin,,заслужила,1
продолжение,NOUN,,Acc:1,продолжение,1
научиться,VERB,Fin,,научились,1
хаотичный,ADJ,,,хаотично,1
ужина,NOUN,,Nom:1,ужины,1
туалетный,ADJ,,Acc:1,туалетную,1
копить,VERB,Fin,,копили,1
раздражение,NOUN,,Acc:1,раздражение,1
копилка,NOUN,,Acc:1,копилку,1
предупреждать,VERB,Inf,,предупреждать,1
пастилка,NOUN,,Acc:1,пастилки,1
рассасывание,NOUN,,Gen:1,рассасывания,1
продаваться,VERB,Fin,,продаются,1
дозировка,NOUN,,Acc:1,дозировку,1
прикладывать,VERB,Fin,,прикладывайте,1
выписка,NOUN,,Acc:1,выписку,1
привить,VERB,Fin,,привила,1
строчка,NOUN,,Acc:1,строчку,1
отменить,VERB,Inf,,отменить,1
перевыпустить,VERB,Inf,,перевыпустить,1
заблокировать,VERB,Fin,,заблокировала,1
стремительно,ADV,,,стремительно,1
лайка,PROPN,,Nom:1,Лайка,1
гагарин,PROPN,,Nom:1,Гагарин,1
1963,ADJ,,,1963,1
полететь,VERB,Fin,,полетела,1
терешков,PROPN,,Nom:1,Терешкова,1
1965,ADJ,,,1965,1
алексей,PROPN,,Nom:1,Алексей,1
леонов,PROPN,,Nom:1,Леонов,1
штат,PROPN,,Nom:1,Штаты,1
сосредоточиться,VERB,Fin,,сосредоточились,1
лунный,ADJ,,Loc:1,лунной,1
1969,ADJ,,,1969,1
луна,PROPN,,Acc:1,Луну,1
дополниться,VERB,Fin,,дополнилось,1
1975,ADJ,,,1975,1
состыковаться,VERB,Fin,,состыковались,1
продолжиться,VERB,Fin,,продолжилась,1
2000,ADJ,,,2000,1
коэффициент,NOUN,,Gen:1,коэффициента,1
джини,PROPN,,Gen:1,Джини,1
поровну,ADV,,,поровну,1
приближаться,VERB,Fin,,приближается,1
снижаться,VERB,Fin,,снижается,1
измерить,VERB,Inf,,измерить,1
технологический,ADJ,,Acc:1,технологические,1
повышать,VERB,Part,Acc:1,повышающие,1
высококвалифицированный,ADJ,,Acc:1,высококвалифицированный,1
перераспределять,VERB,Fin,,перераспределяют,1
субботник,NOUN,,Loc:1,субботнике,1
раздумывать,VERB,Conv,,раздумывая,1
школьник,NOUN,,Gen:1,школьников,1
пенсионер,NOUN,,Gen:1,пенсионеров,1
раздать,VERB,Fin,,раздали,1
мешок,NOUN,,Acc:1,мешки,1
разбить,VERB,Fin,,разбили,1
красить,VERB,Fin,,красили,1
сажать,VERB,Fin,,сажали,1
покрышка,NOUN,,Acc:1,покрышку,1
свежепокрасить,VERB,Part,Loc:1,свежепокрашенных,1
высохнуть,VERB,Part,Gen:1,высохших,1
созреть,VERB,Fin,,созрело,1
почитать,VERB,Fin,,почитала,1
веганка,NOUN,,Ins:1,веганкой,1
перестраивать,VERB,Inf,,перестраивать,1
витамин,NOUN,,Loc:1,витамине,1
b12,PROPN,,,B12,1
голодать,VERB,Fin,,голодаю,1
осуждать,VERB,Fin,,осуждаю,1
прочий,ADJ,,Gen:1,прочего,1
переходить,VERB,Inf,,переходить,1
закладка,NOUN,,Acc:1,закладку,1
сменить,VERB,Fin,,сменила,1
двухфакторный,ADJ,,Acc:1,двухфакторную,1
аутентификация,NOUN,,Acc:1,аутентификацию,1
просьба,NOUN,,Ins:1,просьбой,1
утечь,VERB,Part,Nom:1,утёкшие,1
уловок,NOUN,,Gen:1,уловок,1
менеджер,NOUN,,Nom:1,менеджер,1
путаться,VERB,Fin,,путаются,1
восьмой,ADJ,,Loc:1,восьмом,1
шепот,ADV,,,шёпотом,1
пересказывать,VERB,Fin,,пересказываю,1
запоминаться,VERB,Fin,,запоминается,1
зубрёжка,NOUN,,Nom:1,зубрёжка,1
учить,VERB,Fin,,учила,1
капель,NOUN,,Gen:1,капели,1
осесть,VERB,Part,Gen:1,осевшего,1
показываться,VERB,Fin,,показывается,1
прошлогодний,ADJ,,Nom:1,прошлогодняя,1
покрывать,VERB,Fin,,покрываются,1
дымка,NOUN,,Ins:1,дымкой,1
прозрачный,ADJ,,Ins:1,прозрачными,1
скошенный,ADJ,,Gen:1,скошенной,1
душный,ADJ,,Gen:1,душного,1
клен,NOUN,,Nom:1,клёны,1
гореть,VERB,Fin,,горят,1
голый,ADJ,,Nom:1,голые,1
слякотный,ADJ,,Ins:1,слякотной,1
морозный,ADJ,,Ins:1,морозной,1
хрустящий,ADJ,,Ins:1,хрустящим,1
холестерин,NOUN,,Gen:1,холестерина,1
референсный,ADJ,,Gen:1,референсного,1
беспокойство,NOUN,,Gen:1,беспокойства,1
обратить,VERB,Inf,,обратить,1
интерпретировать,VERB,Inf,,интерпретировать,1
употреблять,VERB,Fin,,употребляют,1
психиатрия,NOUN,,Loc:1,психиатрии,1
травматический,ADJ,,Acc:1,травматическое,1
психика,NOUN,,Gen:1,психики,1
угрожать,VERB,Part,Acc:1,угрожающие,1
стихийный,ADJ,,Acc:1,стихийные,1
бедствие,NOUN,,Acc:1,бедствия,1
птср,NOUN,,Nom:1,ПТСР,1
5-tr,PROPN,,,5-TR,1
комплексный,ADJ,,Nom:1,комплексное,1
обновлить,VERB,Part,Loc:1,обновлённых,1
поведенческий,ADJ,,Nom:1,поведенческая,1
терапия,NOUN,,Nom:1,терапия,1
фокус,NOUN,,Ins:1,фокусом,1
emdr,PROPN,,,EMDR,1
самоотчет,NOUN,,Nom:1,самоотчёты,1
измерить,VERB,Part,Ins:1,измеримыми,1
пережить,ADJ,,Gen:1,пережитого,1
разрастись,VERB,Part,Nom:1,разросшийся,1
разнородный,ADJ,,Ins:1,разнородной,1
1703,ADJ,,,1703,1
проспект,NOUN,,Ins:1,проспектами,1
1712,ADJ,,,1712,1
1918,ADJ,,,1918,1
неве,PROPN,,Loc:1,Неве,1
1914,ADJ,,,1914,1
петроград,PROPN,,Ins:1,Петроградом,1
1924-й,ADJ,,Loc:1,1924-м,1
ленинград,PROPN,,Ins:1,Ленинградом,1
1991,ADJ,,,1991,1
1990,ADJ,,,1990,1
суетливый,ADJ,,Gen:1,суетливой,1
интеллигентный,ADJ,,Gen:1,интеллигентной,1
перечислить,VERB,Fin,,перечислила,1
запомниться,VERB,Fin,,запомнились,1
смех,NOUN,,Nom:1,смех,1
увертюра,NOUN,,Gen:1,увертюр,1
фортепианный,ADJ,,Gen:1,фортепианных,1
миниатюра,NOUN,,Gen:1,миниатюр,1
стремиться,VERB,Inf,,стремиться,1
послушать,VERB,Inf,,послушать,1
концертный,ADJ,,Loc:1,концертной,1
аплодировать,VERB,Inf,,аплодировать,1
публика,NOUN,,Nom:1,публика,1
комментарий,NOUN,,Ins:1,комментариями,1
бояться,VERB,Inf,,бояться,1
выпускать,VERB,Fin,,выпускают,1
обновлять,VERB,Fin,,обновляют,1
программа,PROPN,,Nom:1,Программа,1
модный,ADJ,,Acc:1,модную,1
эллен,PROPN,,Nom:1,Эллен,1
макартур,PROPN,,Nom:1,Макартур,1
подсчитать,VERB,Fin,,подсчитал,1
свалка,NOUN,,Acc:1,свалку,1
текстиль,NOUN,,Gen:1,текстиля,1
сопоставить,VERB,Part,Nom:1,сопоставимый,1
мусоровоз,NOUN,,Ins:1,мусоровозом,1
повторять,VERB,Part,Nom:1,повторяемое,1
долговечность,NOUN,,Gen:1,долговечности,1
призыв,NOUN,,Dat:1,призыву,1
обновить,VERB,Fin,,обновил,1
максимум,NOUN,,Acc:1,максимум,1
прибыль,NOUN,,Gen:1,прибыли,1
заемный,ADJ,,Gen:1,заёмных,1
ужесточение,NOUN,,Loc:1,ужесточении,1
торги,NOUN,,Gen:1,торгов,1
биржа,NOUN,,Loc:1,биржах,1
осторожный,ADJ,,Nom:1,осторожные,1
динамика,NOUN,,Acc:1,динамику,1
актив,NOUN,,Gen:1,актива,1
усложнить,VERB,Fin,,усложнили,1
окаменелость,NOUN,,Nom:1,окаменелости,1
марокканский,ADJ,,Gen:1,марокканской,1
пещера,NOUN,,Gen:1,пещеры,1
джебель-ирхуд,PROPN,,Nom:1,Джебель-Ирхуд,1
датировать,VERB,Part,,датированы,1
отнести,VERB,Part,Nom:1,отнесённые,1
географически,ADV,,,географически,1
намеренный,ADJ,,Loc:1,намеренном,1
митохондриальный,ADJ,,Gen:1,митохондриальной,1
череп,NOUN,,Acc:1,череп,1
харбин,PROPN,,Gen:1,Харбина,1
молекулярный,ADV,,,молекулярно,1
отнести,VERB,Inf,,отнести,1
юго-западный,PROPN,,,Юго-Западного,1
неафриканский,ADJ,,Gen:1,неафриканского,1
примесь,NOUN,,Nom:1,примесь,1
неандертальский,ADJ,,Gen:1,неандертальской,1
ветвистый,ADJ,,Nom:1,ветвистый,1
сокровище,NOUN,,Gen:1,сокровищ,1
медленный,ADJ,,Nom:1,медленная,1
фиксировать,VERB,Conv,,фиксируя,1
помпей,PROPN,,Nom:1,Помпеи,1
погребить,VERB,Part,Nom:1,погребённые,1
пепел,NOUN,,Ins:1,пеплом,1
везувия,PROPN,,Gen:1,Везувия,1
79,ADJ,,,79,1
систематический,ADJ,,Nom:1,Систематические,1
раскрыть,VERB,Part,,раскрыт,1
георадар,NOUN,,Nom:1,георадар,1
дрон,NOUN,,Gen:1,дронов,1
пылец,NOUN,,Gen:1,пыльцы,1
горожанин,NOUN,,Gen:1,горожан,1
необратимо,ADV,,,необратимо,1
разрушать,VERB,Fin,,разрушает,1
нетронутый,ADJ,,Ins:1,нетронутой,1
исчезновение,NOUN,,Gen:1,исчезновения,1
исчезать,VERB,Fin,,исчезает,1
2022,NUM,,,2022,1
2032,NUM,,,2032,1
зеландия,PROPN,,Loc:1,Зеландии,1
маори,NOUN,,Gen:1,маори,1
1987,ADJ,,,1987,1
гавайя,PROPN,,Loc:1,Гавайях,1
1983,ADJ,,,1983,1
дошкольный,ADJ,,Nom:1,дошкольные,1
гавайский,ADJ,,Loc:1,гавайском,1
возрождение,NOUN,,Nom:1,Возрождение,1
иврита,NOUN,,Gen:1,иврита,1
передача,NOUN,,Acc:1,передачу,1
снимать,VERB,Inf,,снимать,1
поначалу,ADV,,,Поначалу,1
перетерпеть,VERB,Inf,,перетерпеть,1
договариваться,VERB,Inf,,договариваться,1
афин,PROPN,,Gen:1,Афин,1
гражданин,NOUN,,Nom:1,граждане,1
избрать,VERB,Part,Nom:1,избранные,1
конкурентный,ADJ,,Nom:1,конкурентные,1
участвовать,VERB,Inf,,участвовать,1
подробно,ADV,,,подробно,1
монтескьё,PROPN,,Nom:1,Монтескьё,1
исполнительный,ADJ,,Nom:1,исполнительная,1
уравновешивать,VERB,Inf,,уравновешивать,1
верховенство,NOUN,,Acc:1,верховенство,1
меньшинство,NOUN,,Gen:1,меньшинства,1
парламентский,ADJ,,Nom:1,парламентские,1
президентский,ADJ,,Nom:1,президентские,1
республика,NOUN,,Nom:1,республики,1
конституционный,ADJ,,Nom:1,конституционные,1
генеральный,ADJ,,Nom:1,генеральная,1
отвертеться,VERB,Inf,,отвертеться,1
распределить,VERB,Fin,,распределили,1
папа,NOUN,,Nom:1,папа,1
терка,NOUN,,Gen:1,тёрки,1
банка,NOUN,,Gen:1,банок,1
отнести,VERB,Fin,,отнесли,1
сложить,VERB,Fin,,сложили,1
сожаление,NOUN,,Gen:1,сожаления,1
выбросить,VERB,Fin,,выбросили,1
выпасть,VERB,Fin,,выпал,1
валиться,VERB,Fin,,валились,1
гостиная,NOUN,,Gen:1,гостиной,1
восемнадцать,NUM,,Acc:1,восемнадцать,1
муниципальный,ADJ,,Loc:1,муниципальных,1
устно,ADV,,,устно,1
собиратель,NOUN,,Dat:1,собирателям,1
афанасьев,PROPN,,Gen:1,Афанасьева,1
1850,NUM,,,1850,1
60-й,ADJ,,Acc:1,60-е,1
шестисот,NUM,,Gen:1,шестисот,1
баба-яга,PROPN,,Nom:1,Баба-яга,1
избушка,NOUN,,Ins:1,избушкой,1
курьий,ADJ,,Loc:1,курьих,1
ножка,NOUN,,Loc:1,ножках,1
кощей,PROPN,,Nom:1,Кощей,1
бессмертный,PROPN,,Nom:1,Бессмертный,1
спрятать,VERB,Part,,спрятана,1
дурак,NOUN,,Nom:1,дурак,1
мудрый,ADV,,,мудрее,1
филолог,NOUN,,Nom:1,филолог,1
пропп,PROPN,,Nom:1,Пропп,1
морфология,NOUN,,Nom:1,Морфология,1
волшебный,ADJ,,Nom:1,волшебные,1
выделить,VERB,Fin,,выделил,1
повлиять,VERB,Fin,,повлиял,1
фольклористика,NOUN,,Gen:1,фольклористики,1
провалить,VERB,Part,Nom:1,проваленный,1
выходить,VERB,Inf,,выходить,1
выбросить,VERB,Part,,выброшены,1
неудобный,ADJ,,Acc:1,неудобные,1
приговор,NOUN,,Nom:1,приговор,1
романтизировать,VERB,Inf,,романтизировать,1
корзина,NOUN,,Gen:1,корзины,1
арифметический,ADJ,,Nom:1,арифметическое,1
зарабатывать,VERB,Fin,,зарабатывают,1
сместить,VERB,Part,,смещено,1
оэср,PROPN,,Loc:1,ОЭСР,1
благодарить,VERB,Inf,,поблагодарить,1
букет,NOUN,,Acc:1,букет,1
смутить,VERB,Fin,,смутило,1
нечетный,ADJ,,Acc:1,нечётное,1
похороны,NOUN,,Acc:1,похороны,1
поспешно,ADV,,,поспешно,1
уговаривать,VERB,Inf,,уговаривать,1
удивлять,VERB,Fin,,удивляло,1
вынести,VERB,Fin,,вынесла,1
гадать,VERB,Inf,,гадать,1
доброжелательно,ADV,,,доброжелательно,1
фейсбук,PROPN,,Nom:1,Facebook,1
переименовать,VERB,Fin,,переименовала,1
meta,PROPN,,,Meta,1
объявить,VERB,Conv,,объявив,1
поостыть,VERB,Fin,,поостыли,1
шлем,NOUN,,Nom:1,Шлемы,1
нишевой,ADJ,,Ins:1,нишевым,1
привлечь,VERB,Fin,,привлекли,1
многопользовательский,ADJ,,Nom:1,многопользовательские,1
примерка,NOUN,,Nom:1,примерки,1
обобщенно,ADV,,,обобщённо,1
надевать,VERB,Inf,,надевать,1
короткометражкажа,NOUN,,Gen:1,короткометражек,1
хромать,VERB,Fin,,хромает,1
актера,NOUN,,Nom:1,актёры,1
понравиться,VERB,Inf,,понравиться,1
вставить,VERB,Fin,,вставило,1
шедевр,NOUN,,Nom:1,шедевр,1
противопоставлять,VERB,Fin,,противопоставляю,1
некуда,ADV,,,некуда,1
занять,VERB,Part,,заняты,1
частичный,ADJ,,Acc:1,частичную,1
страшноватый,ADJ,,,страшновато,1
рубить,VERB,Inf,,рубить,1
плечо,NOUN,,Gen:1,плеча,1
поспрашивать,VERB,Fin,,поспрашиваю,1
глупый,ADJ,,,глупо,1
воображаемый,ADJ,,Nom:1,воображаемая,1
интуиция,NOUN,,Acc:1,интуиции,1
филипп,PROPN,,Gen:1,Филиппа,1
фут,PROPN,,Nom:1,Фут,1
доктрина,NOUN,,Loc:1,доктрине,1
двойной,ADJ,,Gen:1,двойного,1
неуправляемый,ADJ,,Acc:1,неуправляемый,1
направить,VERB,Inf,,направить,1
джудит,PROPN,,Nom:1,Джудит,1
джарвис,PROPN,,Nom:1,Джарвис,1
томсон,PROPN,,Nom:1,Томсон,1
1976,ADJ,,,1976,1
спасти,VERB,Inf,,спасти,1
столкнуть,VERB,Conv,,столкнув,1
рельс,NOUN,,Acc:1,рельсы,1
морально,ADV,,,морально,1
moral,PROPN,,,Moral,1
machine,PROPN,,,Machine,1
nature,PROPN,,,Nature,1
дилемма,NOUN,,Loc:1,дилеммах,1
предупреждать,VERB,Fin,,предупреждали,1
определять,VERB,Inf,,определять,1
затерять,VERB,Part,Loc:1,затерянных,1
тайный,ADJ,,Loc:1,тайных,1
археология,NOUN,,Nom:1,археология,1
атлантида,NOUN,,Nom:1,Атлантида,1
платон,PROPN,,Gen:1,Платона,1
тимя,PROPN,,,Тимей,1
критий,NOUN,,Nom:1,Критий,1
археологический,ADJ,,Gen:1,археологических,1
притча,NOUN,,Acc:1,притчу,1
сага,NOUN,,Nom:1,саги,1
плавание,NOUN,,Loc:1,плаваниях,1
гренландия,PROPN,,Ins:1,Гренландией,1
1960-й,ADJ,,Acc:1,1960-е,1
ньюфаундленд,PROPN,,Nom:1,Ньюфаундленд,1
раскопать,VERB,Part,,раскопано,1
л'анс-о-медоуз,PROPN,,Gen:1,Л'Анс-о-Медоуз,1
скандинав,NOUN,,Gen:1,скандинавов,1
северный,PROPN,,,Северной,1
америка,PROPN,,Loc:1,Америке,1
годичный,ADJ,,Gen:1,годичных,1
рубить,VERB,Fin,,рубили,1
1021,ADJ,,,1021,1
поселенец,NOUN,,Gen:1,поселенцев,1
прибытие,NOUN,,Gen:1,прибытия,1
эффектно,ADV,,,эффектно,1
передумать,VERB,Fin,,передумала,1
грузинский,ADJ,,Acc:1,грузинскую,1
застрять,VERB,Fin,,застрял,1
чаевые,NOUN,,Acc:1,чаевые,1
ливень,NOUN,,Nom:1,ливень,1
промократь,VERB,Fin,,промок,1
насквозь,ADV,,,насквозь,1
испугаться,VERB,Fin,,испугалась,1
лишиться,VERB,Fin,,лишилась,1
доезжать,VERB,Fin,,доезжаю,1
выбираться,VERB,Fin,,выбираемся,1
каршеринг,NOUN,,Dat:1,каршерингу,1
метаанализа,NOUN,,Nom:1,Метаанализы,1
улучшать,VERB,Inf,,улучшать,1
осмысленный,ADJ,,Ins:1,осмысленными,1
диаграмма,NOUN,,Nom:1,диаграмма,1
подавить,VERB,Part,Nom:1,подавленное,1
строение,NOUN,,Loc:1,строении,1
днк,NOUN,,Nom:1,ДНК,1
нуклеотид,NOUN,,Gen:1,нуклеотидов,1
кодировать,VERB,Part,Gen:1,кодирующих,1
регуляция,NOUN,,Loc:1,регуляции,1
завершить,VERB,Part,Ins:1,завершённым,1
геном,NOUN,,Gen:1,генома,1
последовательность,NOUN,,Nom:1,последовательность,1
танака,PROPN,,Gen:1,Танака,1
улетать,VERB,Fin,,улетаю,1
переезжать,VERB,Inf,,переезжать,1
итого,ADV,,,Итого,1
лен,PROPN,,Nom:1,Лен,1
будни,NOUN,,Dat:1,будням,1
логичный,ADJ,,,Логично,1
ох,INTJ,,,Ох,1
договорённость,NOUN,,Nom:1,договорённость,1
данность,NOUN,,Nom:1,данность,1
делимитация,NOUN,,Ins:1,делимитацией,1
обозначать,VERB,Fin,,обозначают,1
демаркация,NOUN,,Ins:1,демаркацией,1
хребет,NOUN,,Nom:1,хребты,1
водораздел,NOUN,,Nom:1,водоразделы,1
уточнение,NOUN,,Gen:1,уточнений,1
сместиться,VERB,Fin,,сместится,1
колония,NOUN,,Nom:1,колонии,1
1986,ADJ,,,1986,1
африканский,ADJ,,Gen:1,африканского,1
единство,NOUN,,Gen:1,единства,1
берлинский,ADJ,,Nom:1,Берлинская,1
1884,NUM,,,1884,1
1885,NUM,,,1885,1
неточно,ADV,,,неточно,1
колониальный,ADJ,,Gen:1,колониальных,1
определить,VERB,Fin,,определили,1
считаный,ADJ,,Acc:1,считаные,1
сохраняться,VERB,Inf,,сохраняться,1
запретить,VERB,Fin,,запретила,1
выпускать,VERB,Inf,,выпускать,1
ватный,ADJ,,Acc:1,ватные,1
вспенить,VERB,Part,Gen:1,вспененного,1
полистирол,NOUN,,Gen:1,полистирола,1
пусан,PROPN,,Loc:1,Пусане,1
женева,PROPN,,Loc:1,Женеве,1
возобновиеть,VERB,Part,Nom:1,возобновлённая,1
inc,PROPN,,,INC,1
5.3,NUM,,,5.3,1
организационный,ADJ,,Dat:1,организационным,1
содержательный,ADJ,,Gen:1,содержательных,1
залоговый,ADJ,,Nom:1,залоговые,1
многоразовый,ADJ,,Nom:1,многоразовая,1
тар,NOUN,,Nom:1,тара,1
пройти,VERB,Inf,,пройти,1
третьяковский,PROPN,,,Третьяковской,1
галерея,NOUN,,Dat:1,галерее,1
третьяковка,PROPN,,Nom:1,Третьяковка,1
недалеко,ADJ,,,недалеко,1
светофор,NOUN,,Acc:1,светофор,1
направо,ADV,,,направо,1
свернуть,VERB,Fin,,свернёте,1
указатель,NOUN,,Acc:1,указатели,1
пешком,ADV,,,пешком,1
разрядиться,VERB,Fin,,разрядился,1
антропология,NOUN,,Gen:1,антропологии,1
корректный,ADJ,,,корректно,1
этноцентризм,NOUN,,Nom:1,этноцентризм,1
боас,PROPN,,Nom:1,Боас,1
приветствие,NOUN,,Acc:1,приветствия,1
поклон,NOUN,,Nom:1,поклон,1
рукопожатие,NOUN,,Nom:1,рукопожатие,1
поцелуй,NOUN,,Acc:1,поцелуй,1
щека,NOUN,,Acc:1,щёку,1
сложить,VERB,Part,Acc:1,сложенные,1
ладонь,NOUN,,Acc:1,ладони,1
близость,NOUN,,Loc:1,близости,1
представлять,VERB,Inf,,представлять,1
антрополог,NOUN,,Nom:1,антропологи,1
вкладывать,VERB,Fin,,вкладывают,1
путаница,NOUN,,Dat:1,путанице,1
прочно,ADV,,,прочно,1
выставлять,VERB,Fin,,выставляют,1
аукцион,NOUN,,Loc:1,аукционах,1
мурал,NOUN,,Acc:1,муралы,1
оживление,NOUN,,Gen:1,оживления,1
коммерциализация,NOUN,,Acc:1,коммерциализацию,1
лишать,VERB,Part,Acc:1,лишающую,1
протестный,ADJ,,Gen:1,протестного,1
дух,NOUN,,Gen:1,духа,1
роспись,NOUN,,Nom:1,роспись,1
радовать,VERB,Fin,,радует,1
фасад,NOUN,,Loc:1,фасаде,1
сдавать,VERB,Inf,,сдавать,1
багаж,NOUN,,Acc:1,багаж,1
сажать,VERB,Inf,,посадить,1
литиевый,ADJ,,Gen:1,литиевых,1
посадочный,ADJ,,Nom:1,посадочный,1
проносить,VERB,Inf,,проносить,1
отличаться,VERB,Inf,,отличаться,1
тбилиси,PROPN,,Nom:1,Тбилиси,1
прятаться,VERB,Fin,,прячется,1
полуподвал,NOUN,,Loc:1,полуподвале,1
стертый,ADJ,,Gen:1,стёртых,1
ступенька,NOUN,,Gen:1,ступенек,1
шумный,ADJ,,,шумно,1
хинкали,NOUN,,Gen:1,хинкали,1
хвостик,NOUN,,Acc:1,хвостик,1
надкусить,VERB,Inf,,надкусить,1
сбоку,ADV,,,сбоку,1
доедать,VERB,Inf,,доедать,1
стекать,VERB,Fin,,стекает,1
добродушно,ADV,,,добродушно,1
по-аджарски,ADV,,,по-аджарски,1
лодочка,NOUN,,Acc:1,лодочку,1
тест,NOUN,,Gen:1,теста,1
расплавить,VERB,Part,Ins:1,расплавленным,1
полагаться,VERB,Fin,,полагается,1
перемешать,VERB,Inf,,перемешать,1
пхаль,NOUN,,Ins:1,пхали,1
сытый,VERB,Conv,,сытая,1
невозможность,NOUN,,Gen:1,невозможности,1
вред,NOUN,,Acc:1,вред,1
воз,NOUN,,Nom:1,ВОЗ,1
потреблять,VERB,Inf,,потреблять,1
ограничивать,VERB,Inf,,ограничивать,1
калорийность,NOUN,,Gen:1,калорийности,1
трансжир,NOUN,,Acc:1,трансжиры,1
жир,NOUN,,Gen:1,жиров,1
приготовление,NOUN,,Acc:1,приготовление,1
реализация,NOUN,,Nom:1,реализация,1
сверхурочный,ADJ,,Gen:1,сверхурочной,1
вступить,VERB,Fin,,вступили,1
переходный,ADJ,,Nom:1,переходный,1
лимита,NOUN,,Nom:1,лимиты,1
высказываться,VERB,Fin,,высказывались,1
осложнить,VERB,Fin,,осложнит,1
грузоперевозка,NOUN,,Acc:1,грузоперевозки,1
пузатый,ADJ,,Nom:1,пузатый,1
медный,ADJ,,Nom:1,медный,1
разжигать,VERB,Fin,,разжигают,1
шишка,NOUN,,Acc:1,шишки,1
щепка,NOUN,,Acc:1,щепки,1
петь,VERB,Inf,,петь,1
заварочный,ADJ,,Acc:1,заварочный,1
заварка,NOUN,,Nom:1,заварка,1
остывать,VERB,Fin,,остывала,1
краника,NOUN,,Gen:1,краника,1
разбавлять,VERB,Fin,,разбавляют,1
кипяток,NOUN,,Ins:1,кипятком,1
вазочка,NOUN,,Loc:1,вазочках,1
сушка,NOUN,,Nom:1,сушки,1
пить,VERB,Fin,,пьют,1
неполный,ADJ,,Ins:1,неполным,1
неспешно,ADV,,,неспешно,1
подливать,VERB,Fin,,подливают,1
принц,NOUN,,Acc:1,принца,1
упрощать,VERB,Conv,,упрощая,1
смелость,NOUN,,Loc:1,смелости,1
ностальгия,NOUN,,Nom:1,ностальгия,1
открывать,VERB,Conv,,открывая,1
тогдашний,ADJ,,Dat:1,тогдашним,1
поучать,VERB,Fin,,поучает,1
доверять,VERB,Fin,,доверяет,1
раскрываться,VERB,Fin,,раскрываются,1
волшебство,NOUN,,Nom:1,волшебство,1
перенести,VERB,Part,,перенесены,1
сохранить,VERB,Conv,,сохранив,1
23,NUM,,,23,1
8,NUM,,,8,1
сентябрь,NOUN,,Gen:1,сентября,1
эпидемиологический,ADJ,,Gen:1,эпидемиологической,1
префектура,NOUN,,Loc:1,префектурах,1
тренироваться,VERB,Fin,,тренировались,1
тестирование,NOUN,,Ins:1,тестированием,1
привычно,ADV,,,привычно,1
5-,NUM,,,5-,1
tr,PROPN,,,TR,1
мкб-,NOUN,,Loc:1,МКБ-,1
охватить,VERB,Part,Loc:1,охватившем,1
уделять,VERB,Fin,,уделяется,1
годовщина,NOUN,,Nom:1,годовщина,1
одеться,VERB,Inf,,одеться,1
тепло,ADV,,,потеплее,1
свидание,NOUN,,Loc:1,свидании,1
расстелить,VERB,Part,,расстелен,1
подготовить,VERB,Fin,,подготовил,1
познакомиться,VERB,Fin,,познакомились,1
дно,NOUN,,Loc:1,дне,1
замерзнуть,VERB,Fin,,замёрзли,1
греться,VERB,Inf,,греться,1
солянка,NOUN,,Acc:1,солянку,1
придумывать,VERB,Inf,,придумывать,1
районный,ADJ,,Nom:1,районные,1
минувший,ADJ,,Acc:1,минувшие,1
фермер,NOUN,,Nom:1,фермеры,1
заготовка,NOUN,,Acc:1,заготовки,1
выступить,VERB,Fin,,выступили,1
танцевальный,ADJ,,Nom:1,танцевальные,1
хор,NOUN,,Nom:1,хор,1
ветеран,NOUN,,Gen:1,ветеранов,1
самодеятельный,ADJ,,Gen:1,самодеятельных,1
мастер-класс,NOUN,,Gen:1,мастер-классов,1
желать,VERB,Part,Nom:1,желающие,1
гончарный,ADJ,,Loc:1,гончарном,1
плетение,NOUN,,Loc:1,плетении,1
хоровод,NOUN,,Ins:1,хороводом,1
перечисление,NOUN,,Nom:1,перечисление,1
упоминание,NOUN,,Nom:1,упоминание,1
новизня,NOUN,,Loc:1,новизне,1
посещаемость,NOUN,,Gen:1,посещаемости,1
честь,NOUN,,Acc:1,честь,1
именинник,NOUN,,Dat:1,имениннику,1
пирога,NOUN,,Acc:1,пироги,1
крестить,VERB,Fin,,крестили,1
татьянин,ADJ,,Nom:1,Татьянин,1
татьян,PROPN,,Gen:1,Татьян,1
путать,VERB,Inf,,путать,1
играть,VERB,Conv,,играя,1
дедушка,NOUN,,Ins:1,дедушкой,1
ферзь,NOUN,,Nom:1,ферзь,1
ладья,NOUN,,Gen:1,ладьи,1
слон,NOUN,,Gen:1,слона,1
конь,NOUN,,Gen:1,коня,1
пешка,NOUN,,Gen:1,пешек,1
мат,NOUN,,Acc:1,мат,1
выиграть,VERB,Inf,,выиграть,1
фиде,PROPN,,Nom:1,ФИДЕ,1
1924,ADJ,,,1924,1
инженер,NOUN,,Nom:1,инженер,1
электрик,NOUN,,Nom:1,электрик,1
карпов,PROPN,,Nom:1,Карпов,1
каспаров,PROPN,,Nom:1,Каспаров,1
крамник,PROPN,,Nom:1,Крамник,1
иметь,VERB,Conv,,имея,1
начальница,NOUN,,Acc:1,начальницу,1
высокомерный,ADJ,,Ins:1,высокомерной,1
кивок,NOUN,,Ins:1,кивком,1
заболеть,VERB,Fin,,заболела,1
уехать,VERB,Inf,,уехать,1
застенчивый,ADJ,,Nom:1,застенчивая,1
равнодушие,NOUN,,Acc:1,равнодушие,1
разговорчивый,ADJ,,Nom:1,разговорчивый,1
жирный,ADJ,,Gen:1,жирного,1
анкета,NOUN,,Acc:1,анкету,1
экспресс,NOUN,,Acc:1,экспресс,1
измерить,VERB,Fin,,измерил,1
расспросить,VERB,Fin,,расспросил,1
кресло,NOUN,,Loc:1,креслах,1
укол,NOUN,,Acc:1,укол,1
посидеть,VERB,Inf,,посидеть,1
медсестра,NOUN,,Nom:1,Медсестра,1
донация,NOUN,,Gen:1,донации,1
инспектор,NOUN,,Nom:1,инспектор,1
патрульный,ADJ,,Gen:1,патрульной,1
предъявить,VERB,Fin,,Предъявите,1
водительский,ADJ,,Acc:1,водительское,1
превысить,VERB,Fin,,превысили,1
ознакомиться,VERB,Fin,,Ознакомьтесь,1
обжалование,NOUN,,Gen:1,обжалования,1
экземпляр,NOUN,,Acc:1,экземпляр,1
внимательно,ADJ,,,внимательнее,1
впереди,ADV,,,впереди,1
расписать,VERB,Inf,,расписать,1
химчистка,NOUN,,Gen:1,химчистки,1
бассейн,NOUN,,Acc:1,бассейн,1
императрица,NOUN,,Nom:1,императрица,1
елизавета,PROPN,,Nom:1,Елизавета,1
петровна,PROPN,,Nom:1,Петровна,1
подписать,VERB,Fin,,подписала,1
торжественный,ADJ,,Nom:1,торжественное,1
вельмож,NOUN,,Gen:1,вельможи,1
шувалов,PROPN,,Gen:1,Шувалова,1
факультет,NOUN,,Gen:1,факультетов,1
гимназия,NOUN,,Gen:1,гимназии,1
необычайно,ADV,,,необычайно,1
профиль,NOUN,,Gen:1,профиля,1
татьяна,PROPN,,Gen:1,Татьяны,1
университетский,ADJ,,Ins:1,университетским,1
1940,ADJ,,,1940,1
присвоить,VERB,Fin,,присвоили,1
удерживать,VERB,Fin,,удерживает,1
перечислять,VERB,Fin,,перечисляет,1
заполнять,VERB,Inf,,заполнять,1
сдавать,VERB,Fin,,сдаёт,1
поучительный,ADJ,,Ins:1,поучительным,1
вытащить,VERB,Fin,,вытащишь,1
рыбок,NOUN,,Acc:1,рыбку,1
образный,ADJ,,Nom:1,образное,1
мораль,NOUN,,Gen:1,морали,1
беречь,VERB,Inf,,беречь,1
зеница,NOUN,,Acc:1,зеницу,1
око,NOUN,,Acc:1,ока,1
гусь,NOUN,,Gen:1,гуся,1
даля,PROPN,,Gen:1,Даля,1
группировать,VERB,Part,Gen:1,сгруппированных,1
даль,NOUN,,Nom:1,Даль,1
1862-й,ADJ,,Loc:1,1862-м,1
противопоставление,NOUN,,Loc:1,противопоставлении,1
рифма,NOUN,,Loc:1,рифме,1
здравый,ADJ,,Nom:1,здравый,1
изучать,VERB,Part,Dat:1,Изучающим,1
оборот,NOUN,,Acc:1,обороты,1
односложно,ADV,,,односложно,1
шапка,NOUN,,Nom:1,шапка,1
обижаться,VERB,Fin,,обижалась,1
настоять,VERB,Inf,,настоять,1
заканчивать,VERB,Fin,,заканчивались,1
хлопание,NOUN,,Ins:1,хлопаньем,1
вспомянуть,VERB,Inf,,вспомнить,1
потерпеть,VERB,Inf,,потерпеть,1
лезть,VERB,Fin,,лезу,1
выронить,VERB,Fin,,выронила,1
вскрытие,NOUN,,Gen:1,вскрытия,1
назло,ADV,,,назло,1
охранник,NOUN,,Nom:1,охранник,1
комплект,NOUN,,Nom:1,комплект,1
брелок,NOUN,,Nom:1,брелок,1
научиться,VERB,Inf,,научиться,1
вязать,VERB,Inf,,вязать,1
научить,VERB,Inf,,научить,1
терпение,NOUN,,Gen:1,терпения,1
рукоделие,NOUN,,Gen:1,рукоделия,1
моток,NOUN,,Acc:1,моток,1
шерстяной,ADJ,,Gen:1,шерстяной,1
пряж,NOUN,,Gen:1,пряжи,1
спица,NOUN,,Gen:1,спицы,1
видеоурка,NOUN,,Acc:1,видеоурок,1
начинать,ADJ,,Gen:1,начинающих,1
набрать,VERB,Inf,,набрать,1
затягивать,VERB,Fin,,затягивались,1
туго,ADV,,,туго,1
расползаться,VERB,Fin,,расползались,1
кривая,ADJ,,Nom:1,кривой,1
дырочка,NOUN,,Ins:1,дырочкой,1
распускать,VERB,Inf,,распускать,1
продолжать,VERB,Inf,,продолжать,1
вязать,VERB,Fin,,вяжу,1
варежка,NOUN,,Nom:1,варежки,1
узор,NOUN,,Ins:1,узором,1
ой,INTJ,,,Ой,1
костыль,NOUN,,Loc:1,костылях,1
реабилитолог,NOUN,,Ins:1,реабилитологом,1
тапочка,NOUN,,Nom:1,тапочки,1
привезти,VERB,Inf,,привезти,1
задерживаться,VERB,Inf,,задерживаться,1
поправляться,VERB,Fin,,Поправляйся,1
скучать,VERB,Fin,,скучаем,1
депо,NOUN,,Acc:1,депо,1
тормоз,NOUN,,Acc:1,тормоза,1
осматривать,VERB,Fin,,осматривает,1
вариться,VERB,Inf,,вариться,1
начальный,ADJ,,Gen:1,начальных,1
обход,NOUN,,Gen:1,обхода,1
расспрашивать,VERB,Fin,,расспрашивает,1
назначать,VERB,Fin,,назначает,1
конечный,ADJ,,Loc:1,конечной,1
заполнение,NOUN,,Nom:1,заполнение,1
ужинать,VERB,Fin,,ужинает,1
гнездование,NOUN,,Gen:1,гнездования,1
зимовка,NOUN,,Gen:1,зимовки,1
дальность,NOUN,,Dat:1,дальности,1
полярный,ADJ,,Nom:1,полярная,1
крачка,NOUN,,Nom:1,крачка,1
миниатюрный,ADJ,,Gen:1,миниатюрных,1
датчик,NOUN,,Gen:1,датчиков,1
пролетать,VERB,Inf,,пролетать,1
девяноста,NUM,,Gen:1,девяноста,1
перемещать,VERB,Conv,,перемещаясь,1
арктика,PROPN,,Ins:1,Арктикой,1
антарктика,PROPN,,Ins:1,Антарктикой,1
задокументировать,VERB,Part,Nom:1,задокументированный,1
беспосадочный,ADJ,,Nom:1,беспосадочный,1
веретенник,NOUN,,Dat:1,веретеннику,1
передатчик,NOUN,,Ins:1,передатчиком,1
пролететь,VERB,Fin,,пролетела,1
аляска,PROPN,,Gen:1,Аляски,1
тасмания,PROPN,,Gen:1,Тасмании,1
примета,NOUN,,Dat:1,приметам,1
квантовый,ADJ,,Loc:1,квантовом,1
компас,NOUN,,Loc:1,компасе,1
клюшка,NOUN,,Ins:1,клюшкой,1
1956,ADJ,,,1956,1
суперсерия,NOUN,,Acc:1,суперсерию,1
канадский,ADJ,,Gen:1,канадских,1
профессионал,NOUN,,Gen:1,профессионалов,1
канадец,NOUN,,Nom:1,канадцы,1
одержать,VERB,Fin,,одержали,1
дорожка,NOUN,,Acc:1,дорожки,1
артистизм,NOUN,,Acc:1,артистизм,1
людмила,PROPN,,Nom:1,Людмила,1
белоусов,PROPN,,Nom:1,Белоусова,1
олег,PROPN,,Nom:1,Олег,1
протопопов,PROPN,,Nom:1,Протопопов,1
парной,ADJ,,Loc:1,парном,1
резной,ADJ,,Ins:1,резными,1
наличник,NOUN,,Ins:1,наличниками,1
купол,NOUN,,Nom:1,купола,1
церковь,NOUN,,Gen:1,церквей,1
кататься,VERB,Fin,,катались,1
лошадь,NOUN,,Loc:1,лошадях,1
медовуха,NOUN,,Acc:1,медовуху,1
пригодиться,VERB,Fin,,пригодился,1
жаль,ADV,,,Жаль,1
обнимать,VERB,Fin,,Обнимаю,1
аня,PROPN,,Nom:1,Аня,1
p.,PROPN,,,P.,1
s.,PROPN,,,S.,1
открытка,PROPN,,Acc:1,Открытку,1
густой,ADJ,,Nom:1,густой,1
удочка,NOUN,,Acc:1,удочки,1
ведро,NOUN,,Nom:1,ведро,1
лодка,NOUN,,Nom:1,Лодка,1
скользить,VERB,Fin,,скользит,1
весло,NOUN,,Nom:1,вёсла,1
шуметь,VERB,Fin,,шумят,1
камыш,NOUN,,Gen:1,камышей,1
клюсти,VERB,Fin,,клюёт,1
насадить,VERB,Inf,,насадить,1
леска,NOUN,,Acc:1,леску,1
поплавок,NOUN,,Nom:1,Поплавок,1
неподвижно,ADV,,,неподвижно,1
кричать,VERB,Fin,,кричит,1
утка,NOUN,,Nom:1,утка,1
дерать,VERB,Fin,,дёргается,1
подсекать,VERB,Fin,,подсекаю,1
блестеть,VERB,Fin,,блестит,1
окунь,NOUN,,Nom:1,окунь,1
рыбина,NOUN,,Gen:1,рыбин,1
хватить,VERB,Fin,,хватит,1
улове,NOUN,,Loc:1,улове,1
топить,VERB,Fin,,топила,1
носить,VERB,Fin,,носили,1
колодец,NOUN,,Gen:1,колодца,1
кормить,VERB,Fin,,кормили,1
метель,NOUN,,Nom:1,метель,1
провожать,VERB,Fin,,провожал,1
ягода,NOUN,,Acc:1,ягоды,1
конфета,NOUN,,Acc:1,конфеты,1
обертка,NOUN,,Loc:1,обёртках,1
скука,NOUN,,Acc:1,скуку,1
скучать,VERB,Inf,,скучать,1
некогда,ADV,,,некогда,1
пластырь,NOUN,,Ins:1,пластырем,1
бинты,NOUN,,Ins:1,бинтами,1
астрономия,NOUN,,Ins:1,астрономией,1
космонавт,NOUN,,Ins:1,космонавтом,1
сбыться,VERB,Fin,,сбылось,1
оглядываться,VERB,Conv,,оглядываясь,1
заботиться,VERB,Inf,,заботиться,1
осуществиться,VERB,Fin,,осуществились,1
найтись,VERB,Inf,,найтись,1
капучино,NOUN,,Nom:1,капучино,1
ванильный,ADJ,,Nom:1,ванильный,1
карамельный,ADJ,,Nom:1,карамельный,1
ореховый,ADJ,,Nom:1,ореховый,1
чёрный,ADJ,,Nom:1,Чёрный,1
жасминовый,ADJ,,Nom:1,жасминовый,1
травяный,ADJ,,Nom:1,травяной,1
мята,NOUN,,Ins:1,мятой,1
шоколад,NOUN,,Ins:1,шоколадом,1
подогреть,VERB,Inf,,подогреть,1
шестьсот,NUM,,Nom:1,шестьсот,1
наличные,ADJ,,Ins:1,наличными,1
картай,PROPN,,Ins:1,Картой,1
вай-фай,NOUN,,Nom:1,вай-фай,1
искусствовед,NOUN,,Nom:1,искусствовед,1
бычков,PROPN,,Nom:1,Бычков,1
сергиев,PROPN,,Acc:1,Сергиев,1
посад,PROPN,,Nom:1,Посад,1
переславль,PROPN,,Acc:1,Переславль,1
залесский,PROPN,,Acc:1,Залесский,1
ростов,PROPN,,Acc:1,Ростов,1
костром,PROPN,,Acc:1,Кострому,1
иваново,PROPN,,Acc:1,Иваново,1
присоединиться,VERB,Fin,,присоединился,1
углич,PROPN,,Nom:1,Углич,1
нижегородский,PROPN,,,Нижегородской,1
тверской,ADJ,,Loc:1,Тверской,1
белокаменный,ADJ,,Nom:1,белокаменные,1
троице-сергиевый,ADJ,,Nom:1,Троице-Сергиева,1
лавра,NOUN,,Nom:1,лавра,1
каша,NOUN,,Acc:1,кашу,1
гречневый,ADJ,,Acc:1,гречневую,1
манный,ADJ,,Acc:1,манную,1
сырник,NOUN,,Acc:1,сырники,1
яичница,NOUN,,Acc:1,яичницу,1
запивать,VERB,Fin,,запивают,1
мисо,NOUN,,Gen:1,мисо,1
соленый,ADJ,,Acc:1,солёные,1
японец,NOUN,,Nom:1,японцы,1
круассан,NOUN,,Nom:1,круассан,1
джем,NOUN,,Ins:1,джемом,1
чашка,NOUN,,Nom:1,чашка,1
бекон,NOUN,,Nom:1,бекон,1
сосиска,NOUN,,Nom:1,сосиски,1
фасоль,NOUN,,Nom:1,фасоль,1
томатный,ADJ,,Loc:1,томатном,1
соус,NOUN,,Loc:1,соусе,1
сравнивать,VERB,Conv,,Сравнивая,1
впасть,VERB,Inf,,впасть,1
достаток,NOUN,,Gen:1,достатка,1
знать,VERB,Conv,,зная,1
размещать,VERB,Fin,,размещают,1
распределяться,VERB,Fin,,распределяются,1
подзаголовка,NOUN,,Nom:1,подзаголовок,1
абзац,NOUN,,Nom:1,абзац,1
лид,NOUN,,Nom:1,лид,1
кратко,ADV,,,кратко,1
высказывать,VERB,Fin,,высказывает,1
интервью,NOUN,,Acc:1,интервью,1
лида,NOUN,,Nom:1,лиды,1
уважать,ADJ,,Nom:1,Уважаемые,1
плановый,ADJ,,Gen:1,плановых,1
ремонтный,ADJ,,Gen:1,ремонтных,1
водопроводный,ADJ,,Loc:1,водопроводных,1
15,NUM,,,15,1
9,NUM,,,9,1
отключить,VERB,Part,,отключено,1
водоснабжение,NOUN,,Nom:1,водоснабжение,1
протечка,NOUN,,Gen:1,протечек,1
возобновление,NOUN,,Gen:1,возобновления,1
мутный,ADJ,,Ins:1,мутной,1
стечь,VERB,Inf,,стечь,1
вестись,VERB,Inf,,вестись,1
отнестись,VERB,Inf,,отнестись,1
управлять,VERB,Part,Gen:1,управляющей,1
стенд,NOUN,,Loc:1,стенде,1
бюро,NOUN,,Nom:1,Бюро,1
метрополитен,NOUN,,Gen:1,метрополитена,1
опишать,VERB,Fin,,Опишите,1
кожаный,ADJ,,Nom:1,кожаная,1
ремешка,NOUN,,Loc:1,ремешке,1
обложка,NOUN,,Loc:1,обложке,1
минутка,NOUN,,Acc:1,Минутку,1
пляж,NOUN,,Loc:1,пляже,1
плавать,VERB,Inf,,плавать,1
величественный,ADJ,,,величественнее,1
покорить,VERB,Part,Gen:1,покорённой,1
утомлять,VERB,Fin,,утомляет,1
грязный,ADJ,,,грязнее,1
тихо,ADJ,,,тише,1
просторный,ADJ,,,просторнее,1
куда-либо,ADV,,,куда-либо,1
жить,VERB,Conv,,живя,1
простор,NOUN,,Nom:1,простор,1
вулканически,ADV,,,вулканически,1
1996,ADJ,,,1996,1
2001,ADJ,,,2001,1
ключевской,ADJ,,Nom:1,Ключевская,1
сопка,NOUN,,Nom:1,сопка,1
"4,75",NUM,,,"4,75",1
достопримечательность,NOUN,,Gen:1,достопримечательностей,1
долина,PROPN,,Nom:1,Долина,1
гейзер,NOUN,,Gen:1,гейзеров,1
кроноцкий,PROPN,,,Кроноцком,1
заповедник,NOUN,,Loc:1,заповеднике,1
татьяной,PROPN,,Ins:1,Татьяной,1
устинова,PROPN,,Ins:1,Устиновой,1
анисифор,PROPN,,Ins:1,Анисифором,1
крупенин,PROPN,,Ins:1,Крупениным,1
2007,ADJ,,,2007,1
долина,NOUN,,Gen:1,долины,1
оползень,NOUN,,Nom:1,оползень,1
магнитуда,NOUN,,Gen:1,магнитудой,1
"8,8",NUM,,,"8,8",1
ключевский,PROPN,,Nom:1,Ключевской,1
крашенинников,PROPN,,Gen:1,Крашенинникова,1
магматический,ADJ,,Acc:1,магматическую,1
вулканический,ADJ,,Acc:1,вулканическую,1
новоселье,NOUN,,Acc:1,новоселье,1
поливать,VERB,Fin,,поливала,1
желтеть,VERB,Inf,,желтеть,1
опадать,VERB,Inf,,опадать,1
запаниковать,VERB,Fin,,запаниковала,1
заливать,VERB,Fin,,заливала,1
подсохнуть,VERB,Fin,,подсохнет,1
поддон,NOUN,,Loc:1,поддоне,1
переставить,VERB,Inf,,переставить,1
держать,VERB,Inf,,держать,1
листик,NOUN,,Acc:1,листик,1
кактус,NOUN,,Nom:1,кактус,1
суккулент,NOUN,,Gen:1,суккулентов,1
монстер,NOUN,,Nom:1,монстера,1
пересадить,VERB,Inf,,пересадить,1
будить,VERB,Fin,,будил,1
петух,NOUN,,Nom:1,петух,1
выбегать,VERB,Fin,,выбегала,1
босиком,NOUN,,Ins:1,босиком,1
доить,VERB,Fin,,доила,1
корова,NOUN,,Acc:1,корову,1
носить,VERB,Inf,,носить,1
сметана,NOUN,,Ins:1,сметаной,1
убегать,VERB,Fin,,убегала,1
купаться,VERB,Fin,,купались,1
лазить,VERB,Fin,,лазили,1
шалаша,NOUN,,Acc:1,шалаши,1
ссориться,VERB,Fin,,ссорились,1
мириться,VERB,Fin,,мирились,1
лузгать,VERB,Fin,,лузгали,1
семечко,NOUN,,Acc:1,семечки,1
едва,PART,,,едва,1
коснуться,VERB,Conv,,коснувшись,1
подушка,NOUN,,Gen:1,подушки,1
уставать,VERB,Fin,,устаю,1
госпошлина,NOUN,,Acc:1,госпошлину,1
взамен,ADP,,,взамен,1
пошлина,NOUN,,Nom:1,пошлина,1
личность,NOUN,,Gen:1,личности,1
подразделение,NOUN,,Nom:1,подразделение,1
мвд,PROPN,,Gen:1,МВД,1
превышать,VERB,Inf,,превышать,1
вкладка,NOUN,,Acc:1,вкладку,1
прокруть,VERB,Fin,,Прокрути,1
вниз,ADV,,,вниз,1
справа,ADV,,,Справа,1
сломать,VERB,Fin,,сломаешь,1
молодец,NOUN,,Nom:1,Молодец,1
отправлять,VERB,Inf,,отправлять,1
электрический,NOUN,,Nom:1,ЭЛЕКТРИЧЕСКИЙ,1
инстрюкция,NOUN,,Nom:1,ИНСТРУКЦИЯ,1
погружать,VERB,Fin,,погружайте,1
налить,VERB,Part,Acc:1,налив,1
наливать,VERB,Fin,,наливайте,1
максимальный,ADJ,,Gen:1,максимального,1
кипение,NOUN,,Loc:1,кипении,1
выплеснуться,VERB,Inf,,выплеснуться,1
присмотр,NOUN,,Gen:1,присмотра,1
налеть,VERB,Fin,,Налейте,1
щелчка,NOUN,,Gen:1,щелчка,1
индикатор,NOUN,,Nom:1,индикатор,1
закипеть,VERB,Fin,,Закипев,1
отключиться,VERB,Fin,,отключится,1
удалять,VERB,Fin,,удаляйте,1
накипь,NOUN,,Acc:1,накипь,1
предназначить,VERB,Part,Acc:1,предназначенные,1
отключить,VERB,Conv,,Отключив,1
дать,VERB,Conv,,дав,1
протрить,VERB,Fin,,протрите,1
влажный,ADJ,,Ins:1,влажной,1
чей-то,DET,,Nom:1,чей-то,1
ревновать,VERB,Fin,,ревнуем,1
злость,NOUN,,Gen:1,злости,1
стыдиться,VERB,Inf,,стыдиться,1
отравить,VERB,Inf,,отравить,1
укрепить,VERB,Inf,,укрепить,1
разрушить,VERB,Inf,,разрушить,1
ольга,PROPN,,Nom:1,Ольга,1
кофемашина,NOUN,,Acc:1,кофемашину,1
помять,VERB,Part,,помята,1
сожалеть,VERB,Fin,,сожалею,1
вскрывать,VERB,Fin,,вскрывали,1
торопиться,VERB,Fin,,торопился,1
пришлить,VERB,Fin,,пришлите,1
поврежить,VERB,Part,Acc:1,повреждённую,1
извинение,NOUN,,Acc:1,извинения,1
доставить,VERB,Part,Acc:1,доставленные,1
начислить,VERB,Fin,,начислим,1
бонусный,ADJ,,Acc:1,бонусные,1
ужасно,ADV,,,ужасно,1
смешной,ADJ,,,смешно,1
выносить,VERB,Fin,,выношу,1
увидеть,VERB,Fin,,увижу,1
зов,VERB,Fin,,зову,1
кусать,VERB,Fin,,кусают,1
наутро,ADV,,,наутро,1
осы,NOUN,,Nom:1,осы,1
ползать,VERB,Fin,,ползает,1
безобидный,ADJ,,,безобидны,1
ловить,VERB,Fin,,ловят,1
муха,NOUN,,Acc:1,мух,1
поделать,VERB,Inf,,поделать,1
бабочка,NOUN,,Acc:1,бабочек,1
божий,ADJ,,Acc:1,божьих,1
коровок,NOUN,,Acc:1,коровок,1
хоть,ADV,,,хоть,1
сарай,NOUN,,Loc:1,сарае,1
камерный,ADJ,,Acc:1,камерную,1
драма,NOUN,,Acc:1,драму,1
паромщик,NOUN,,Nom:1,паромщик,1
переправа,NOUN,,Gen:1,переправы,1
монолог,NOUN,,Nom:1,монологи,1
операторский,ADJ,,Nom:1,Операторская,1
осенний,ADJ,,Nom:1,осеннее,1
неторопливый,ADJ,,Acc:1,неторопливое,1
спецэффект,NOUN,,Loc:1,спецэффектах,1
ремонтировать,VERB,Fin,,ремонтируют,1
полицейский,NOUN,,Dat:1,полицейским,1
пожарный,NOUN,,Dat:1,пожарным,1
выплачивать,VERB,Fin,,выплачивают,1
пенсия,NOUN,,Acc:1,пенсии,1
пособие,NOUN,,Acc:1,пособия,1
финансировать,VERB,Fin,,финансируют,1
оборона,NOUN,,Acc:1,оборону,1
поступать,VERB,Fin,,поступает,1
региональный,ADJ,,Acc:1,региональные,1
испечь,VERB,Fin,,испечём,1
насыпь,NOUN,,Acc:1,насыпь,1
пятьсот,NUM,,Acc:1,пятьсот,1
чайный,ADJ,,Acc:1,чайную,1
пакетик,NOUN,,Acc:1,пакетик,1
перемешать,VERB,Fin,,перемешай,1
миллилитр,NOUN,,Gen:1,миллилитров,1
замести,VERB,Fin,,Замеси,1
месь,NOUN,,Nom:1,Меси,1
липать,VERB,Fin,,липнет,1
подсыть,VERB,Fin,,подсыпь,1
подняться,VERB,Inf,,подняться,1
обомнить,VERB,Fin,,обомни,1
сформать,VERB,Fin,,сформуй,1
буханка,NOUN,,Acc:1,буханку,1
выложить,VERB,Fin,,выложи,1
смазать,VERB,Part,Acc:1,смазанную,1
постоять,VERB,Inf,,постоять,1
разать,VERB,Fin,,Разогрей,1
духовка,NOUN,,Acc:1,духовку,1
выпекать,VERB,Fin,,выпекай,1
корочка,NOUN,,Nom:1,корочка,1
зарумяниться,VERB,Fin,,зарумянится,1
режь,NOUN,,Acc:1,режь,1
