lemma,upos,lexical_class
qr-код,NOUN,everyday
а,CCONJ,general
а,INTJ,general
аббревиатура,NOUN,general
абзац,NOUN,specialized
абитуриент,NOUN,general
абонемент,NOUN,specialized
абонентский,ADJ,everyday
абсолютно,ADV,general
абсолютный,ADJ,general
абстрактный,ADJ,specialized
авангард,NOUN,specialized
аварийка,NOUN,everyday
аварийный,ADJ,everyday
авария,NOUN,general
август,NOUN,general
авиаперелёт,NOUN,specialized
австралия,PROPN,general
автобус,NOUN,everyday
автобусный,ADJ,everyday
автовокзал,NOUN,everyday
автодром,NOUN,everyday
автокатастрофа,NOUN,specialized
автомат,NOUN,general
автоматизация,NOUN,general
автоматизировать,VERB,general
автоматически,ADV,general
автоматический,ADJ,general
автомобиль,NOUN,general
автомобильный,ADJ,general
автономия,NOUN,specialized
автономность,NOUN,specialized
автономный,ADJ,everyday
автор,NOUN,general
авторитет,NOUN,general
авторский,ADJ,general
авторство,NOUN,general
автошкола,NOUN,everyday
агата,PROPN,everyday
агент,NOUN,general
агентство,NOUN,general
агностицизм,NOUN,specialized
агрегатный,ADJ,specialized
адаптация,NOUN,general
адаптировать,VERB,specialized
адаптироваться,VERB,specialized
административный,ADJ,specialized
администратор,NOUN,general
администрация,NOUN,general
адрес,NOUN,everyday
адресат,NOUN,everyday
адресный,ADJ,general
азбука,NOUN,specialized
азия,PROPN,specialized
азовский,ADJ,everyday
айтишник,NOUN,general
академический,ADJ,general
аквариум,NOUN,specialized
аккаунт,NOUN,general
аккорд,NOUN,everyday
аккумулятор,NOUN,general
аккумуляторный,ADJ,everyday
аккуратно,ADV,everyday
аккуратный,ADJ,general
акробат,NOUN,everyday
аксессуар,NOUN,everyday
акт,NOUN,everyday
актив,NOUN,general
активация,NOUN,specialized
активно,ADV,general
активность,NOUN,general
активный,ADJ,general
актовый,ADJ,general
актор,NOUN,specialized
актриса,NOUN,everyday
актуальность,NOUN,general
актуальный,ADJ,general
актёр,NOUN,specialized
актёрский,ADJ,general
акустика,NOUN,specialized
акцент,NOUN,general
акция,NOUN,general
алгебра,NOUN,general
алгоритм,NOUN,specialized
александр,PROPN,general
алексей,PROPN,general
алиса,PROPN,everyday
алкоголь,NOUN,everyday
аллергия,NOUN,general
аллерголог,NOUN,general
алло,INTJ,everyday
алфавит,NOUN,specialized
алфавитный,ADJ,specialized
альбом,NOUN,general
альмагест,PROPN,specialized
альпийский,ADJ,everyday
альпы,PROPN,specialized
альтернатива,NOUN,everyday
альтернативный,ADJ,general
аляска,PROPN,everyday
амазонка,PROPN,specialized
америка,PROPN,general
американский,ADJ,general
аминогруппа,NOUN,specialized
аминокислота,NOUN,specialized
амурский,ADJ,everyday
анализ,NOUN,general
аналитик,NOUN,general
аналог,NOUN,general
аналогичный,ADJ,everyday
аналогия,NOUN,specialized
анастасия,PROPN,everyday
ангел,NOUN,everyday
английский,ADJ,general
англицизм,NOUN,specialized
андреевна,PROPN,everyday
андрей,PROPN,everyday
анды,PROPN,specialized
анекдот,NOUN,everyday
аниматор,NOUN,everyday
анимация,NOUN,specialized
аниме,NOUN,general
анисифор,PROPN,everyday
анкета,NOUN,general
анна,PROPN,general
ансамбль,NOUN,specialized
антарктика,PROPN,everyday
антибиотик,NOUN,general
антикафе,NOUN,everyday
античный,ADJ,specialized
антоновка,NOUN,everyday
антоновка,PROPN,everyday
антракт,NOUN,everyday
антресоль,NOUN,everyday
антрополог,NOUN,specialized
антропология,NOUN,specialized
аня,PROPN,everyday
апелляционный,ADJ,general
апельсин,NOUN,everyday
аплодировать,VERB,specialized
аплодисменты,NOUN,general
аполлон,PROPN,specialized
аппарат,NOUN,general
апрель,NOUN,general
аптека,NOUN,everyday
аптечка,NOUN,everyday
арабский,ADJ,general
арбитр,NOUN,everyday
аргентина,PROPN,general
аргентинец,NOUN,general
аргумент,NOUN,general
аргументировать,VERB,general
арена,NOUN,general
аренда,NOUN,general
арендный,ADJ,everyday
арест,NOUN,general
аристотель,PROPN,specialized
арифметический,ADJ,general
арка,NOUN,everyday
аркадий,PROPN,everyday
арктика,PROPN,everyday
армия,NOUN,general
аромат,NOUN,general
ароматный,ADJ,everyday
артель,NOUN,specialized
артист,NOUN,general
артистизм,NOUN,everyday
археолог,NOUN,specialized
археологический,ADJ,specialized
археология,NOUN,specialized
архетипический,ADJ,specialized
архимед,PROPN,specialized
архитектура,NOUN,specialized
аскет,NOUN,general
аскетизм,NOUN,everyday
ассортимент,NOUN,everyday
ассоциироваться,VERB,everyday
астма,NOUN,general
астрахань,PROPN,everyday
астроном,NOUN,specialized
астрономический,ADJ,specialized
астрономия,NOUN,general
астрофизический,ADJ,specialized
асфальт,NOUN,everyday
атаковать,VERB,everyday
атеизм,NOUN,specialized
атлантида,NOUN,specialized
атлетика,NOUN,everyday
атман,NOUN,specialized
атмосфера,NOUN,general
атмосферный,ADJ,specialized
атом,NOUN,specialized
атомный,ADJ,specialized
аттестат,NOUN,general
аттестация,NOUN,general
аттракцион,NOUN,everyday
аудиогид,NOUN,everyday
аудиозапись,NOUN,general
аудитория,NOUN,general
аукцион,NOUN,specialized
аутентификация,NOUN,general
афанасьев,PROPN,specialized
афин,PROPN,specialized
африка,PROPN,specialized
африканский,ADJ,specialized
ахматов,PROPN,specialized
ахнуть,VERB,everyday
аш,PROPN,specialized
аша,PROPN,specialized
аэроклуб,NOUN,specialized
аэропорт,NOUN,everyday
баба-яга,PROPN,specialized
бабочка,NOUN,everyday
бабушка,NOUN,everyday
багаж,NOUN,everyday
багажный,ADJ,everyday
база,NOUN,general
базаров,PROPN,everyday
базилик,NOUN,everyday
базовый,ADJ,general
байдарка,NOUN,everyday
байкал,PROPN,specialized
бактерия,NOUN,general
балалайка,NOUN,specialized
баланс,NOUN,general
балет,NOUN,specialized
балканы,PROPN,specialized
балкон,NOUN,everyday
балл,NOUN,general
баллада,NOUN,everyday
баллистический,ADJ,specialized
баллон,NOUN,everyday
банально,ADJ,everyday
банальный,ADJ,everyday
банк,NOUN,general
банка,NOUN,everyday
банковский,ADJ,general
банкомат,NOUN,general
бантик,NOUN,everyday
баня,NOUN,everyday
бар,NOUN,everyday
барабан,NOUN,general
барабанный,ADJ,everyday
барашек,NOUN,everyday
баржа,NOUN,specialized
бариста,NOUN,general
барон,PROPN,everyday
баррэ,NOUN,everyday
бас,NOUN,everyday
баскетбол,NOUN,everyday
баскетболист,NOUN,everyday
бассейн,NOUN,everyday
батарея,NOUN,general
батон,NOUN,general
бахила,NOUN,general
башня,NOUN,general
бег,NOUN,everyday
бегать,VERB,everyday
беглый,ADJ,specialized
беда,NOUN,general
бедность,NOUN,general
бедный,ADJ,general
бедствие,NOUN,specialized
бежать,VERB,general
бежевый,ADJ,everyday
беженец,NOUN,specialized
без,ADP,general
безбожно,ADV,everyday
безденежье,NOUN,everyday
бездомный,ADJ,everyday
бездумный,ADJ,everyday
безналичный,ADJ,general
безобидный,ADJ,everyday
безопасно,ADV,everyday
безопасность,NOUN,general
безопасность,PROPN,general
безопасный,ADJ,general
безработица,NOUN,general
безударный,ADJ,specialized
безумие,NOUN,specialized
безусловно,ADV,general
безусловный,ADJ,general
бекон,NOUN,everyday
белок,NOUN,general
белокаменный,ADJ,everyday
белоруссия,PROPN,everyday
белорусский,ADJ,general
белоусов,PROPN,everyday
белый,ADJ,general
бельё,NOUN,everyday
бензин,NOUN,everyday
бензиновый,ADJ,general
бензобак,NOUN,general
бергамот,NOUN,everyday
берег,NOUN,everyday
берестяной,ADJ,specialized
беречь,VERB,everyday
берлинский,ADJ,specialized
берёза,NOUN,general
берёзовый,ADJ,everyday
бесить,VERB,everyday
бесконечно,ADV,general
бесконечный,ADJ,general
беспилотный,ADJ,everyday
бесплатно,ADV,everyday
бесплатный,ADJ,general
беспозвоночное,NOUN,specialized
беспокоить,VERB,general
беспокойство,NOUN,general
беспомощность,NOUN,everyday
беспорядок,NOUN,everyday
беспосадочный,ADJ,everyday
беспроводной,ADJ,everyday
беспроводный,ADJ,everyday
бессмертный,PROPN,specialized
бессмысленный,ADJ,general
бессонный,ADJ,general
бесспорный,ADJ,specialized
бесцельно,ADV,everyday
бесчисленный,ADJ,general
бетон,NOUN,everyday
библейский,ADJ,specialized
библиографический,ADJ,general
библиотека,NOUN,general
библиотекарь,NOUN,general
библиотечный,ADJ,everyday
бизнес,NOUN,general
билет,NOUN,everyday
билингв,NOUN,specialized
билингвизм,NOUN,specialized
бинт,NOUN,everyday
биография,NOUN,specialized
биологический,ADJ,specialized
биология,NOUN,general
биосигнатура,NOUN,specialized
биржа,NOUN,general
бирка,NOUN,everyday
битва,NOUN,everyday
биткоин,NOUN,general
бить,VERB,everyday
благо,NOUN,everyday
благодарить,VERB,everyday
благодарность,NOUN,general
благодарный,ADJ,general
благодаря,ADP,general
благополучие,NOUN,general
благополучно,ADV,specialized
благоприятный,ADJ,specialized
благотворительность,NOUN,everyday
благотворительный,ADJ,general
блаженный,PROPN,everyday
бланк,NOUN,everyday
бледный,ADJ,everyday
блестеть,VERB,everyday
блестящий,ADJ,everyday
ближайший,ADJ,general
ближний,ADJ,general
близ,ADP,general
близкий,ADJ,general
близко,ADV,general
близнец,NOUN,specialized
близость,NOUN,general
блин,NOUN,everyday
блинчик,NOUN,everyday
блогер,NOUN,general
блок,NOUN,general
блокировать,VERB,general
блокнот,NOUN,everyday
блошиный,ADJ,everyday
блузка,NOUN,everyday
блюдо,NOUN,everyday
блёстка,NOUN,everyday
боас,PROPN,specialized
бобёр,NOUN,everyday
бог,NOUN,general
бог,PROPN,general
богатеть,VERB,everyday
богатый,ADJ,general
богослужение,NOUN,everyday
бодро,ADV,general
боевой,ADJ,general
божий,ADJ,everyday
бой,NOUN,general
бойлер,NOUN,everyday
бок,NOUN,everyday
бокал,NOUN,everyday
боковой,ADJ,everyday
болгария,PROPN,everyday
болгарский,ADJ,specialized
более,ADV,general
болезненный,ADJ,general
болезнетворный,ADJ,specialized
болезнь,NOUN,general
болельщик,NOUN,everyday
болеть,VERB,general
болото,NOUN,specialized
болтать,VERB,general
боль,NOUN,general
больница,NOUN,general
больничный,ADJ,general
больно,ADV,general
больше,ADV,general
больший,ADJ,general
большинство,NOUN,general
большой,ADJ,general
большой,PROPN,general
болячка,NOUN,general
бонапарт,PROPN,specialized
бонус,NOUN,everyday
бонусный,ADJ,general
борис,PROPN,general
борода,NOUN,everyday
бороться,VERB,general
борт,NOUN,everyday
бортик,NOUN,everyday
борьба,NOUN,general
босиком,ADV,everyday
ботвинник,PROPN,everyday
ботинок,NOUN,everyday
боулби,PROPN,specialized
бояться,VERB,general
брак,NOUN,general
браконьерство,NOUN,everyday
брасс,NOUN,everyday
брат,NOUN,everyday
брать,VERB,everyday
браться,VERB,general
брачный,ADJ,specialized
бревно,NOUN,everyday
брелок,NOUN,everyday
бригада,NOUN,general
бриллиантовый,ADJ,everyday
британский,ADJ,general
бровь,NOUN,everyday
брод,NOUN,specialized
бродить,VERB,everyday
броненосец,NOUN,specialized
бронза,NOUN,everyday
бронзовый,ADJ,general
бронирование,NOUN,general
бронировать,VERB,everyday
бронь,NOUN,everyday
броня,NOUN,everyday
бросать,VERB,general
бросаться,VERB,general
бросить,VERB,general
брусника,NOUN,everyday
брюки,NOUN,everyday
брюмер,NOUN,specialized
брючный,ADJ,everyday
бугристый,ADJ,specialized
буддизм,NOUN,specialized
буддийский,ADJ,everyday
будильник,NOUN,everyday
будить,VERB,everyday
будни,NOUN,everyday
будний,ADJ,general
будто,PART,general
будто,SCONJ,general
будущее,NOUN,general
будущий,ADJ,general
буква,NOUN,general
буквально,ADV,everyday
буквальный,ADJ,general
букет,NOUN,general
булавка,NOUN,everyday
булгаков,PROPN,general
булгаковский,ADJ,specialized
булочная,NOUN,everyday
булькать,VERB,everyday
бульон,NOUN,everyday
бумага,NOUN,general
бумажка,NOUN,general
бумажный,ADJ,general
бунтовать,VERB,specialized
бурлак,NOUN,specialized
бурлить,VERB,everyday
бурно,ADV,everyday
бутерброд,NOUN,everyday
бутылка,NOUN,general
буфет,NOUN,everyday
буханка,NOUN,everyday
бухгалтер,NOUN,everyday
бухгалтерия,NOUN,general
бухгалтерша,NOUN,general
бы,AUX,general
бы,PART,general
бывать,VERB,general
бывший,ADJ,general
быстро,ADV,general
быстрорастущий,ADJ,general
быстрый,ADJ,general
быт,NOUN,general
бытовой,ADJ,general
быть,AUX,general
быть,VERB,general
бычков,PROPN,everyday
бюджет,NOUN,general
бюллетень,NOUN,everyday
бюро,NOUN,everyday
бюро,PROPN,general
в,ADP,general
в-третьих,ADV,general
вавилонский,ADJ,specialized
вагон,NOUN,everyday
вагонетка,NOUN,specialized
важный,ADJ,general
вазочка,NOUN,everyday
вай-фай,NOUN,everyday
вайнрайх,PROPN,specialized
вакансия,NOUN,general
вакуумный,ADJ,everyday
вакцина,NOUN,general
вакцинация,NOUN,general
валдайский,PROPN,everyday
валенок,NOUN,everyday
валентина,PROPN,general
валика,NOUN,everyday
валиться,VERB,everyday
валовой,ADJ,general
валюта,NOUN,general
валютный,ADJ,general
валяться,VERB,everyday
ваниль,NOUN,everyday
ванильный,ADJ,everyday
ванна,NOUN,specialized
ванная,NOUN,everyday
варежка,NOUN,everyday
варенье,NOUN,everyday
вариант,NOUN,general
варить,VERB,general
вариться,VERB,general
варьироваться,VERB,general
варёный,ADJ,everyday
василий,PROPN,everyday
васильевич,PROPN,everyday
вата,NOUN,everyday
ватикан,PROPN,specialized
ватный,ADJ,general
ваш,DET,general
вбрасывание,NOUN,everyday
введение,NOUN,general
вверх,ADV,everyday
ввести,VERB,general
вводить,VERB,general
ввозить,VERB,everyday
вглубь,ADV,specialized
вдавить,VERB,everyday
вдаль,ADV,general
вдвое,ADV,everyday
вдоль,ADP,general
вдохновение,NOUN,everyday
вдохновить,VERB,specialized
вдруг,ADV,everyday
вдыхать,VERB,everyday
веганка,NOUN,everyday
ведомство,NOUN,general
ведро,NOUN,everyday
ведущий,ADJ,general
ведущий,NOUN,everyday
ведь,PART,general
ведь,SCONJ,general
ведьма,NOUN,specialized
вежливо,ADV,general
вежливость,NOUN,everyday
везде,ADV,everyday
везти,VERB,everyday
везувия,PROPN,specialized
век,NOUN,general
великий,ADJ,general
великобритания,PROPN,general
величественный,ADJ,everyday
величина,NOUN,general
велодорожка,NOUN,everyday
велосипед,NOUN,everyday
велосипедист,NOUN,everyday
вельможа,NOUN,specialized
венеция,PROPN,general
веник,NOUN,everyday
венская,PROPN,specialized
вентиляция,NOUN,everyday
венчик,NOUN,everyday
вера,NOUN,general
вера,PROPN,everyday
веранда,NOUN,everyday
верба,NOUN,everyday
веретенник,NOUN,everyday
верить,VERB,general
верность,NOUN,general
вернуть,VERB,general
вернуться,VERB,general
верный,ADJ,general
вероника,NOUN,everyday
вероника,PROPN,everyday
вероятно,ADV,general
вероятность,NOUN,general
версия,NOUN,general
верующий,NOUN,specialized
верхний,ADJ,general
верховенство,NOUN,specialized
верховный,ADJ,general
вершина,NOUN,general
верёвка,NOUN,general
вес,NOUN,general
веселиться,VERB,everyday
весло,NOUN,everyday
весна,NOUN,everyday
веснушка,NOUN,everyday
вести,VERB,general
вестибюль,NOUN,everyday
вестись,VERB,everyday
весы,NOUN,everyday
весь,DET,general
весь,PRON,general
весёлый,ADJ,general
ветвистый,ADJ,specialized
ветвь,NOUN,specialized
ветер,NOUN,everyday
ветеран,NOUN,general
ветеринар,NOUN,general
ветеринарный,ADJ,everyday
ветка,NOUN,everyday
ветреный,ADJ,general
ветряной,ADJ,specialized
ветшать,VERB,everyday
веха,NOUN,specialized
вечер,NOUN,everyday
вечеринка,NOUN,everyday
вечерний,ADJ,general
вечно,ADV,everyday
вечный,ADJ,general
вешалка,NOUN,everyday
вешать,VERB,everyday
вещество,NOUN,general
вещь,NOUN,everyday
вживую,ADV,everyday
взаимно,ADV,general
взаимный,ADJ,general
взаимодействие,NOUN,general
взаимодействовать,VERB,general
взаимозависимость,NOUN,specialized
взаимопонимание,NOUN,specialized
взамен,ADP,general
взбивать,VERB,everyday
взбить,VERB,everyday
взвесить,VERB,general
взвести,VERB,everyday
взвешивать,VERB,specialized
взвешиваться,VERB,general
взволнованно,ADV,everyday
взгляд,NOUN,general
взглянуть,VERB,everyday
вздрагивать,VERB,everyday
вздумать,VERB,everyday
взлететь,VERB,everyday
взломать,VERB,general
взлёт,NOUN,everyday
взнос,NOUN,general
взорваться,VERB,everyday
взрослый,ADJ,general
взрослый,NOUN,general
взрываться,VERB,everyday
взятие,NOUN,everyday
взятка,NOUN,everyday
вибрировать,VERB,general
вид,NOUN,general
видео,NOUN,general
видеоассистент,NOUN,everyday
видеозвонок,NOUN,general
видеоигра,NOUN,general
видеонаблюдение,NOUN,everyday
видеоплатформа,NOUN,specialized
видеопроекция,NOUN,specialized
видеоролик,NOUN,general
видеосвязь,NOUN,everyday
видеоурок,NOUN,everyday
видеть,VERB,general
видеться,VERB,everyday
видимо,ADV,general
видимость,NOUN,specialized
видимый,ADJ,specialized
видно,ADV,general
видный,ADJ,everyday
виза,NOUN,everyday
византийский,ADJ,specialized
византия,PROPN,specialized
визит,NOUN,general
визуальный,ADJ,specialized
виктор,PROPN,general
виктория,PROPN,everyday
викторович,PROPN,general
вилок,NOUN,everyday
вина,NOUN,general
виноватый,ADJ,general
винт,NOUN,everyday
виртуальный,ADJ,general
вирус,NOUN,general
вирусный,ADJ,general
висеть,VERB,everyday
висок,NOUN,general
високосный,ADJ,specialized
витамин,NOUN,everyday
виток,NOUN,specialized
витрина,NOUN,general
витрувия,PROPN,specialized
вишня,NOUN,everyday
вклад,NOUN,general
вкладка,NOUN,general
вкладывать,VERB,specialized
включать,VERB,general
включаться,VERB,general
включая,ADV,general
включение,NOUN,general
включительно,ADV,everyday
включить,VERB,general
вкус,NOUN,general
вкусный,ADJ,everyday
влага,NOUN,everyday
владелец,NOUN,general
владение,NOUN,specialized
владеть,VERB,general
владивосток,PROPN,general
владивостокский,ADJ,specialized
владимир,PROPN,general
владимирский,PROPN,specialized
владычество,NOUN,specialized
влажность,NOUN,specialized
влажный,ADJ,general
власть,NOUN,general
влезть,VERB,everyday
влияние,NOUN,general
влиятельный,ADJ,specialized
влиять,VERB,general
вложение,NOUN,everyday
вложить,VERB,general
влюбиться,VERB,everyday
вместе,ADV,general
вместо,ADP,general
вмешательство,NOUN,specialized
вне,ADP,general
внедрить,VERB,specialized
внезапно,ADV,general
внезапный,ADJ,general
внесение,NOUN,everyday
внести,VERB,general
внеучебный,ADJ,general
внешний,ADJ,general
внешность,NOUN,general
вниз,ADV,general
внизу,ADV,general
внимание,NOUN,general
внимательно,ADJ,everyday
внимательно,ADV,general
внимательный,ADJ,general
вничью,ADV,everyday
вновь,ADV,general
вносить,VERB,general
внук,NOUN,everyday
внутренне,ADV,general
внутренний,ADJ,general
внутри,ADV,general
внутрь,ADV,everyday
во-вторых,ADV,general
во-первых,ADV,general
вобрать,VERB,specialized
вовлечённость,NOUN,general
вовремя,ADV,general
вовсе,ADV,general
вода,NOUN,everyday
водитель,NOUN,general
водительский,ADJ,everyday
водить,VERB,everyday
водный,ADJ,everyday
водолазка,NOUN,everyday
водопад,NOUN,everyday
водопроводный,ADJ,everyday
водораздел,NOUN,specialized
водоросль,NOUN,everyday
водоснабжение,NOUN,everyday
водохранилище,NOUN,everyday
водоём,NOUN,everyday
водяной,ADJ,specialized
военнослужащий,NOUN,everyday
военный,ADJ,general
вождение,NOUN,everyday
воз,NOUN,everyday
воз,PROPN,general
возбуждение,NOUN,everyday
возводить,VERB,specialized
возврат,NOUN,general
возвращать,VERB,general
возвращаться,VERB,general
возвращение,NOUN,general
возвышенность,NOUN,everyday
возглавить,VERB,specialized
воздействовать,VERB,specialized
воздух,NOUN,general
воздушный,ADJ,general
возле,ADP,general
возмещение,NOUN,general
возможно,ADV,general
возможность,NOUN,general
возможный,ADJ,general
возмущаться,VERB,specialized
вознаграждение,NOUN,general
возникать,VERB,general
возникновение,NOUN,specialized
возникнуть,VERB,specialized
возня,NOUN,everyday
возобновить,VERB,general
возобновление,NOUN,everyday
возобновлять,VERB,everyday
возражать,VERB,general
возражение,NOUN,everyday
возразить,VERB,everyday
возраст,NOUN,general
возрастание,NOUN,specialized
возрастать,VERB,specialized
возрасти,VERB,everyday
возрастной,ADJ,specialized
возрождение,NOUN,general
воистину,ADV,everyday
войлочный,ADJ,everyday
война,NOUN,general
войско,NOUN,specialized
войти,VERB,general
вокзал,NOUN,general
вокруг,ADP,general
вокруг,ADV,general
волга,NOUN,everyday
волга,PROPN,everyday
волго-донский,ADJ,everyday
волговерховье,PROPN,everyday
волгоград,PROPN,everyday
волейбол,NOUN,general
волжский,ADJ,everyday
волна,NOUN,general
волнение,NOUN,general
волновать,VERB,general
волноваться,VERB,general
волокно,NOUN,general
волонтёр,NOUN,general
волонтёрский,ADJ,specialized
волос,NOUN,everyday
волощан,PROPN,specialized
волшебный,ADJ,specialized
волшебство,NOUN,specialized
вольер,NOUN,general
вольера,NOUN,everyday
вольный,ADJ,everyday
вольт,NOUN,specialized
воля,NOUN,general
вон,PART,general
воображаемый,ADJ,specialized
вообще,ADV,general
вооружённый,ADJ,specialized
воплощение,NOUN,specialized
вопрос,NOUN,general
вопросительный,ADJ,everyday
воркейшн,NOUN,everyday
воробей,NOUN,everyday
ворона,NOUN,everyday
воронов,PROPN,everyday
ворота,NOUN,everyday
ворчать,VERB,specialized
восемнадцатый,ADJ,specialized
восемнадцать,NUM,general
восемь,NUM,general
восемьдесят,NUM,general
воскресенье,NOUN,everyday
воскреснуть,VERB,everyday
воспитание,NOUN,general
воспитатель,NOUN,everyday
восполнять,VERB,specialized
воспоминание,NOUN,general
воспринимать,VERB,general
восприятие,NOUN,general
воспроизвести,VERB,general
воссоздавать,VERB,everyday
восстанавливать,VERB,specialized
восстановить,VERB,general
восстановление,NOUN,general
восток,NOUN,general
восток,PROPN,general
восторг,NOUN,everyday
восточнославянский,ADJ,specialized
восточнохристианский,ADJ,specialized
восточный,ADJ,general
востребованный,ADJ,general
восход,NOUN,specialized
восходить,VERB,specialized
восхождение,NOUN,everyday
восьмой,ADJ,general
вот,PART,general
вот-вот,ADV,everyday
впадать,VERB,everyday
впасть,VERB,everyday
впервые,ADV,general
впереди,ADP,general
впереди,ADV,everyday
вперёд,ADV,general
впечатление,NOUN,general
впитывать,VERB,everyday
вполне,ADV,general
впоследствии,ADV,general
вправе,ADV,general
впрочем,ADV,everyday
впустую,ADV,general
враждовать,VERB,everyday
вратарь,NOUN,everyday
врач,NOUN,general
вращаться,VERB,general
вращение,NOUN,specialized
вред,NOUN,general
вредитель,NOUN,general
вредный,ADJ,general
врезаться,VERB,everyday
временно,ADV,general
временный,ADJ,everyday
время,NOUN,general
вроде,ADP,general
вроде,ADV,general
врождённый,ADJ,specialized
вряд,ADV,general
все,PART,general
все,PRON,general
все-таки,PART,general
всегда,ADV,general
всего,PART,general
всемирный,ADJ,general
всенародный,ADJ,general
всерьёз,ADV,general
вскоре,ADV,everyday
вскрикнуть,VERB,specialized
вскрывать,VERB,general
вскрытие,NOUN,everyday
вслед,ADV,general
вслух,ADV,general
вспахивать,VERB,general
вспенить,VERB,general
всплывать,VERB,general
вспоминать,VERB,general
вспомогательный,ADJ,general
вспомянуть,VERB,everyday
вспотеть,VERB,everyday
вспышка,NOUN,general
вставать,VERB,everyday
вставить,VERB,general
встать,VERB,everyday
встраивать,VERB,general
встретить,VERB,everyday
встретиться,VERB,everyday
встреча,NOUN,general
встречать,VERB,general
встречаться,VERB,general
встроить,VERB,general
вступать,VERB,specialized
вступить,VERB,general
вступление,NOUN,general
всякий,DET,general
втискиваться,VERB,everyday
втиснуть,VERB,everyday
вторжение,NOUN,general
вторичный,ADJ,everyday
вторник,NOUN,general
второй,ADJ,general
второстепенный,ADJ,specialized
втроём,ADV,everyday
втянуться,VERB,general
вуз,NOUN,general
вулкан,NOUN,everyday
вулканически,ADV,general
вулканический,ADJ,everyday
вход,NOUN,everyday
входить,VERB,everyday
входной,ADJ,everyday
вчера,ADV,everyday
вчерашний,ADJ,general
вчетвером,ADV,everyday
въезд,NOUN,general
въехать,VERB,everyday
вы,PRON,general
выбегать,VERB,everyday
выбежать,VERB,everyday
выбирать,VERB,general
выбираться,VERB,everyday
выбить,VERB,everyday
выбор,NOUN,general
выборы,NOUN,general
выбрасывать,VERB,general
выбрать,VERB,general
выбраться,VERB,general
выброс,NOUN,general
выбросить,VERB,everyday
выверить,VERB,general
вывеска,NOUN,specialized
вывести,VERB,general
вывод,NOUN,general
выводить,VERB,specialized
вывоз,NOUN,everyday
выглядеть,VERB,general
выговориться,VERB,everyday
выгода,NOUN,specialized
выгодный,ADJ,general
выгонять,VERB,everyday
выгорание,NOUN,general
выгореть,VERB,everyday
выготский,PROPN,specialized
выгулять,VERB,everyday
выдавать,VERB,general
выдать,VERB,general
выдача,NOUN,everyday
выдвигать,VERB,specialized
выделить,VERB,general
выделиться,VERB,general
выделять,VERB,specialized
выдержать,VERB,everyday
выдерживать,VERB,specialized
выдохнуть,VERB,everyday
выдра,NOUN,everyday
выдумка,NOUN,everyday
выдумывать,VERB,everyday
выдыхать,VERB,everyday
выезд,NOUN,everyday
выезжать,VERB,everyday
выехать,VERB,everyday
вызвать,VERB,general
вызывать,VERB,general
выиграть,VERB,everyday
выигрывать,VERB,general
выйти,VERB,general
выкладывать,VERB,everyday
выключатель,NOUN,everyday
выключать,VERB,general
выключить,VERB,everyday
вылавливать,VERB,everyday
вылет,NOUN,everyday
вылететь,VERB,general
вылиться,VERB,everyday
выложить,VERB,everyday
вымысел,NOUN,specialized
вымыслить,VERB,general
вымышленный,ADJ,general
вынести,VERB,general
вынимать,VERB,general
вынос,NOUN,everyday
выносить,VERB,everyday
вынудить,VERB,general
вынужденно,ADV,specialized
вынужденный,ADJ,everyday
выпадать,VERB,specialized
выпасть,VERB,everyday
выпекать,VERB,everyday
выписать,VERB,general
выписка,NOUN,general
выпить,VERB,everyday
выплата,NOUN,general
выплатить,VERB,general
выплачивать,VERB,general
выплачиваться,VERB,general
выплеснуться,VERB,general
выполнить,VERB,general
выполнять,VERB,general
выпуск,NOUN,general
выпускать,VERB,general
выпускник,NOUN,general
выпускной,ADJ,everyday
выпустить,VERB,general
вырабатывать,VERB,specialized
выработать,VERB,general
выражать,VERB,general
выражение,NOUN,general
выразительность,NOUN,specialized
выразить,VERB,general
вырастать,VERB,general
вырасти,VERB,general
вырастить,VERB,everyday
выращивание,NOUN,general
выращивать,VERB,everyday
вырезать,VERB,everyday
выровняться,VERB,everyday
выронить,VERB,everyday
выручать,VERB,general
выручить,VERB,general
выручка,NOUN,general
вырываться,VERB,specialized
вырыть,VERB,general
высказывание,NOUN,general
высказывать,VERB,specialized
высказываться,VERB,general
выскочить,VERB,general
высокий,ADJ,general
высоко,ADV,everyday
высоковольтный,ADJ,specialized
высокогорный,ADJ,specialized
высококвалифицированный,ADJ,specialized
высокомерный,ADJ,everyday
высота,NOUN,everyday
высохнуть,VERB,general
выставить,VERB,everyday
выставка,NOUN,general
выставлять,VERB,specialized
выставочный,ADJ,specialized
выстраивать,VERB,specialized
выстраиваться,VERB,everyday
выстроить,VERB,specialized
выстроиться,VERB,everyday
выступ,NOUN,specialized
выступать,VERB,general
выступить,VERB,general
выступление,NOUN,everyday
высший,ADJ,general
высыпать,VERB,everyday
высыпаться,VERB,general
вытащить,VERB,general
вытеснить,VERB,general
вытянуть,VERB,everyday
выучить,VERB,general
выхлоп,NOUN,general
выхлопной,ADJ,general
выход,NOUN,everyday
выходить,VERB,general
выходной,ADJ,everyday
выходной,NOUN,everyday
вычерпывать,VERB,everyday
вычет,NOUN,everyday
вычисление,NOUN,specialized
вычёсывать,VERB,everyday
выявление,NOUN,general
выяснить,VERB,general
выясниться,VERB,general
выяснять,VERB,general
вязать,VERB,everyday
вяло,ADV,everyday
гавайский,ADJ,specialized
гавайя,PROPN,specialized
гавань,NOUN,specialized
гагарин,PROPN,general
гадать,VERB,general
гаджет,NOUN,general
газ,NOUN,general
газета,NOUN,general
газовый,ADJ,everyday
газон,NOUN,everyday
гайдай,PROPN,everyday
галактика,NOUN,specialized
галерея,NOUN,general
галина,PROPN,general
галлий,NOUN,specialized
галочка,NOUN,general
галстук,NOUN,everyday
гамма,NOUN,specialized
гарантийный,ADJ,everyday
гарантированно,ADV,everyday
гарантия,NOUN,general
гардероб,NOUN,everyday
гармонь,NOUN,specialized
гаснуть,VERB,everyday
гвинея,PROPN,specialized
гвоздик,NOUN,everyday
где,ADV,general
где-нибудь,ADV,everyday
где-то,ADV,general
гегель,PROPN,specialized
гедонистический,ADJ,specialized
гейзер,NOUN,everyday
гелиоцентрический,ADJ,specialized
ген,NOUN,specialized
генеральный,ADJ,everyday
генеративный,ADJ,general
генератор,NOUN,specialized
генерировать,VERB,general
генетика,NOUN,specialized
генетический,ADJ,specialized
геном,NOUN,specialized
генрих,PROPN,specialized
географически,ADV,specialized
географический,ADJ,specialized
география,NOUN,general
геологический,ADJ,specialized
геометрический,ADJ,specialized
геометрия,NOUN,general
геополитический,ADJ,general
георадар,NOUN,specialized
георг,PROPN,everyday
георгий,PROPN,everyday
германий,NOUN,specialized
германия,PROPN,general
героиня,NOUN,everyday
герой,NOUN,general
геройствовать,VERB,everyday
герц,NOUN,specialized
гибель,NOUN,general
гибкий,ADJ,general
гибкость,NOUN,general
гибридный,ADJ,general
гидроэлектростанция,NOUN,general
гильдия,PROPN,general
гимназия,NOUN,specialized
гимнаст,NOUN,everyday
гимнастика,NOUN,everyday
гион,PROPN,everyday
гипермаркет,NOUN,everyday
гипотеза,NOUN,specialized
гипс,NOUN,everyday
гирлянда,NOUN,general
гиссарлык,PROPN,specialized
гитара,NOUN,everyday
глава,NOUN,everyday
главлит,PROPN,specialized
главное,NOUN,general
главный,ADJ,general
глаголица,NOUN,specialized
гладкий,ADJ,general
глажка,NOUN,everyday
глаз,NOUN,general
глазурь,NOUN,general
глиняный,ADJ,specialized
глобализация,NOUN,general
глобальный,ADJ,general
глотать,VERB,general
глохнуть,VERB,everyday
глубина,NOUN,general
глубинный,ADJ,specialized
глубокий,ADJ,general
глубоко,ADV,general
глупец,NOUN,specialized
глупость,NOUN,everyday
глупый,ADJ,general
глухой,ADJ,specialized
глютен,NOUN,everyday
глядеть,VERB,general
гнев,NOUN,general
гнездование,NOUN,everyday
говор,NOUN,specialized
говорить,VERB,general
говядина,NOUN,everyday
гоголь,PROPN,specialized
год,NOUN,general
годичный,ADJ,specialized
годовой,ADJ,general
годовщина,NOUN,everyday
гол,NOUN,everyday
голова,NOUN,general
головной,ADJ,general
голодать,VERB,general
голодный,ADJ,everyday
голос,NOUN,general
голосование,NOUN,everyday
голосовать,VERB,everyday
голосовой,ADJ,everyday
голубика,NOUN,everyday
голубоватый,ADJ,everyday
голубой,ADJ,general
голубь,NOUN,everyday
голый,ADJ,everyday
голь,NOUN,everyday
гомеровский,ADJ,specialized
гонка,NOUN,general
гонорар,NOUN,everyday
гончарный,ADJ,general
гора,NOUN,everyday
гораздо,ADV,general
гордиться,VERB,everyday
горелка,NOUN,everyday
гореть,VERB,everyday
горизонт,NOUN,general
горка,NOUN,everyday
горло,NOUN,general
горный,ADJ,specialized
город,NOUN,general
городок,NOUN,general
городской,ADJ,general
горожанин,NOUN,general
горох,NOUN,everyday
горчица,NOUN,everyday
горшок,NOUN,everyday
горьковатый,ADJ,everyday
горячий,ADJ,everyday
госавтоинспекция,PROPN,everyday
госпошлина,NOUN,everyday
гостиная,NOUN,everyday
гостиница,NOUN,everyday
гость,NOUN,everyday
государственный,ADJ,general
государство,NOUN,general
госуслуга,NOUN,everyday
госуслуга,PROPN,everyday
готовить,VERB,everyday
готовиться,VERB,general
готовка,NOUN,everyday
готовность,NOUN,general
готовый,ADJ,general
градус,NOUN,everyday
гражданин,NOUN,general
гражданский,ADJ,general
грамм,NOUN,everyday
грамматика,NOUN,specialized
грамматический,ADJ,specialized
грамота,NOUN,specialized
грамотность,NOUN,general
гран-пал,PROPN,general
граница,NOUN,general
грань,NOUN,specialized
графа,NOUN,everyday
график,NOUN,general
графический,ADJ,specialized
гребенщиков,PROPN,specialized
гребень,NOUN,everyday
гренландия,PROPN,specialized
гренок,NOUN,everyday
греть,VERB,everyday
греться,VERB,everyday
греция,PROPN,general
греческий,ADJ,specialized
гречка,NOUN,everyday
гречневый,ADJ,everyday
гриб,NOUN,everyday
григорианский,ADJ,specialized
григорий,PROPN,general
гриль,NOUN,everyday
гроб,NOUN,specialized
гроза,NOUN,general
грозный,PROPN,everyday
гром,NOUN,specialized
громкий,ADJ,general
громко,ADV,everyday
грохот,NOUN,everyday
грубо,ADV,general
грубоватый,ADJ,everyday
грубость,NOUN,everyday
грубый,ADJ,general
груда,NOUN,general
грудь,NOUN,general
груз,NOUN,general
грузинский,ADJ,everyday
грузиться,VERB,everyday
грузовик,NOUN,everyday
грузовой,ADJ,specialized
грузоперевозка,NOUN,general
грузчик,NOUN,everyday
грунт,NOUN,specialized
группа,NOUN,general
группировать,VERB,everyday
групповой,ADJ,specialized
грустить,VERB,general
грустный,ADJ,general
грядка,NOUN,everyday
грязный,ADJ,specialized
губа,NOUN,everyday
гудеть,VERB,everyday
гудок,NOUN,everyday
гул,NOUN,everyday
гулянье,NOUN,everyday
гулять,VERB,everyday
гуманитарный,ADJ,general
густой,ADJ,everyday
гусь,NOUN,everyday
гутенберг,PROPN,specialized
гуттман,PROPN,everyday
да,CCONJ,general
да,PART,general
да-да,INTJ,everyday
давать,VERB,general
давка,NOUN,everyday
давление,NOUN,general
давний,ADJ,specialized
давно,ADV,general
давность,NOUN,specialized
даже,PART,general
далее,ADV,everyday
далеко,ADV,general
даль,NOUN,everyday
дальнейший,ADJ,specialized
дальний,ADJ,general
дальность,NOUN,everyday
даля,PROPN,everyday
далёкий,ADJ,general
данелия,PROPN,everyday
данность,NOUN,specialized
данные,NOUN,general
данный,ADJ,general
дань,NOUN,specialized
дар,NOUN,general
дарить,VERB,everyday
дата,NOUN,general
дата,PROPN,general
датировать,VERB,specialized
датировка,NOUN,specialized
датчик,NOUN,everyday
дать,VERB,general
даться,VERB,general
дача,NOUN,everyday
дачный,ADJ,everyday
два,NUM,general
двадцатилетний,ADJ,everyday
двадцатый,ADJ,general
двадцать,NUM,general
дважды,ADV,general
двенадцатый,ADJ,general
двенадцать,NUM,general
дверца,NOUN,everyday
дверь,NOUN,everyday
двести,NUM,general
двигатель,NOUN,everyday
двигаться,VERB,general
движение,NOUN,general
двое,NUM,general
двойка,NOUN,general
двойной,ADJ,general
двор,NOUN,everyday
дворец,NOUN,general
дворник,NOUN,everyday
дворянин,NOUN,specialized
дворянский,ADJ,general
двоюродный,ADJ,everyday
двусторонний,ADJ,specialized
двухкомнатный,ADJ,everyday
двухместный,ADJ,everyday
двухфакторный,ADJ,general
двухчасовой,ADJ,specialized
дебетовый,ADJ,general
деверь,NOUN,everyday
девочка,NOUN,everyday
девушка,NOUN,everyday
девяносто,NUM,general
девятиэтажный,ADJ,everyday
девятнадцатый,ADJ,specialized
девятнадцать,NUM,general
девятый,ADJ,general
девять,NUM,general
дед,NOUN,everyday
дед,PROPN,everyday
дедлайн,NOUN,general
дедушка,NOUN,everyday
дееспособность,NOUN,specialized
дееспособный,ADJ,specialized
дежурить,VERB,everyday
дежурный,ADJ,everyday
дейл,PROPN,specialized
дейнеки,PROPN,everyday
действенный,ADJ,general
действие,NOUN,general
действительно,ADV,general
действительность,NOUN,specialized
действовать,VERB,general
декабрь,NOUN,general
декан,NOUN,general
декларация,NOUN,everyday
декларация,PROPN,specialized
декорация,NOUN,specialized
делать,VERB,general
делегация,NOUN,general
деление,NOUN,specialized
делимитация,NOUN,specialized
делить,VERB,general
делиться,VERB,general
дело,NOUN,general
деловой,ADJ,general
дельта,NOUN,everyday
демаркация,NOUN,specialized
демографический,ADJ,general
демократия,NOUN,specialized
демонстрация,NOUN,everyday
демонстрировать,VERB,specialized
демотивировать,VERB,general
денежный,ADJ,specialized
денисовец,NOUN,specialized
день,NOUN,general
день,PROPN,general
деньги,NOUN,general
депо,NOUN,general
деревенский,ADJ,specialized
деревня,NOUN,general
дерево,NOUN,general
деревянный,ADJ,everyday
держава,NOUN,specialized
держать,VERB,everyday
держаться,VERB,general
десерт,NOUN,everyday
десятилетие,NOUN,general
десятилетний,ADJ,specialized
десяток,NOUN,general
десятый,ADJ,general
десять,NUM,general
детализация,NOUN,specialized
деталь,NOUN,general
детектив,NOUN,everyday
детерминист,NOUN,specialized
детский,ADJ,general
детство,NOUN,general
деться,VERB,everyday
дефект,NOUN,specialized
дефектный,ADJ,specialized
дефицит,NOUN,general
дефицитный,ADJ,specialized
дефляция,NOUN,specialized
деформироваться,VERB,specialized
децентрализация,NOUN,specialized
дешёвый,ADJ,general
деятель,NOUN,general
деятельность,NOUN,general
джайнизм,NOUN,specialized
джарвис,PROPN,specialized
джебель-ирхуд,PROPN,specialized
джем,NOUN,everyday
джентльмен,NOUN,everyday
джива,NOUN,specialized
джини,PROPN,specialized
джинсы,NOUN,everyday
джозеф,PROPN,specialized
джон,PROPN,general
джудит,PROPN,specialized
диагноз,NOUN,general
диагностика,NOUN,general
диаграмма,NOUN,specialized
диалект,NOUN,specialized
диалог,NOUN,general
диапазон,NOUN,general
диван,NOUN,everyday
дидье,PROPN,specialized
диета,NOUN,everyday
дизайн,NOUN,general
дизайнер,NOUN,everyday
диканьки,PROPN,specialized
дикий,ADJ,everyday
диктор,NOUN,everyday
дилемма,NOUN,specialized
дима,NOUN,everyday
дима,PROPN,general
динамика,NOUN,general
династический,ADJ,specialized
династия,NOUN,specialized
дипломат,NOUN,general
дипломатический,ADJ,specialized
дипломатия,NOUN,specialized
дипфейк,NOUN,general
директива,NOUN,general
директор,NOUN,general
диск,NOUN,general
дискриминация,NOUN,specialized
дискурс,NOUN,specialized
дискуссия,NOUN,general
диспетчер,NOUN,general
диспетчерский,ADJ,everyday
дистанционный,ADJ,general
дистанция,NOUN,general
дисциплина,NOUN,everyday
диффамация,NOUN,specialized
длина,NOUN,general
длинноволновый,ADJ,specialized
длинный,ADJ,general
длинный,ADV,everyday
длительность,NOUN,specialized
длительный,ADJ,specialized
для,ADP,general
дмитрий,PROPN,general
дневник,NOUN,general
дневной,ADJ,everyday
днк,NOUN,general
днк,PROPN,general
дно,NOUN,everyday
до,ADP,general
добавить,VERB,everyday
добавиться,VERB,everyday
добавлять,VERB,general
добираться,VERB,everyday
добиться,VERB,general
добраться,VERB,general
добро,NOUN,general
добровольно,ADV,general
добровольный,ADJ,general
добродетель,NOUN,specialized
добродушно,ADV,everyday
доброжелательно,ADV,everyday
доброжелательный,ADJ,general
добросовестный,ADJ,general
доброта,NOUN,everyday
добрый,ADJ,everyday
добыча,NOUN,everyday
доверенность,NOUN,everyday
доверенный,ADJ,everyday
доверие,NOUN,general
доверить,VERB,everyday
доверять,VERB,general
довольно,ADV,general
довольный,ADJ,general
догадаться,VERB,everyday
догадка,NOUN,general
договариваться,VERB,general
договор,NOUN,general
договориться,VERB,general
договорённость,NOUN,specialized
додумывать,VERB,everyday
доедать,VERB,everyday
доезжать,VERB,everyday
доехать,VERB,everyday
дождевик,NOUN,everyday
дождь,NOUN,general
дожидаться,VERB,general
дозволенный,ADJ,specialized
дозвониться,VERB,everyday
дозировка,NOUN,general
доиграть,VERB,everyday
доить,VERB,everyday
дойти,VERB,general
доказательство,NOUN,general
доказать,VERB,general
доказывать,VERB,general
доклад,NOUN,general
доктор,NOUN,general
доктрина,NOUN,specialized
документ,NOUN,general
документальный,ADJ,specialized
документирование,NOUN,general
документировать,VERB,specialized
долг,NOUN,general
долгий,ADJ,general
долго,ADV,general
долговечность,NOUN,general
долговой,ADJ,general
долговременный,ADJ,general
долгосрочный,ADJ,general
должен,ADJ,general
должность,NOUN,general
долина,NOUN,everyday
долина,PROPN,everyday
доллар,NOUN,general
доля,NOUN,general
дом,NOUN,everyday
дома,ADV,everyday
домашка,NOUN,general
домашний,ADJ,general
домик,NOUN,everyday
домой,ADV,everyday
домофон,NOUN,everyday
домохозяйство,NOUN,general
домра,NOUN,specialized
дон,PROPN,general
донация,NOUN,general
донор,NOUN,general
доноситься,VERB,everyday
дооперациональный,ADJ,specialized
доплата,NOUN,everyday
допоздна,ADV,everyday
дополнение,NOUN,general
дополнительно,ADV,everyday
дополнительный,ADJ,general
дополнить,VERB,general
дополниться,VERB,specialized
дополнять,VERB,specialized
дополняться,VERB,everyday
допускать,VERB,general
допустимый,ADJ,specialized
допустить,VERB,everyday
дорабатывать,VERB,everyday
дореволюционный,ADJ,everyday
дорога,NOUN,general
дорого,ADV,general
дорогой,ADJ,general
дорогой,ADV,general
дорожать,VERB,everyday
дорожка,NOUN,everyday
дорожный,ADJ,general
доска,NOUN,general
дословно,ADV,general
дословный,ADJ,specialized
досмотр,NOUN,everyday
досмотреть,VERB,everyday
досрочный,ADJ,general
доставаться,VERB,everyday
доставить,VERB,general
доставка,NOUN,everyday
доставлять,VERB,specialized
достаток,NOUN,everyday
достаточно,ADV,general
достаточный,ADJ,general
достать,VERB,everyday
достаться,VERB,general
достигать,VERB,general
достижение,NOUN,general
достижимый,ADJ,everyday
достичь,VERB,general
достоверный,ADJ,specialized
достоевский,PROPN,specialized
достоинство,NOUN,general
достопримечательность,NOUN,everyday
доступ,NOUN,general
доступность,NOUN,general
доступный,ADJ,general
доступный,ADV,general
досчитать,VERB,everyday
доход,NOUN,general
доходить,VERB,general
доходность,NOUN,general
дохристианский,ADJ,everyday
дочитывать,VERB,everyday
дочка,NOUN,everyday
дочь,NOUN,everyday
дошкольный,ADJ,specialized
дразнить,VERB,everyday
дракон,NOUN,general
драма,NOUN,everyday
драматический,ADJ,specialized
драматургия,NOUN,specialized
драться,VERB,everyday
древнегреческий,ADJ,specialized
древнеегипетский,ADJ,specialized
древний,ADJ,general
древность,NOUN,specialized
дрель,NOUN,everyday
дремать,VERB,everyday
дрова,NOUN,everyday
дрожать,VERB,everyday
дрожжи,NOUN,everyday
дрожь,NOUN,general
дрон,NOUN,specialized
друг,NOUN,general
другой,ADJ,general
дружба,NOUN,general
дружелюбный,ADJ,general
дружеский,ADJ,everyday
дружить,VERB,general
дружно,ADV,everyday
дубликат,NOUN,everyday
дубль,NOUN,everyday
думать,VERB,general
дура,NOUN,everyday
дурак,NOUN,general
дуршлаг,NOUN,everyday
дух,NOUN,general
духовка,NOUN,everyday
духовность,NOUN,specialized
духовный,ADJ,specialized
душа,NOUN,general
душевный,ADJ,specialized
душный,ADJ,everyday
дуэль,NOUN,specialized
дым,NOUN,everyday
дымка,NOUN,everyday
дымок,NOUN,everyday
дыра,NOUN,specialized
дырочка,NOUN,everyday
дыхание,NOUN,everyday
дыхательный,ADJ,general
дышать,VERB,general
дышаться,VERB,general
дьявол,NOUN,specialized
дюбель,NOUN,everyday
дядя,NOUN,everyday
дятел,NOUN,everyday
дёргаться,VERB,everyday
дёшево,ADV,general
евгений,PROPN,general
евразия,PROPN,general
европа,PROPN,general
европейский,ADJ,general
европейский,PROPN,general
евросоюз,PROPN,general
египет,PROPN,general
египетский,ADJ,specialized
его,DET,general
егэ,PROPN,general
еда,NOUN,general
едва,ADV,general
едва,PART,general
единица,NOUN,general
единичный,ADJ,specialized
единовременный,ADJ,specialized
единогласно,ADV,everyday
единодушно,ADV,specialized
единодушный,ADJ,specialized
единомышленник,NOUN,general
единственно,PART,general
единственный,ADJ,general
единство,NOUN,general
единый,ADJ,general
ежегодно,ADV,general
ежегодный,ADJ,general
ежемесячный,ADJ,general
ездить,VERB,everyday
екатерина,PROPN,general
екатеринбург,PROPN,general
еле,PART,general
елена,PROPN,general
елизавета,PROPN,specialized
ель,NOUN,everyday
ерунда,NOUN,everyday
если,SCONJ,general
естественно,ADV,general
естественный,ADJ,general
есть,VERB,everyday
ехать,VERB,everyday
еще,PART,general
ещё,ADV,general
её,DET,general
жалеть,VERB,everyday
жалко,ADV,everyday
жаловаться,VERB,general
жаль,ADV,everyday
жан-франсуа,PROPN,specialized
жана,PROPN,specialized
жанр,NOUN,general
жанровый,ADJ,specialized
жар,NOUN,everyday
жареный,ADJ,everyday
жарить,VERB,general
жариться,VERB,specialized
жаркий,ADJ,general
жаропонижающий,ADJ,general
жаропрочный,ADJ,everyday
жасминовый,ADJ,everyday
ждать,VERB,everyday
же,PART,general
жевать,VERB,everyday
желаемый,ADJ,everyday
желание,NOUN,general
желательный,ADJ,everyday
желать,VERB,everyday
железнодорожный,ADJ,specialized
железный,ADJ,general
желтеть,VERB,everyday
желток,NOUN,general
жена,NOUN,everyday
женева,PROPN,general
жених,NOUN,everyday
женский,ADJ,everyday
женщина,NOUN,general
жертва,NOUN,specialized
жест,NOUN,general
жестовый,ADJ,specialized
жестяной,ADJ,everyday
живаго,PROPN,specialized
живой,ADJ,general
живописный,ADJ,specialized
живопись,NOUN,specialized
живость,NOUN,specialized
живот,NOUN,general
животноводство,NOUN,everyday
животное,NOUN,general
жидкий,ADJ,everyday
жидкость,NOUN,general
жизненно,ADV,everyday
жизненный,ADJ,specialized
жизнь,NOUN,general
жилец,NOUN,everyday
жилой,ADJ,general
жильё,NOUN,general
жир,NOUN,everyday
жираф,NOUN,everyday
жирный,ADJ,general
житель,NOUN,general
жительство,NOUN,general
жить,VERB,general
жонглёр,NOUN,everyday
жужжать,VERB,everyday
журнал,NOUN,general
журналист,NOUN,general
жутковатый,ADJ,everyday
жюри,NOUN,general
жёлтый,ADJ,everyday
жёсткий,ADJ,general
жёстко,ADV,general
за,ADP,general
зааплодировать,VERB,everyday
забавный,ADJ,general
забастовка,NOUN,general
забежать,VERB,everyday
забивать,VERB,everyday
забирать,VERB,everyday
забираться,VERB,everyday
забить,VERB,everyday
заблокировать,VERB,general
заблудиться,VERB,general
забой,NOUN,everyday
заболевание,NOUN,general
заболеть,VERB,everyday
забор,NOUN,everyday
забота,NOUN,general
заботиться,VERB,everyday
забрать,VERB,general
забраться,VERB,everyday
забронировать,VERB,everyday
забросить,VERB,everyday
забывать,VERB,everyday
забыть,VERB,everyday
завалить,VERB,everyday
заваривать,VERB,general
заварка,NOUN,everyday
заварочный,ADJ,everyday
заведение,NOUN,general
заведомо,ADV,specialized
завернуть,VERB,everyday
завернуться,VERB,everyday
завершаться,VERB,everyday
завершение,NOUN,general
завершить,VERB,general
завершиться,VERB,general
завести,VERB,general
завидовать,VERB,general
зависать,VERB,general
зависеть,VERB,general
зависимость,NOUN,general
зависнуть,VERB,everyday
зависть,NOUN,everyday
завить,VERB,general
завод,NOUN,general
заводить,VERB,everyday
заводчик,NOUN,everyday
завоевать,VERB,general
завтра,ADV,general
завтрак,NOUN,everyday
завтракать,VERB,general
завтрашний,ADJ,general
завысить,VERB,everyday
завязать,VERB,general
завязка,NOUN,everyday
загадать,VERB,specialized
загадка,NOUN,general
заглушать,VERB,everyday
заглядывать,VERB,general
заглянуть,VERB,everyday
загнать,VERB,everyday
заговорить,VERB,everyday
заголовок,NOUN,specialized
загорать,VERB,everyday
загореться,VERB,general
заготавливать,VERB,general
заготовка,NOUN,general
загрузить,VERB,everyday
загрузка,NOUN,general
загрязнение,NOUN,general
загрязнять,VERB,general
загудеть,VERB,everyday
загустеть,VERB,everyday
задавать,VERB,general
задаваться,VERB,everyday
задание,NOUN,general
задать,VERB,general
задача,NOUN,general
задевать,VERB,everyday
задержать,VERB,everyday
задерживать,VERB,everyday
задерживаться,VERB,general
задержка,NOUN,general
задеть,VERB,everyday
задний,ADJ,everyday
задокументировать,VERB,everyday
задолго,ADV,general
задолженность,NOUN,everyday
задремать,VERB,general
задувать,VERB,everyday
задуматься,VERB,general
задумываться,VERB,general
задуть,VERB,everyday
задыхаться,VERB,general
заезжать,VERB,everyday
заехать,VERB,everyday
зажать,VERB,everyday
зажевать,VERB,general
заимствование,NOUN,general
заимствовать,VERB,general
заинтересовать,VERB,everyday
зайти,VERB,everyday
зайчик,NOUN,everyday
заказ,NOUN,general
заказать,VERB,everyday
заказчик,NOUN,everyday
заказывать,VERB,general
заканчивать,VERB,everyday
заканчиваться,VERB,general
закат,NOUN,general
закваска,NOUN,general
закипание,NOUN,everyday
закипать,VERB,everyday
закипеть,VERB,general
закладка,NOUN,general
закладывать,VERB,everyday
заклеить,VERB,general
заключаться,VERB,specialized
заключение,NOUN,general
заключить,VERB,general
закодировать,VERB,specialized
закон,NOUN,general
закон,PROPN,general
законно,ADV,specialized
законность,NOUN,general
законодательный,ADJ,general
законодательство,NOUN,general
закончить,VERB,everyday
закончиться,VERB,general
закоптить,VERB,everyday
закрашивать,VERB,everyday
закрепить,VERB,specialized
закрепиться,VERB,general
закрепление,NOUN,specialized
закреплять,VERB,specialized
закрепляться,VERB,specialized
закрутить,VERB,everyday
закрывать,VERB,general
закрываться,VERB,everyday
закрытие,NOUN,general
закрыть,VERB,everyday
закупать,VERB,general
закупка,NOUN,general
закупочный,ADJ,general
закуска,NOUN,everyday
зал,NOUN,general
залегание,NOUN,specialized
залесский,PROPN,everyday
заливать,VERB,everyday
залить,VERB,everyday
залог,NOUN,everyday
залоговый,ADJ,general
заложить,VERB,specialized
замена,NOUN,general
заменить,VERB,general
заменять,VERB,general
замереть,VERB,general
замести,VERB,everyday
заметить,VERB,general
заметка,NOUN,general
заметно,ADV,general
заметный,ADJ,general
заметный,ADV,specialized
замечание,NOUN,general
замечать,VERB,general
замешивать,VERB,general
замигать,VERB,everyday
замирать,VERB,general
замкнутый,ADJ,general
замок,NOUN,everyday
замолкать,VERB,general
замолчать,VERB,general
замочить,VERB,everyday
замуж,ADV,everyday
замысел,NOUN,everyday
замятие,NOUN,general
замёрзнуть,VERB,everyday
занервничать,VERB,general
занести,VERB,everyday
занимать,VERB,general
заниматься,VERB,general
заново,ADV,general
зануда,NOUN,everyday
занудство,NOUN,general
занятие,NOUN,general
занятость,NOUN,general
занять,VERB,general
заняться,VERB,general
заодно,ADV,general
запад,NOUN,general
западно-сибирский,PROPN,specialized
западноевропейский,ADJ,specialized
западный,ADJ,general
западный,PROPN,general
запаниковать,VERB,everyday
запас,NOUN,general
запасной,ADJ,everyday
запах,NOUN,general
запивать,VERB,everyday
записать,VERB,general
записаться,VERB,general
записка,NOUN,specialized
записывать,VERB,general
запись,NOUN,general
заплакать,VERB,general
заплыв,NOUN,everyday
заповедник,NOUN,everyday
заполнение,NOUN,everyday
заполнить,VERB,everyday
заполниться,VERB,everyday
заполнять,VERB,everyday
заполняться,VERB,everyday
запоминать,VERB,general
запоминаться,VERB,general
запомнить,VERB,general
запомниться,VERB,general
заправка,NOUN,general
запрет,NOUN,general
запретить,VERB,general
запрещать,VERB,general
запрокинуть,VERB,specialized
запрос,NOUN,general
запросить,VERB,everyday
запугивание,NOUN,specialized
запуск,NOUN,general
запускать,VERB,general
запустить,VERB,general
запутанный,ADJ,everyday
запутаться,VERB,everyday
запястье,NOUN,everyday
зарабатывать,VERB,general
заработать,VERB,everyday
заработок,NOUN,general
заранее,ADV,general
зарастать,VERB,everyday
зарегистрировать,VERB,everyday
заречься,VERB,everyday
зародиться,VERB,specialized
зарплата,NOUN,general
зарплатный,ADJ,general
зарумяниться,VERB,everyday
заряд,NOUN,general
зарядить,VERB,everyday
зарядка,NOUN,general
зарядный,ADJ,general
заряжаться,VERB,everyday
засвидетельствовать,VERB,specialized
засекретить,VERB,specialized
заселение,NOUN,everyday
заселиться,VERB,everyday
засесть,VERB,general
засидеться,VERB,everyday
заслуживать,VERB,general
заслужить,VERB,everyday
засмеяться,VERB,everyday
заснеженный,VERB,everyday
заснуть,VERB,everyday
засор,NOUN,everyday
заставить,VERB,general
заставлять,VERB,general
застать,VERB,everyday
застенчивый,ADJ,everyday
застолье,NOUN,everyday
застраховать,VERB,general
застройка,NOUN,general
застрять,VERB,everyday
застёжка,NOUN,everyday
засуха,NOUN,general
засыпать,VERB,everyday
затем,ADV,general
затемнение,NOUN,specialized
затемно,ADV,everyday
затерять,VERB,specialized
затечь,VERB,general
затихать,VERB,everyday
затихнуть,VERB,everyday
затишье,NOUN,general
зато,CCONJ,general
зато,PART,general
затрагивать,VERB,specialized
затрата,NOUN,general
затронуть,VERB,general
затруднить,VERB,general
затягивать,VERB,everyday
затягиваться,VERB,general
затяжной,ADJ,general
затянуть,VERB,everyday
заучивание,NOUN,general
зафиксировать,VERB,specialized
захватить,VERB,everyday
захватывать,VERB,specialized
заход,NOUN,specialized
заходить,VERB,general
захоронение,NOUN,specialized
захотеть,VERB,general
захотеться,VERB,everyday
зацветать,VERB,general
зачастую,ADV,general
зачем,ADV,everyday
зачесть,VERB,general
зачёт,NOUN,general
защипывать,VERB,everyday
защита,NOUN,general
защитить,VERB,general
защитник,NOUN,everyday
защищать,VERB,general
защищаться,VERB,everyday
заявить,VERB,general
заявка,NOUN,general
заявление,NOUN,everyday
заявлять,VERB,general
заяц,NOUN,everyday
заём,NOUN,general
заёмный,ADJ,general
звать,VERB,general
звезда,NOUN,general
звенеть,VERB,everyday
звено,NOUN,general
зверь,NOUN,everyday
звонить,VERB,everyday
звонок,NOUN,general
звук,NOUN,general
звуковой,ADJ,specialized
звучание,NOUN,specialized
звучать,VERB,general
звёздный,ADJ,specialized
здание,NOUN,general
здесь,ADV,general
здороваться,VERB,general
здорово,ADV,everyday
здоровый,ADJ,general
здоровье,NOUN,general
здравоохранение,NOUN,general
здравствовать,VERB,everyday
здравый,ADJ,everyday
зеландия,PROPN,specialized
зеленеть,VERB,everyday
зеленоватый,ADJ,everyday
зелень,NOUN,everyday
зелёный,ADJ,general
земледелие,NOUN,specialized
земледельческий,ADJ,everyday
землепользование,NOUN,everyday
землетрясение,NOUN,general
земля,NOUN,general
земля,PROPN,general
земляк,NOUN,specialized
земский,ADJ,specialized
зеница,NOUN,everyday
зеркало,NOUN,general
зеркальный,ADJ,everyday
зерно,NOUN,specialized
зима,NOUN,everyday
зиммель,PROPN,everyday
зимний,ADJ,everyday
зимовка,NOUN,everyday
зимородок,NOUN,everyday
злак,NOUN,general
зло,NOUN,general
злость,NOUN,everyday
злоумышленник,NOUN,general
злоупотребление,NOUN,specialized
змея,NOUN,everyday
знак,NOUN,general
знакомить,VERB,everyday
знакомиться,VERB,everyday
знакомство,NOUN,everyday
знакомый,ADJ,general
знакомый,NOUN,general
знаменитый,ADJ,general
знание,NOUN,general
знать,VERB,general
значение,NOUN,general
значимость,NOUN,general
значимый,ADJ,everyday
значит,ADV,general
значительно,ADV,general
значительный,ADJ,general
значить,VERB,general
значиться,VERB,general
значок,NOUN,general
знобить,VERB,general
зов,NOUN,everyday
золовка,NOUN,everyday
золотистый,ADJ,everyday
золото,NOUN,everyday
золотой,ADJ,general
зона,NOUN,general
зонд,NOUN,specialized
зонт,NOUN,everyday
зонтик,NOUN,everyday
зоопарк,NOUN,everyday
зрачок,NOUN,general
зрелищный,ADJ,everyday
зрение,NOUN,general
зритель,NOUN,general
зуб,NOUN,general
зубной,ADJ,everyday
зубрить,VERB,specialized
зубрёжка,NOUN,general
зубчик,NOUN,everyday
зумер,NOUN,specialized
зять,NOUN,everyday
и,CCONJ,general
и,PART,general
иван,PROPN,general
иванов,PROPN,general
иванович,PROPN,general
иваново,PROPN,everyday
ивановой,PROPN,everyday
иврит,NOUN,specialized
иго,NOUN,specialized
игорь,PROPN,everyday
игра,NOUN,everyday
игра,PROPN,general
играть,VERB,general
игровой,ADJ,general
игрок,NOUN,everyday
игрушечный,ADJ,everyday
игрушка,NOUN,everyday
идеализировать,VERB,specialized
идеально,ADV,everyday
идеальный,ADJ,general
идентификатор,NOUN,specialized
идентификация,NOUN,general
идентичность,NOUN,specialized
идеологический,ADJ,specialized
идеология,NOUN,specialized
идея,NOUN,general
идти,VERB,general
иерархия,NOUN,specialized
иероглиф,NOUN,specialized
иероглифический,ADJ,specialized
из,ADP,general
из-за,ADP,general
из-под,ADP,general
избавить,VERB,everyday
избавиться,VERB,general
избегать,VERB,general
избегнуть,VERB,general
избиратель,NOUN,specialized
избирательный,ADJ,general
избрать,VERB,specialized
избушка,NOUN,specialized
избыточный,ADJ,general
извержение,NOUN,everyday
известный,ADJ,general
извечный,ADJ,general
извещать,VERB,general
извивать,VERB,everyday
извинение,NOUN,general
извинить,VERB,everyday
извиниться,VERB,general
извинять,VERB,everyday
извлекать,VERB,specialized
извлечение,NOUN,specialized
изготовить,VERB,everyday
издалека,ADV,everyday
издание,NOUN,general
издатель,NOUN,specialized
издательский,ADJ,specialized
издательство,NOUN,general
издать,VERB,specialized
изделие,NOUN,general
издержка,NOUN,general
излагать,VERB,general
излишек,NOUN,specialized
излучение,NOUN,specialized
изменение,NOUN,general
изменить,VERB,general
измениться,VERB,general
изменять,VERB,specialized
измерение,NOUN,specialized
измерить,VERB,general
измерять,VERB,specialized
изначально,ADV,general
изначальный,ADJ,everyday
изнашивать,VERB,specialized
износ,NOUN,everyday
изношенный,ADJ,everyday
изношенный,VERB,everyday
изображать,VERB,specialized
изображение,NOUN,general
изобразить,VERB,everyday
изобретение,NOUN,specialized
изолировать,VERB,general
изоляция,NOUN,specialized
израиль,PROPN,everyday
изредка,ADV,specialized
изучать,VERB,general
изучение,NOUN,general
изучить,VERB,general
изюм,NOUN,everyday
изящный,ADJ,specialized
ии,NOUN,general
ии,PROPN,general
икона,NOUN,specialized
иконописный,ADJ,specialized
иконопись,NOUN,specialized
или,CCONJ,general
илиада,PROPN,specialized
иллюзия,NOUN,specialized
иллюстрация,NOUN,specialized
иллюстрировать,VERB,specialized
илон,PROPN,general
илья,PROPN,general
именинник,NOUN,everyday
именинница,NOUN,everyday
именины,NOUN,everyday
именно,PART,general
иметь,VERB,general
иметься,VERB,general
имитация,NOUN,specialized
иммунитет,NOUN,specialized
иммунный,ADJ,specialized
императрица,NOUN,specialized
империя,NOUN,specialized
импорт,NOUN,general
импортный,ADJ,general
имущество,NOUN,general
имя,NOUN,general
иначе,ADV,general
иначе,CCONJ,general
инвалид,NOUN,specialized
инвестиция,NOUN,general
инвестор,NOUN,general
индекс,NOUN,general
индексировать,VERB,general
индивидуальный,ADJ,everyday
индийский,ADJ,everyday
индикатор,NOUN,general
индия,PROPN,general
индоевропейский,ADJ,specialized
индуистский,ADJ,specialized
индустриальный,ADJ,specialized
индустрия,NOUN,general
инерция,NOUN,everyday
инженер,NOUN,everyday
инициатива,NOUN,general
иногда,ADV,general
иной,ADJ,general
иностранец,NOUN,everyday
иностранный,ADJ,general
инспектор,NOUN,everyday
инспекция,NOUN,specialized
инсталляция,NOUN,specialized
инстанция,NOUN,general
институт,NOUN,general
институциональный,ADJ,specialized
инструктор,NOUN,everyday
инструкция,NOUN,general
инструмент,NOUN,general
инструментальный,ADJ,specialized
инсценировать,VERB,specialized
интеграция,NOUN,general
интеллект,NOUN,general
интеллектуальный,ADJ,general
интеллигентный,ADJ,specialized
интенсивно,ADV,everyday
интенсивность,NOUN,general
интенсивный,ADJ,specialized
интервальный,ADJ,specialized
интервью,NOUN,general
интерес,NOUN,general
интересный,ADJ,general
интернет,NOUN,general
интерпретация,NOUN,specialized
интерпретировать,VERB,general
интерфейс,NOUN,everyday
интонация,NOUN,general
интрига,NOUN,specialized
интуиция,NOUN,specialized
инфаркт,NOUN,general
инфекция,NOUN,general
инфляция,NOUN,general
информатика,NOUN,general
информационный,ADJ,everyday
информация,NOUN,general
инфраструктура,NOUN,general
инцидент,NOUN,general
иоганн,PROPN,specialized
ипотека,NOUN,everyday
ипотечный,ADJ,everyday
ирина,PROPN,everyday
иркутск,PROPN,everyday
ирония,NOUN,everyday
исаак,PROPN,specialized
иск,NOUN,general
искать,VERB,general
исключать,VERB,general
исключение,NOUN,general
исключительно,ADV,general
исключительный,ADJ,everyday
исключить,VERB,general
ископаемое,ADJ,specialized
ископаемый,ADJ,general
искоренение,NOUN,specialized
искренний,ADJ,everyday
искрить,VERB,everyday
искусно,ADV,specialized
искусственный,ADJ,general
искусство,NOUN,general
искусствовед,NOUN,everyday
ислам,NOUN,specialized
исламский,ADJ,specialized
испания,PROPN,general
испарять,VERB,everyday
испачкать,VERB,general
испечь,VERB,everyday
исписать,VERB,everyday
исполнение,NOUN,general
исполнитель,NOUN,general
исполнительный,ADJ,general
исполнить,VERB,everyday
исполниться,VERB,everyday
исполнять,VERB,specialized
исполняться,VERB,everyday
использование,NOUN,general
использовать,VERB,general
испортить,VERB,general
исправить,VERB,general
исправление,NOUN,everyday
испугаться,VERB,everyday
испытание,NOUN,general
испытуемый,NOUN,specialized
испытывать,VERB,specialized
исследование,NOUN,general
исследователь,NOUN,specialized
исследовательский,ADJ,general
исследовать,VERB,specialized
исследоваться,VERB,specialized
исток,NOUN,general
историк,NOUN,general
историография,NOUN,specialized
исторически,ADV,general
исторический,ADJ,general
история,NOUN,general
источник,NOUN,general
истощение,NOUN,general
исходить,VERB,specialized
исходный,ADJ,general
исчезать,VERB,specialized
исчезновение,NOUN,general
исчезнуть,VERB,general
итак,ADV,everyday
италия,PROPN,general
итальянский,ADJ,general
итог,NOUN,general
итого,ADV,everyday
итоговый,ADJ,general
иудаизм,NOUN,specialized
их,DET,general
июль,NOUN,general
июльский,ADJ,general
июнь,NOUN,general
июньский,ADJ,general
к,ADP,general
к,PROPN,general
кабан,NOUN,everyday
кабель,NOUN,general
кабинет,NOUN,general
каблук,NOUN,everyday
кавказ,PROPN,specialized
кавказский,ADJ,everyday
кадр,NOUN,general
каждый,DET,general
казанский,PROPN,everyday
казань,PROPN,everyday
казаться,VERB,general
казахский,ADJ,everyday
казахстан,PROPN,everyday
казимир,PROPN,specialized
как,ADV,general
как,SCONJ,general
как-нибудь,ADV,everyday
как-то,ADV,general
какой,DET,general
какой-либо,DET,general
какой-нибудь,DET,general
какой-то,DET,general
кактус,NOUN,everyday
календарный,ADJ,everyday
календарь,NOUN,general
калининград,PROPN,specialized
калорийность,NOUN,everyday
калоша,NOUN,everyday
каменистый,ADJ,everyday
каменный,ADJ,specialized
камень,NOUN,general
камера,NOUN,general
камерный,ADJ,everyday
камешек,NOUN,everyday
каморка,NOUN,everyday
кампания,NOUN,general
камчатка,PROPN,general
камыш,NOUN,everyday
канада,PROPN,everyday
канадец,NOUN,everyday
канадский,ADJ,everyday
канал,NOUN,general
канатный,ADJ,everyday
кандидат,NOUN,general
каникулы,NOUN,general
канон,NOUN,specialized
канонический,ADJ,specialized
капать,VERB,everyday
капель,NOUN,everyday
капля,NOUN,general
капот,NOUN,everyday
капризничать,VERB,everyday
капуста,NOUN,everyday
капучино,NOUN,everyday
карамазов,PROPN,specialized
карамелизация,NOUN,specialized
карамельный,ADJ,everyday
карандаш,NOUN,everyday
караоке,NOUN,general
карелия,PROPN,everyday
карий,ADJ,everyday
карл,PROPN,general
карма,NOUN,specialized
карман,NOUN,everyday
карманный,ADJ,everyday
карпов,PROPN,everyday
карри,NOUN,everyday
карта,NOUN,general
картай,PROPN,everyday
картина,NOUN,general
картографический,ADJ,specialized
картография,NOUN,specialized
картофель,NOUN,general
карточка,NOUN,everyday
картошка,NOUN,everyday
каршеринг,NOUN,everyday
карьера,NOUN,everyday
карьерный,ADJ,general
касаться,VERB,general
каскад,NOUN,everyday
каско,PROPN,general
каспаров,PROPN,everyday
каспийский,ADJ,general
касса,NOUN,everyday
кассета,NOUN,specialized
кассини,PROPN,specialized
кассир,NOUN,everyday
кастрюля,NOUN,everyday
каталог,NOUN,everyday
катание,NOUN,everyday
катар,PROPN,general
катастрофа,NOUN,general
кататься,VERB,everyday
категория,NOUN,general
каток,NOUN,everyday
кать,INTJ,everyday
катюша,PROPN,everyday
катя,PROPN,everyday
кафе,NOUN,everyday
кафедра,NOUN,general
качать,VERB,everyday
качественно,ADV,everyday
качественный,ADJ,general
качество,NOUN,general
каша,NOUN,everyday
кашель,NOUN,general
квадрат,NOUN,everyday
квадратный,ADJ,specialized
квантовый,ADJ,everyday
квартал,NOUN,general
квартира,NOUN,everyday
квартирник,NOUN,specialized
квашеный,ADJ,everyday
квитанция,NOUN,everyday
квота,NOUN,specialized
кело,PROPN,specialized
керамический,ADJ,everyday
кефир,NOUN,specialized
киберспорт,NOUN,everyday
кивать,VERB,everyday
кивок,NOUN,everyday
кидать,VERB,everyday
киевский,PROPN,specialized
килиан,PROPN,general
килограмм,NOUN,everyday
километр,NOUN,general
километровый,ADJ,everyday
ким,PROPN,general
кима,PROPN,general
кинематограф,NOUN,specialized
кинематографический,ADJ,specialized
кино,NOUN,general
киноактёр,NOUN,specialized
киноиндустрия,NOUN,general
кинопрокат,NOUN,everyday
кинотеатр,NOUN,everyday
кинотеория,NOUN,specialized
киноязык,NOUN,specialized
киоск,NOUN,everyday
киото,PROPN,general
киотский,ADJ,everyday
кипение,NOUN,general
кипеть,VERB,general
кипяток,NOUN,everyday
киргизия,PROPN,everyday
киргизский,ADJ,everyday
кирилл,PROPN,general
кириллица,NOUN,specialized
кирпичный,ADJ,everyday
кисленький,ADJ,everyday
кисловатый,ADJ,everyday
кислород,NOUN,everyday
кислота,NOUN,specialized
кислый,ADJ,everyday
кисточка,NOUN,everyday
кисть,NOUN,everyday
китай,PROPN,general
китайский,ADJ,general
кихот,PROPN,specialized
кишечник,NOUN,specialized
кишечный,ADJ,specialized
класс,NOUN,general
классик,NOUN,specialized
классика,NOUN,specialized
классификация,NOUN,general
классифицировать,VERB,specialized
классический,ADJ,general
классный,ADJ,general
класть,VERB,everyday
клевать,VERB,everyday
клеветнический,ADJ,specialized
клетка,NOUN,general
клетчатый,ADJ,everyday
клиент,NOUN,general
климат,NOUN,general
климатический,ADJ,general
клиника,NOUN,everyday
клип,NOUN,general
клониться,VERB,everyday
клоун,NOUN,everyday
клуб,NOUN,general
клубок,NOUN,general
клушино,PROPN,specialized
клюквенный,ADJ,everyday
ключ,NOUN,everyday
ключевой,ADJ,general
ключевский,PROPN,everyday
ключевской,ADJ,everyday
клюшка,NOUN,everyday
клён,NOUN,everyday
книга,NOUN,general
книгопечатание,NOUN,specialized
книжный,ADJ,general
кнопка,NOUN,general
кнопочный,ADJ,everyday
княжество,NOUN,specialized
князь,NOUN,general
ковалёв,PROPN,everyday
коворкинг,NOUN,everyday
коврик,NOUN,everyday
ковш,NOUN,everyday
ковёр,NOUN,everyday
когда,SCONJ,general
когда-нибудь,ADV,general
когда-то,ADV,general
когнитивный,ADJ,specialized
когортный,ADJ,specialized
код,NOUN,general
кодекс,NOUN,general
кодировать,VERB,specialized
кодокуси,NOUN,specialized
кое-где,ADV,everyday
кое-что,PRON,general
кожа,NOUN,general
кожаный,ADJ,everyday
кожный,ADJ,specialized
коза,NOUN,everyday
колбаса,NOUN,everyday
колебание,NOUN,general
колебаться,VERB,general
коленка,NOUN,general
колено,NOUN,everyday
колесо,NOUN,everyday
количество,NOUN,general
коллаборация,NOUN,specialized
коллега,NOUN,general
коллегия,NOUN,specialized
колледж,NOUN,general
коллектив,NOUN,general
коллективно,ADV,general
коллективный,ADJ,general
коллекционер,NOUN,everyday
коллекционирование,NOUN,everyday
коллекционировать,VERB,everyday
коллекционный,ADJ,everyday
коллекция,NOUN,everyday
колодец,NOUN,everyday
колокольчик,NOUN,general
колониальный,ADJ,specialized
колония,NOUN,specialized
колонка,NOUN,specialized
колотиться,VERB,everyday
колоть,VERB,general
кольцевой,ADJ,everyday
кольцо,NOUN,general
коляска,NOUN,everyday
ком,NOUN,everyday
команда,NOUN,general
командир,NOUN,general
командировка,NOUN,everyday
командный,ADJ,everyday
комар,NOUN,everyday
комбайн,NOUN,general
комбинация,NOUN,general
комбинировать,VERB,specialized
комедия,NOUN,everyday
комикс,NOUN,specialized
комиссар,NOUN,general
комиссионный,ADJ,everyday
комиссия,NOUN,general
комиссия,PROPN,general
комитет,NOUN,general
комитет,PROPN,general
комический,ADJ,specialized
комментарий,NOUN,general
комментатор,NOUN,general
коммерциализация,NOUN,specialized
коммерческий,ADJ,general
коммуналка,NOUN,everyday
коммунальный,ADJ,everyday
коммуникабельный,ADJ,general
коммуникация,NOUN,general
комната,NOUN,everyday
комок,NOUN,everyday
комочек,NOUN,everyday
компактность,NOUN,specialized
компактный,ADJ,general
компания,NOUN,general
компас,NOUN,everyday
компенсация,NOUN,general
компенсировать,VERB,general
комплексный,ADJ,specialized
комплект,NOUN,everyday
комплектация,NOUN,everyday
комплимент,NOUN,everyday
композитор,NOUN,general
композиция,NOUN,general
компоновка,NOUN,general
компромисс,NOUN,general
компромиссный,ADJ,specialized
компьютер,NOUN,general
комсомольский,ADJ,everyday
комфортный,ADJ,general
конвейер,NOUN,general
конвенция,NOUN,specialized
конвенция,PROPN,general
конденсироваться,VERB,specialized
кондитерский,ADJ,everyday
кондиционер,NOUN,general
кондиционирование,NOUN,general
конец,NOUN,general
конечно,ADV,general
конечный,ADJ,general
конкретный,ADJ,general
конкурентный,ADJ,specialized
конкуренция,NOUN,general
конкурировать,VERB,specialized
конкурс,NOUN,general
консенсус,NOUN,everyday
консервация,NOUN,everyday
консервы,NOUN,everyday
конспект,NOUN,general
конституционный,ADJ,specialized
конституция,NOUN,everyday
конструктивизм,NOUN,specialized
конструктивист,NOUN,specialized
конструктор,NOUN,specialized
конструкция,NOUN,general
консульство,NOUN,everyday
консультант,NOUN,everyday
консультация,NOUN,specialized
контакт,NOUN,general
контактный,ADJ,general
контейнер,NOUN,general
контекст,NOUN,specialized
контекстный,ADJ,specialized
контент,NOUN,general
контракт,NOUN,everyday
контрастный,ADJ,specialized
контратака,NOUN,everyday
контролировать,VERB,general
контроль,NOUN,general
контрольный,ADJ,general
конференция,NOUN,general
конфессия,NOUN,specialized
конфета,NOUN,general
конфликт,NOUN,general
конфликтовать,VERB,specialized
конфорка,NOUN,everyday
конформность,NOUN,specialized
концентрироваться,VERB,specialized
концерт,NOUN,general
концертный,ADJ,specialized
концовка,NOUN,everyday
кончина,NOUN,everyday
кончиться,VERB,general
конь,NOUN,everyday
конёк,NOUN,everyday
кооперативный,ADJ,general
координатный,ADJ,specialized
координация,NOUN,specialized
координировать,VERB,specialized
копать,VERB,everyday
копейка,NOUN,everyday
копилка,NOUN,everyday
копир,NOUN,general
копирка,NOUN,specialized
копирование,NOUN,general
копировать,VERB,general
копить,VERB,general
копия,NOUN,general
кора,NOUN,general
кораблик,NOUN,everyday
корабль,NOUN,general
корейский,ADJ,general
коренастый,ADJ,everyday
коренной,ADJ,specialized
корень,NOUN,everyday
корея,PROPN,general
корзина,NOUN,everyday
корзинка,NOUN,everyday
коридор,NOUN,general
корина,PROPN,everyday
коричневый,ADJ,everyday
корм,NOUN,everyday
корма,NOUN,everyday
кормить,VERB,everyday
коробка,NOUN,everyday
корова,NOUN,general
коровка,NOUN,everyday
королевство,NOUN,specialized
король,NOUN,everyday
королёв,PROPN,specialized
коронавирус,NOUN,general
короткий,ADJ,general
коротко,ADV,general
коротковолновый,ADJ,specialized
короткометражка,NOUN,specialized
корочка,NOUN,everyday
корпоратив,NOUN,general
корпус,NOUN,general
корректный,ADJ,specialized
корчить,VERB,everyday
косвенный,ADJ,specialized
косметический,ADJ,everyday
космический,ADJ,general
космонавт,NOUN,general
космос,NOUN,general
коснуться,VERB,everyday
косточка,NOUN,everyday
кострище,NOUN,everyday
костром,PROPN,everyday
костыль,NOUN,general
кость,NOUN,specialized
костюм,NOUN,everyday
костёр,NOUN,everyday
кот,NOUN,general
котелок,NOUN,everyday
котик,NOUN,everyday
котлета,NOUN,everyday
котловина,NOUN,everyday
который,PRON,general
котёнок,NOUN,general
кофе,NOUN,everyday
кофеварка,NOUN,everyday
кофеин,NOUN,general
кофейня,NOUN,general
кофемашина,NOUN,general
кофта,NOUN,everyday
кочевник,NOUN,everyday
кошелёк,NOUN,everyday
кошка,NOUN,general
кошмар,NOUN,everyday
кощей,PROPN,specialized
коэффициент,NOUN,general
кража,NOUN,everyday
край,NOUN,general
крайне,ADV,general
крайний,ADJ,general
крайность,NOUN,general
крамник,PROPN,everyday
кран,NOUN,everyday
краник,NOUN,everyday
крапива,NOUN,everyday
крапивница,NOUN,everyday
красавица,NOUN,general
красиво,ADV,general
красивый,ADJ,everyday
красить,VERB,general
краска,NOUN,general
красный,ADJ,general
красота,NOUN,general
красть,VERB,everyday
краткий,ADJ,general
кратко,ADV,specialized
кратковременный,ADJ,general
краткосрочный,ADJ,specialized
крачка,NOUN,everyday
крашенинников,PROPN,everyday
крашеный,ADJ,everyday
кредит,NOUN,general
кредитный,ADJ,general
кредитование,NOUN,everyday
кредитор,NOUN,specialized
крем,NOUN,everyday
крем-суп,NOUN,everyday
кремация,NOUN,specialized
кремль,NOUN,everyday
кремль,PROPN,general
кремлёвский,ADJ,everyday
крепкий,ADJ,everyday
крепко,ADV,everyday
крепостной,ADJ,specialized
крепость,NOUN,general
кресло,NOUN,general
крестить,VERB,everyday
крещение,NOUN,general
кривой,ADJ,specialized
кризис,NOUN,general
крик,NOUN,general
криптоактив,NOUN,general
криптовалюта,NOUN,general
кристи,PROPN,everyday
критерий,NOUN,specialized
критий,PROPN,specialized
критик,NOUN,general
критика,NOUN,general
критиковать,VERB,general
критически,ADV,general
критический,ADJ,general
критичный,ADJ,general
кричалка,NOUN,everyday
кричать,VERB,everyday
кровавый,ADJ,specialized
кровать,NOUN,everyday
кровля,NOUN,everyday
кровный,ADJ,everyday
кровопролитный,ADJ,specialized
кровь,NOUN,general
кролик,NOUN,everyday
кроль,NOUN,everyday
кроме,ADP,general
кроноцкий,PROPN,everyday
кроссовка,NOUN,everyday
крошечный,ADJ,everyday
крошка,NOUN,everyday
круассан,NOUN,everyday
круг,NOUN,general
круглый,ADJ,general
кругом,ADV,general
кружить,VERB,general
кружиться,VERB,everyday
кружка,NOUN,general
кружок,NOUN,general
круиз,NOUN,everyday
круизный,ADJ,specialized
круп,NOUN,everyday
крупа,NOUN,everyday
крупенин,PROPN,everyday
крупномасштабный,ADJ,specialized
крупность,NOUN,specialized
крупный,ADJ,general
крупный,ADV,general
крутить,VERB,general
крутиться,VERB,everyday
крутой,ADJ,everyday
крылатый,ADJ,everyday
крыльцо,NOUN,everyday
крытый,ADJ,general
крыша,NOUN,general
крышка,NOUN,general
крючок,NOUN,everyday
крякать,VERB,everyday
кстати,ADV,everyday
кто,PRON,general
кто-нибудь,PRON,general
кто-то,PRON,general
куда,ADV,general
куда-либо,ADV,general
куда-то,ADV,everyday
кудри,NOUN,everyday
кузнецова,PROPN,everyday
куйбышевский,ADJ,everyday
кукай,PROPN,specialized
кукуруза,NOUN,everyday
кул-шариф,PROPN,everyday
кулешов,PROPN,specialized
кулич,NOUN,everyday
культ,NOUN,everyday
культивировать,VERB,everyday
культура,NOUN,general
культурный,ADJ,general
кумбха,PROPN,specialized
кумир,NOUN,everyday
купаться,VERB,everyday
купе,NOUN,general
купить,VERB,everyday
купол,NOUN,everyday
купюра,NOUN,everyday
курант,NOUN,everyday
куратор,NOUN,general
курение,NOUN,general
курий,ADJ,specialized
курить,VERB,general
курица,NOUN,everyday
курносый,ADJ,everyday
курортный,ADJ,general
курс,NOUN,general
курск,PROPN,specialized
курсовой,ADJ,general
куртка,NOUN,everyday
курьер,NOUN,general
кусать,VERB,everyday
кусок,NOUN,general
кусочек,NOUN,everyday
куст,NOUN,general
кустарник,NOUN,everyday
кустик,NOUN,everyday
кухня,NOUN,everyday
кухонный,ADJ,general
куча,NOUN,everyday
кучка,NOUN,everyday
кэмпбелл,PROPN,specialized
кэндзи,PROPN,everyday
л,NOUN,everyday
лаборатория,NOUN,general
лава,NOUN,specialized
лаванда,NOUN,everyday
лавка,NOUN,everyday
лавочка,NOUN,everyday
лавра,NOUN,everyday
лавров,PROPN,everyday
лагерь,NOUN,everyday
лагуна,NOUN,specialized
ладно,ADV,everyday
ладно,PART,general
ладонь,NOUN,general
ладья,NOUN,everyday
лазить,VERB,everyday
лай,NOUN,general
лайка,PROPN,specialized
лайт,NOUN,specialized
лайт-новел,NOUN,specialized
лак,NOUN,general
лактоза,NOUN,everyday
лампа,NOUN,everyday
лампочка,NOUN,general
лапша,NOUN,everyday
ласково,ADV,everyday
латвия,PROPN,specialized
лауреат,NOUN,specialized
лаять,VERB,everyday
лебединый,ADJ,specialized
лев,PROPN,general
левитан,PROPN,specialized
левкас,NOUN,specialized
левый,ADJ,general
легально,ADV,specialized
легенда,NOUN,general
легитимный,ADJ,general
легко,ADV,general
легковой,ADJ,general
ледник,NOUN,general
ледобур,NOUN,everyday
ледовитый,ADJ,everyday
ледоступ,NOUN,everyday
ледянка,NOUN,everyday
ледяной,ADJ,general
лежать,VERB,general
лезть,VERB,everyday
лекарство,NOUN,general
лексика,NOUN,specialized
лекторий,NOUN,general
лекция,NOUN,general
лен,PROPN,everyday
лена,NOUN,everyday
лена,PROPN,general
ленинград,PROPN,general
ленинградский,PROPN,specialized
лениться,VERB,everyday
лента,NOUN,general
лень,ADV,general
лень,NOUN,general
леонид,PROPN,everyday
леонов,PROPN,specialized
лепить,VERB,general
лермонтов,PROPN,specialized
лес,NOUN,everyday
леска,NOUN,everyday
лесопарк,NOUN,everyday
лестница,NOUN,everyday
лететь,VERB,everyday
летний,ADJ,general
лето,NOUN,general
летопись,NOUN,specialized
летосчисление,NOUN,specialized
лечение,NOUN,general
лечить,VERB,general
лечь,VERB,general
лешей,PROPN,everyday
ли,PART,general
либо,CCONJ,general
ливень,NOUN,everyday
лига,PROPN,general
лид,NOUN,specialized
лида,NOUN,specialized
лидировать,VERB,everyday
ликвидность,NOUN,specialized
лимит,NOUN,everyday
лимон,NOUN,everyday
лимонный,ADJ,specialized
лингвист,NOUN,specialized
лингвистика,NOUN,specialized
лингвистический,ADJ,specialized
линейка,NOUN,general
линия,NOUN,general
лионель,PROPN,general
липнуть,VERB,everyday
лирика,NOUN,specialized
лирический,ADJ,specialized
лиса,NOUN,everyday
лисичка,NOUN,everyday
лист,NOUN,general
листать,VERB,general
листва,NOUN,everyday
лиственница,NOUN,everyday
листик,NOUN,everyday
листовка,NOUN,general
листок,NOUN,general
листочек,NOUN,everyday
литер,NOUN,specialized
литература,NOUN,general
литературный,ADJ,specialized
литературовед,NOUN,general
литературоведение,NOUN,specialized
литиевый,ADJ,everyday
литовский,ADJ,specialized
литосфера,NOUN,specialized
литр,NOUN,general
лить,VERB,everyday
лифт,NOUN,everyday
лицензироваться,VERB,specialized
лицо,NOUN,general
личико,NOUN,everyday
личинка,NOUN,everyday
лично,ADV,general
личность,NOUN,everyday
личный,ADJ,general
лишайник,NOUN,everyday
лишать,VERB,general
лишение,NOUN,general
лишиться,VERB,everyday
лишний,ADJ,general
лишь,PART,general
ловить,VERB,everyday
ловко,ADV,everyday
ловушка,NOUN,specialized
логичный,ADJ,everyday
лодка,NOUN,everyday
лодочка,NOUN,everyday
лодыжка,NOUN,everyday
ложиться,VERB,general
ложка,NOUN,everyday
ложь,NOUN,general
локальный,ADJ,general
локация,NOUN,general
локоть,NOUN,general
ломаться,VERB,general
ломить,VERB,general
ломиться,VERB,everyday
ломоносов,PROPN,specialized
лондон,PROPN,general
лопата,NOUN,everyday
лопатка,NOUN,everyday
лосось,NOUN,everyday
лось,NOUN,everyday
лотерейный,ADJ,everyday
лотерея,NOUN,general
лоток,NOUN,general
лошадь,NOUN,everyday
луг,NOUN,everyday
лужа,NOUN,everyday
лузгать,VERB,everyday
луи,PROPN,general
лук,NOUN,everyday
луковица,NOUN,everyday
луковый,ADJ,everyday
луна,PROPN,general
лунка,NOUN,everyday
лунный,ADJ,specialized
лупа,NOUN,everyday
луч,NOUN,general
лучший,ADJ,general
лыжа,NOUN,everyday
лыжник,NOUN,everyday
лыжня,NOUN,everyday
лысеющий,ADJ,everyday
льгота,NOUN,general
льняной,ADJ,specialized
любимый,ADJ,everyday
любительница,NOUN,everyday
любить,VERB,everyday
любовный,ADJ,specialized
любовь,NOUN,general
любой,DET,general
любопытный,ADJ,everyday
любопытство,NOUN,general
людвиг,PROPN,everyday
людмила,PROPN,everyday
лёгкий,ADJ,everyday
лёд,NOUN,everyday
лётный,ADJ,specialized
лётчик,NOUN,specialized
лёш,PROPN,everyday
м,PROPN,general
м-м,INTJ,everyday
магазин,NOUN,general
магистраль,NOUN,specialized
магма,NOUN,specialized
магматический,ADJ,everyday
магнит,NOUN,everyday
магнитный,ADJ,everyday
магнитофонный,ADJ,specialized
магнитуда,NOUN,general
мажоритарный,ADJ,specialized
мазка,NOUN,everyday
май,NOUN,general
майор,NOUN,general
майор,PROPN,general
майский,ADJ,general
майя,NOUN,general
майяр,PROPN,specialized
макароны,NOUN,everyday
макартур,PROPN,general
макс,PROPN,general
максимально,ADV,everyday
максимальный,ADJ,general
максимум,NOUN,general
малевич,PROPN,specialized
маленький,ADJ,general
малина,NOUN,everyday
мало,ADV,general
маловероятный,ADJ,specialized
малый,ADJ,general
мальчик,NOUN,everyday
мальчишка,NOUN,general
малярный,ADJ,everyday
мама,NOUN,everyday
манга,NOUN,specialized
мандарин,NOUN,everyday
мандат,NOUN,specialized
манеж,NOUN,everyday
манизер,PROPN,everyday
манный,ADJ,everyday
манхейм,PROPN,specialized
маньчжурия,PROPN,specialized
маори,NOUN,specialized
маргарита,PROPN,specialized
марина,PROPN,everyday
мариус,PROPN,specialized
мария,PROPN,general
маркетинг,NOUN,specialized
маркетинга,PROPN,general
маркировка,NOUN,general
маркс,PROPN,specialized
мармеладов,PROPN,everyday
марокканский,ADJ,specialized
марс,PROPN,specialized
марсоход,NOUN,specialized
март,NOUN,general
март,PROPN,everyday
маруся,PROPN,everyday
маршрут,NOUN,general
маск,PROPN,general
маска,NOUN,everyday
маскировка,NOUN,specialized
масленица,NOUN,everyday
масленица,PROPN,everyday
масленичный,ADJ,everyday
масло,NOUN,everyday
масляный,ADJ,specialized
масса,NOUN,general
массив,NOUN,general
массово,ADV,everyday
массовый,ADJ,general
мастер,NOUN,general
мастер-класс,NOUN,general
мастерская,NOUN,general
мастерство,NOUN,general
масштаб,NOUN,general
масштабироваться,VERB,everyday
масштабный,ADJ,specialized
мат,NOUN,everyday
матвей,PROPN,everyday
математик,NOUN,specialized
математика,NOUN,general
математический,ADJ,specialized
материал,NOUN,general
материально,ADV,general
материальный,ADJ,general
матч,NOUN,everyday
мать,NOUN,everyday
махать,VERB,general
махнуть,VERB,everyday
мачеха,NOUN,everyday
маш,PROPN,everyday
маша,PROPN,everyday
машенька,NOUN,everyday
машенька,PROPN,everyday
машина,NOUN,everyday
машинка,NOUN,general
машинный,ADJ,specialized
машка,PROPN,everyday
маяк,NOUN,everyday
маяковская,PROPN,everyday
мбапп,PROPN,general
мвд,PROPN,everyday
мгновенно,ADV,general
мгновенный,ADJ,specialized
мебель,NOUN,everyday
медаль,NOUN,general
медведь,NOUN,everyday
медиа,NOUN,general
медиана,NOUN,general
медианный,ADJ,general
медиапространство,NOUN,specialized
медиафраншиза,NOUN,specialized
медитация,NOUN,general
медицина,NOUN,general
медицинский,ADJ,general
медкомиссия,NOUN,everyday
медленно,ADV,general
медленный,ADJ,general
медный,ADJ,everyday
медовуха,NOUN,everyday
медовый,ADJ,everyday
медсестра,NOUN,general
между,ADP,general
международный,ADJ,general
межконтинентальный,ADJ,specialized
мезоамерика,PROPN,specialized
мекка,PROPN,specialized
мел,NOUN,specialized
мелирование,NOUN,everyday
мелкий,ADJ,general
мелодический,ADJ,specialized
мелодия,NOUN,specialized
мелочь,NOUN,everyday
мелькать,VERB,specialized
мелькнуть,VERB,specialized
мемуары,NOUN,specialized
менделевий,NOUN,specialized
менделеев,PROPN,specialized
менеджер,NOUN,general
менее,ADV,general
меньший,ADJ,specialized
меньшинство,NOUN,specialized
меню,NOUN,everyday
менять,VERB,general
меняться,VERB,general
мера,NOUN,general
мерзлота,NOUN,specialized
мерить,VERB,general
мерка,NOUN,general
мероприятие,NOUN,general
мерцать,VERB,everyday
мерч,NOUN,everyday
месить,VERB,everyday
месопотамский,ADJ,specialized
месси,PROPN,general
местность,NOUN,specialized
местный,ADJ,general
место,NOUN,general
местоположение,NOUN,general
месяц,NOUN,general
метаанализ,NOUN,everyday
метавселенная,NOUN,general
металл,NOUN,specialized
металлический,ADJ,general
метаться,VERB,everyday
метафора,NOUN,specialized
метель,NOUN,everyday
метеорологический,ADJ,everyday
метеорология,NOUN,specialized
метод,NOUN,general
методика,NOUN,general
метр,NOUN,general
метро,NOUN,everyday
метрополитен,NOUN,everyday
мефодий,PROPN,specialized
механизация,NOUN,specialized
механизм,NOUN,general
механический,ADJ,general
мечеть,NOUN,everyday
мечта,NOUN,general
мечтать,VERB,general
мешать,VERB,general
мешок,NOUN,general
мешочек,NOUN,everyday
мигать,VERB,general
мигрант,NOUN,general
миграционный,ADJ,everyday
миграция,NOUN,specialized
мизансцена,NOUN,specialized
микробиота,NOUN,specialized
микроорганизм,NOUN,specialized
микрософт,PROPN,general
микросхема,NOUN,general
микрофон,NOUN,everyday
миллениал,NOUN,specialized
миллиард,NOUN,general
миллилитр,NOUN,everyday
миллиметр,NOUN,everyday
миллион,NOUN,general
милль,PROPN,specialized
милый,ADJ,everyday
мимо,ADP,general
мимоза,NOUN,everyday
минерал,NOUN,specialized
минеральный,ADJ,specialized
миниатюра,NOUN,specialized
миниатюрный,ADJ,everyday
минимализм,NOUN,general
минимальный,ADJ,general
минимум,NOUN,general
министерство,PROPN,general
министр,NOUN,general
минувший,ADJ,general
минус,NOUN,everyday
минута,NOUN,everyday
минутка,NOUN,everyday
минуточка,NOUN,everyday
мир,NOUN,general
мириться,VERB,everyday
мировоззрение,NOUN,specialized
мировой,ADJ,general
миропорядок,NOUN,specialized
миска,NOUN,everyday
мисо,NOUN,everyday
миссия,NOUN,general
митей,PROPN,everyday
митохондриальный,ADJ,specialized
миф,NOUN,general
мифологический,ADJ,specialized
мифология,NOUN,specialized
михаил,PROPN,general
миша,PROPN,everyday
мишель,PROPN,general
мкб,PROPN,specialized
младенчество,NOUN,everyday
младший,ADJ,everyday
младший,ADV,general
млечный,ADJ,specialized
мнение,NOUN,general
много,ADV,general
много,NUM,general
многое,NOUN,general
многозначный,ADJ,specialized
многоквартирный,ADJ,everyday
многократно,ADV,specialized
многократный,ADJ,specialized
многолетний,ADJ,general
многопользовательский,ADJ,general
многоразовый,ADJ,general
многослойный,ADJ,specialized
многосторонний,ADJ,specialized
многотомный,ADJ,specialized
многотысячный,ADJ,everyday
многофункциональный,ADJ,everyday
многоязычный,ADJ,specialized
множество,NOUN,general
мобилизация,NOUN,specialized
мобилизовать,VERB,general
мобилизоваться,VERB,everyday
мобильный,ADJ,general
могущественный,ADJ,specialized
мода,NOUN,general
моделировать,VERB,specialized
модель,NOUN,general
модерация,NOUN,general
модный,ADJ,general
можно,ADV,general
мозаика,NOUN,everyday
мозг,NOUN,general
мозоль,NOUN,everyday
мой,DET,general
мокро,ADV,everyday
мокрый,ADJ,everyday
мол,ADV,general
молекула,NOUN,specialized
молекулярно,ADV,specialized
моллюск,NOUN,everyday
молния,NOUN,general
молния,PROPN,everyday
молодец,NOUN,general
молодо,ADV,everyday
молодой,ADJ,general
молодость,NOUN,general
молодёжный,ADJ,everyday
молодёжь,NOUN,general
молоко,NOUN,everyday
молоток,NOUN,everyday
молочный,ADJ,everyday
молча,ADV,general
молчание,NOUN,general
молчать,VERB,general
моль,NOUN,everyday
момент,NOUN,general
моментально,ADV,everyday
монархия,NOUN,specialized
монастырь,NOUN,general
монах,NOUN,specialized
монгольский,ADJ,specialized
монета,NOUN,everyday
монолог,NOUN,everyday
мономиф,NOUN,specialized
монохромный,ADJ,everyday
монстера,NOUN,everyday
монтаж,NOUN,specialized
монтескьё,PROPN,specialized
монтировать,VERB,specialized
мораль,NOUN,everyday
морально,ADV,general
моральный,ADJ,specialized
моргнуть,VERB,everyday
море,NOUN,everyday
мореплаватель,NOUN,specialized
морковка,NOUN,everyday
морковь,NOUN,everyday
мормышка,NOUN,everyday
мороженое,NOUN,general
мороз,NOUN,everyday
мороз,PROPN,everyday
морозилка,NOUN,everyday
морозный,ADJ,everyday
моросить,VERB,everyday
морошка,NOUN,everyday
морс,NOUN,everyday
морской,ADJ,general
морфология,NOUN,specialized
морщина,NOUN,everyday
москва,PROPN,general
московский,ADJ,general
мост,NOUN,everyday
мотив,NOUN,general
мотивационный,ADJ,general
моток,NOUN,everyday
мотоцикл,NOUN,general
мотоциклист,NOUN,general
мох,NOUN,everyday
мочь,VERB,general
мошенник,NOUN,everyday
мошеннический,ADJ,general
мошенничество,NOUN,everyday
мощность,NOUN,general
мощный,ADJ,everyday
мудрый,ADV,specialized
муж,NOUN,everyday
мужской,ADJ,everyday
мужчина,NOUN,everyday
музей,NOUN,general
музыка,NOUN,general
музыкальный,ADJ,general
музыкант,NOUN,general
мука,NOUN,everyday
мультик,NOUN,everyday
мультфильм,NOUN,everyday
мумификация,NOUN,specialized
мумия,NOUN,specialized
мундир,NOUN,specialized
муниципалитет,NOUN,specialized
муниципальный,ADJ,general
мунк,PROPN,specialized
мурал,NOUN,specialized
мусор,NOUN,everyday
мусоровоз,NOUN,general
мусульманин,NOUN,specialized
мутный,ADJ,everyday
муха,NOUN,everyday
мухомор,NOUN,everyday
мучить,VERB,everyday
мфц,PROPN,everyday
мчс,PROPN,everyday
мы,PRON,general
мысленно,ADV,everyday
мысленный,ADJ,specialized
мыслить,VERB,general
мысль,NOUN,general
мыть,VERB,everyday
мышка,NOUN,general
мышление,NOUN,general
мышца,NOUN,general
мышь,NOUN,general
мэри,PROPN,general
мягкий,ADJ,everyday
мягко,ADV,everyday
мягкотелый,ADJ,everyday
мясной,ADJ,everyday
мясо,NOUN,general
мята,NOUN,everyday
мяться,VERB,everyday
мяч,NOUN,everyday
мёд,NOUN,general
мёрзлый,ADJ,specialized
мёрзнуть,VERB,everyday
мёртвый,ADJ,specialized
на,ADP,general
набережная,NOUN,general
набирать,VERB,general
наблюдатель,NOUN,specialized
наблюдательный,ADJ,specialized
наблюдать,VERB,general
наблюдение,NOUN,general
набойка,NOUN,everyday
набор,NOUN,general
наборный,ADJ,specialized
набрать,VERB,general
набраться,VERB,everyday
набухнуть,VERB,everyday
наверное,ADV,general
наверняка,ADV,everyday
навес,NOUN,everyday
навигатор,NOUN,general
навигация,NOUN,specialized
наводить,VERB,everyday
наводнение,NOUN,general
навредить,VERB,everyday
навсегда,ADV,general
навстречу,ADV,everyday
навык,NOUN,general
навынос,ADV,general
навязчивый,ADJ,everyday
навязывать,VERB,specialized
наглядный,ADJ,specialized
награда,NOUN,general
нагрев,NOUN,everyday
нагревание,NOUN,specialized
нагревать,VERB,specialized
нагреваться,VERB,everyday
нагружать,VERB,everyday
нагрузка,NOUN,general
над,ADP,general
надбавка,NOUN,general
надевать,VERB,everyday
надежда,NOUN,general
надеть,VERB,everyday
надеяться,VERB,general
надзор,NOUN,specialized
надзорный,ADJ,general
надкусить,VERB,everyday
надлежащий,ADJ,everyday
надо,ADV,everyday
надоесть,VERB,everyday
надолго,ADV,general
надпись,NOUN,general
надёжно,ADV,general
надёжный,ADJ,general
наедаться,VERB,general
наедине,ADV,general
нажатие,NOUN,everyday
нажать,VERB,general
нажимать,VERB,general
нажить,VERB,specialized
назад,ADV,general
название,NOUN,general
назвать,VERB,general
назло,ADV,everyday
назначать,VERB,general
назначение,NOUN,general
назначить,VERB,general
называть,VERB,general
называться,VERB,general
наиболее,ADV,general
наибольший,ADJ,general
наизусть,ADV,general
наименование,NOUN,general
наименьший,ADJ,everyday
найти,VERB,general
найтись,VERB,general
наказание,NOUN,general
накамото,PROPN,general
накануне,ADP,general
накапливаться,VERB,general
накатить,VERB,everyday
накипь,NOUN,general
накладка,NOUN,everyday
накладывать,VERB,specialized
наклонять,VERB,everyday
наконец,ADV,general
накопитель,NOUN,general
накопительный,ADJ,general
накопительство,NOUN,everyday
накопить,VERB,general
накопиться,VERB,general
накопление,NOUN,general
накормить,VERB,everyday
накрутить,VERB,everyday
накрыть,VERB,everyday
наладиться,VERB,everyday
налево,ADV,everyday
наливать,VERB,general
налить,VERB,general
наличие,NOUN,general
наличник,NOUN,everyday
наличные,NOUN,general
наличный,ADJ,general
налог,NOUN,general
налоговый,ADJ,everyday
налогообложение,NOUN,specialized
намекать,VERB,everyday
намерение,NOUN,general
намеренно,ADV,general
намеренный,ADJ,specialized
намёк,NOUN,everyday
нанять,VERB,specialized
наоборот,ADV,general
наотрез,ADV,specialized
нападение,NOUN,general
наперёд,ADV,everyday
напечатать,VERB,specialized
написание,NOUN,general
написать,VERB,general
напиток,NOUN,everyday
напоказ,ADV,everyday
наполеоновский,ADJ,specialized
наполняться,VERB,general
наполовину,ADV,everyday
напоминание,NOUN,everyday
напоминать,VERB,general
напомнить,VERB,everyday
напоследок,ADV,everyday
направить,VERB,general
направление,NOUN,general
направо,ADV,everyday
напрашиваться,VERB,general
например,ADV,general
напротив,ADP,general
напротив,ADV,general
напрягаться,VERB,everyday
напряжение,NOUN,general
напряжённость,NOUN,general
напряжённый,ADJ,general
напрямую,ADV,general
нарезка,NOUN,everyday
нарисовать,VERB,general
народ,NOUN,general
народный,ADJ,general
наружный,ADJ,specialized
наружу,ADV,general
нарушать,VERB,specialized
нарушение,NOUN,general
нарушить,VERB,general
наряд,NOUN,everyday
нарядный,ADJ,everyday
наряду,ADV,general
наса,PROPN,general
насадить,VERB,everyday
насадка,NOUN,everyday
насаждение,NOUN,general
насекомое,NOUN,everyday
население,NOUN,general
населённый,ADJ,everyday
насилие,NOUN,general
наскальный,ADJ,specialized
насквозь,ADV,everyday
насколько,ADV,general
насколько,SCONJ,general
наслаждение,NOUN,specialized
наследие,NOUN,general
наследник,NOUN,general
наследование,NOUN,specialized
наследовать,VERB,specialized
наследодатель,NOUN,specialized
наследственный,ADJ,specialized
наследство,NOUN,specialized
наследуемый,ADJ,specialized
наслоение,NOUN,specialized
насморк,NOUN,general
насос,NOUN,everyday
наставник,NOUN,everyday
настаивать,VERB,general
насти,PROPN,everyday
настолько,ADV,general
настольный,ADJ,everyday
настораживать,VERB,specialized
настоять,VERB,everyday
настоящий,ADJ,general
настраивать,VERB,general
настроение,NOUN,general
настроить,VERB,general
наступать,VERB,general
наступить,VERB,everyday
наступление,NOUN,general
настя,PROPN,everyday
насчитать,VERB,specialized
насчитывать,VERB,specialized
насыпь,NOUN,everyday
насытить,VERB,general
насыщенный,ADJ,general
насыщенный,VERB,specialized
наташа,PROPN,everyday
наткнуться,VERB,general
натолкнуть,VERB,specialized
натрон,NOUN,specialized
натура,NOUN,everyday
наугад,ADV,general
наука,NOUN,general
наутро,ADV,everyday
научить,VERB,general
научиться,VERB,everyday
научный,ADJ,general
наушник,NOUN,everyday
нахмуренный,ADJ,everyday
находить,VERB,general
находиться,VERB,general
находка,NOUN,specialized
национальный,ADJ,general
нацистский,ADJ,specialized
нация,PROPN,specialized
начало,NOUN,general
начальник,NOUN,general
начальница,NOUN,everyday
начальный,ADJ,general
начальство,NOUN,general
начать,VERB,general
начаться,VERB,general
начинать,VERB,general
начинаться,VERB,general
начинающий,ADJ,everyday
начинка,NOUN,everyday
начислить,VERB,general
наш,DET,general
нашествие,NOUN,specialized
нащупать,VERB,general
наём,NOUN,specialized
не,PART,general
неандертальский,ADJ,specialized
неафриканский,ADJ,specialized
небезопасный,ADJ,everyday
небесный,ADJ,specialized
небиологический,ADJ,specialized
небо,NOUN,general
небогатый,ADJ,everyday
небольшой,ADJ,general
нева,PROPN,specialized
неважный,ADJ,everyday
неве,PROPN,specialized
невезение,NOUN,general
неверие,NOUN,specialized
неверный,ADJ,general
невероятный,ADJ,general
невеста,NOUN,everyday
невестка,NOUN,everyday
невидимость,NOUN,specialized
невидимый,ADJ,specialized
невнимательность,NOUN,everyday
невозможность,NOUN,everyday
невозможный,ADJ,general
невский,PROPN,general
невыгодный,ADJ,specialized
невымытый,ADJ,general
невысокий,ADJ,general
невысылка,NOUN,specialized
негромкий,ADJ,everyday
негустой,ADJ,everyday
недавний,ADJ,general
недавно,ADV,general
недалеко,ADJ,everyday
недалеко,ADV,general
недаром,ADV,general
неделя,NOUN,general
недешёвый,ADJ,everyday
недоверие,NOUN,general
недовольство,NOUN,everyday
недодать,VERB,everyday
недоказанный,ADJ,general
недооценивать,VERB,specialized
недопущение,NOUN,specialized
недорого,ADV,everyday
недорогой,ADJ,everyday
недостаток,NOUN,general
недостаточный,ADJ,general
недостающий,ADJ,general
недоступный,ADJ,specialized
недосып,NOUN,everyday
недосыпание,NOUN,general
недоумение,NOUN,specialized
нежный,ADJ,everyday
независимо,ADV,general
независимость,NOUN,general
независимый,ADJ,specialized
незаконный,ADJ,general
незаменимый,ADJ,specialized
незаметно,ADV,general
незамёрзший,ADJ,specialized
незнакомец,NOUN,everyday
незнакомый,ADJ,general
незначительно,ADV,everyday
незрячий,ADJ,everyday
неизбежно,ADV,general
неизбежный,ADJ,specialized
неизменный,ADJ,general
нейромышечный,ADJ,specialized
нейронаука,NOUN,specialized
нейросеть,NOUN,general
нейтральный,ADJ,specialized
некий,DET,general
некогда,ADV,everyday
некомфортно,ADV,everyday
некоторый,DET,general
некрасивый,ADJ,general
некуда,ADV,general
неловкий,ADJ,general
неловко,ADV,everyday
нельзя,ADV,general
нелюбовь,NOUN,everyday
немало,ADV,general
немалый,ADJ,general
нематериальный,ADJ,general
немедленно,ADV,everyday
немецкий,ADJ,general
немногие,ADJ,general
немного,ADV,general
ненадолго,ADV,everyday
ненужный,ADJ,everyday
необратимо,ADV,specialized
необходимость,NOUN,general
необходимый,ADJ,general
необыкновенный,ADJ,everyday
необычайно,ADV,specialized
необычно,ADV,specialized
необычный,ADJ,general
неодинаково,ADV,general
неодинаковый,ADJ,everyday
неоднозначный,ADJ,general
неоднократно,ADV,general
неоднородный,ADJ,general
неожиданно,ADJ,everyday
неожиданно,ADV,general
неожиданность,NOUN,general
неожиданный,ADJ,general
неоплачиваемый,ADJ,specialized
неопределённость,NOUN,general
неотделимый,ADJ,general
неофициальный,ADJ,specialized
непереносимость,NOUN,everyday
неплохо,ADV,general
неплохой,ADJ,general
неповторимость,NOUN,specialized
непогода,NOUN,everyday
неподалёку,ADV,general
неподвижно,ADV,everyday
неподвижный,ADJ,general
неполный,ADJ,everyday
непонимание,NOUN,general
непонятный,ADJ,general
непосредственно,ADV,general
непосредственный,ADJ,specialized
неправильный,ADJ,general
непредвиденный,ADJ,general
непременно,ADV,everyday
непрерывно,ADV,general
непрерывный,ADJ,general
непривычка,NOUN,general
непривычно,ADV,everyday
непривычный,ADJ,general
неприкосновенность,NOUN,specialized
неприкосновенный,ADJ,general
неприятно,ADJ,general
неприятный,ADJ,general
непроверенный,ADJ,specialized
непродовольственный,ADJ,everyday
непростой,ADJ,general
непроцедурный,ADJ,specialized
нерабочий,ADJ,everyday
неравенство,NOUN,specialized
неравномерно,ADV,everyday
неравномерный,ADJ,everyday
неразлучный,ADJ,everyday
неразрывно,ADV,specialized
неразумный,ADJ,specialized
нервничать,VERB,general
нервный,ADJ,general
нередко,ADV,general
нерелигиозный,ADJ,specialized
нерешённый,ADJ,general
нержавеющий,ADJ,everyday
неровность,NOUN,everyday
неровный,ADJ,everyday
несанкционированный,ADJ,general
несколько,ADV,everyday
несколько,NUM,general
нескромный,ADJ,everyday
несложный,ADJ,general
несмотря,ADV,general
несовершеннолетний,NOUN,general
несовершенство,NOUN,everyday
несогласие,NOUN,everyday
несоответствие,NOUN,specialized
несостыковка,NOUN,specialized
неспешно,ADV,everyday
несправедливость,NOUN,general
нестабильность,NOUN,general
нестандартный,ADJ,general
нести,VERB,general
нет,PART,general
нет,VERB,general
неторопливо,ADV,everyday
неторопливый,ADJ,everyday
неточно,ADV,specialized
неточный,ADJ,specialized
нетронутый,ADJ,specialized
неудача,NOUN,general
неудачный,ADJ,everyday
неудобный,ADJ,general
неудобство,NOUN,general
неудовлетворительный,ADJ,general
неудовлетворённый,ADJ,specialized
неуклюжий,ADJ,everyday
неуловимо,ADV,everyday
неуместно,ADV,everyday
неуправляемый,ADJ,specialized
неформальный,ADJ,general
нефть,NOUN,everyday
нехватка,NOUN,general
нехороший,ADJ,everyday
нечего,PRON,general
нечестный,ADJ,general
нечто,PRON,general
нечётный,ADJ,everyday
неясный,ADJ,general
ни,CCONJ,general
ни,PART,general
нигде,ADV,general
ниже,ADV,general
нижегородский,PROPN,everyday
нижний,ADJ,everyday
низкий,ADJ,general
низко,ADV,everyday
низменность,NOUN,specialized
низший,ADJ,specialized
никак,ADV,general
никакой,DET,general
никогда,ADV,general
николаевна,PROPN,everyday
николай,PROPN,general
никто,PRON,general
никуда,ADV,general
нил,PROPN,specialized
нина,PROPN,everyday
нитка,NOUN,everyday
ничто,PRON,general
ничья,NOUN,everyday
нишевой,ADJ,general
но,CCONJ,general
новгород,PROPN,general
новизна,NOUN,general
новичок,NOUN,everyday
новогодний,ADJ,general
новоселье,NOUN,everyday
новосибирск,PROPN,general
новостной,ADJ,general
новость,NOUN,general
новосёлово,PROPN,specialized
новый,ADJ,general
нога,NOUN,everyday
нож,NOUN,everyday
ножик,NOUN,everyday
ножка,NOUN,general
нозик,PROPN,specialized
номер,NOUN,everyday
норма,NOUN,general
нормально,ADV,general
нормальный,ADJ,everyday
нос,NOUN,general
носе,PROPN,specialized
носитель,NOUN,general
носить,VERB,everyday
носиться,VERB,everyday
носок,NOUN,everyday
ностальгия,NOUN,specialized
нота,NOUN,everyday
ноутбук,NOUN,general
ночевать,VERB,everyday
ночной,ADJ,general
ночь,NOUN,general
ноябрь,NOUN,general
нравиться,VERB,everyday
ну,PART,general
нужда,NOUN,specialized
нуждаться,VERB,specialized
нужный,ADJ,general
нуклеотид,NOUN,specialized
нулевой,ADJ,specialized
нуль,NOUN,general
ныне,ADV,general
нынешний,ADJ,general
нырять,VERB,everyday
ныть,VERB,general
ньютон,PROPN,specialized
ньюфаундленд,PROPN,specialized
нюанс,NOUN,general
о,ADP,general
о,INTJ,general
оба,NUM,general
обвести,VERB,everyday
обвинять,VERB,everyday
обед,NOUN,general
обедать,VERB,everyday
обеденный,ADJ,general
обезвоживать,VERB,specialized
обезьяна,NOUN,everyday
обезьянка,NOUN,everyday
обеспечение,NOUN,general
обеспечивать,VERB,general
обеспечить,VERB,general
обеспокоенность,NOUN,everyday
обеспокоить,VERB,everyday
обещать,VERB,everyday
обжалование,NOUN,everyday
обжарить,VERB,everyday
обзор,NOUN,general
обивка,NOUN,everyday
обида,NOUN,general
обидеть,VERB,everyday
обидеться,VERB,everyday
обидный,ADJ,general
обижаться,VERB,everyday
обилие,NOUN,everyday
обитание,NOUN,everyday
обитатель,NOUN,everyday
обитать,VERB,everyday
обладать,VERB,specialized
облако,NOUN,general
область,NOUN,general
облачный,ADJ,general
облегчать,VERB,general
облегчить,VERB,everyday
облететь,VERB,specialized
обливать,VERB,everyday
облик,NOUN,general
обложка,NOUN,everyday
обман,NOUN,specialized
обматывать,VERB,specialized
обмен,NOUN,general
обмениваться,VERB,general
обменять,VERB,everyday
обмотать,VERB,everyday
обмять,VERB,everyday
обнаружение,NOUN,specialized
обнаруживать,VERB,specialized
обнаруживаться,VERB,specialized
обнаружить,VERB,general
обнимать,VERB,everyday
обниматься,VERB,everyday
обновить,VERB,general
обновление,NOUN,general
обновлять,VERB,general
обновляться,VERB,everyday
обняться,VERB,everyday
обо,ADP,general
обобщение,NOUN,general
обобщённо,ADV,general
обогащать,VERB,everyday
обогреватель,NOUN,general
обожание,NOUN,everyday
обожать,VERB,general
обозначать,VERB,general
обозрение,NOUN,everyday
обойти,VERB,general
обойтись,VERB,general
оболочка,NOUN,specialized
обомлеть,VERB,everyday
оборона,NOUN,specialized
обороняться,VERB,everyday
оборот,NOUN,everyday
оборудование,NOUN,everyday
обоснованный,VERB,specialized
обосновывать,VERB,general
обострение,NOUN,general
обочина,NOUN,everyday
обрабатываться,VERB,specialized
обработка,NOUN,general
обрадоваться,VERB,general
образ,NOUN,general
образец,NOUN,general
образный,ADJ,everyday
образование,NOUN,general
образовательный,ADJ,general
образовывать,VERB,general
образовываться,VERB,specialized
обрасти,VERB,specialized
обратить,VERB,general
обратиться,VERB,general
обратно,ADV,general
обратный,ADJ,everyday
обращать,VERB,general
обращаться,VERB,general
обращение,NOUN,everyday
обретение,NOUN,everyday
обрыться,VERB,everyday
обряд,NOUN,everyday
обрядность,NOUN,everyday
обследование,NOUN,general
обслуживание,NOUN,general
обслуживать,VERB,specialized
обстановка,NOUN,everyday
обстоятельство,NOUN,general
обсудить,VERB,general
обсуждать,VERB,general
обсуждение,NOUN,general
обувь,NOUN,everyday
обустраивать,VERB,everyday
обучать,VERB,specialized
обучаться,VERB,everyday
обучение,NOUN,general
обучить,VERB,specialized
обход,NOUN,general
обходить,VERB,general
обходиться,VERB,everyday
обширный,ADJ,specialized
общаться,VERB,general
общежитие,NOUN,general
общение,NOUN,general
общепринятый,ADJ,specialized
общеславянский,ADJ,specialized
общественно,ADV,everyday
общественный,ADJ,general
общество,NOUN,general
обществознание,NOUN,general
общеустановленный,ADJ,general
общий,ADJ,general
община,NOUN,general
общность,NOUN,everyday
объединение,NOUN,general
объединить,VERB,general
объединять,VERB,specialized
объект,NOUN,general
объективный,ADJ,specialized
объявить,VERB,general
объявление,NOUN,general
объявлять,VERB,general
объяснение,NOUN,general
объяснить,VERB,general
объяснять,VERB,general
объём,NOUN,general
объёмный,ADJ,everyday
обыгрывать,VERB,everyday
обычай,NOUN,general
обычно,ADV,general
обычный,ADJ,general
обязанность,NOUN,general
обязанный,ADJ,general
обязательно,ADV,general
обязательный,ADJ,general
обязательство,NOUN,general
обязывать,VERB,general
обёртка,NOUN,everyday
овертуризм,NOUN,everyday
овечий,ADJ,everyday
овощ,NOUN,general
овощной,ADJ,everyday
овсянка,NOUN,everyday
овсяный,ADJ,everyday
оглядываться,VERB,general
ого,INTJ,general
огонь,NOUN,general
огород,NOUN,everyday
ограничение,NOUN,general
ограниченно,ADV,general
ограниченный,ADJ,general
ограничивать,VERB,general
ограничиваться,VERB,general
ограничить,VERB,general
огромный,ADJ,general
огурец,NOUN,everyday
огурчик,NOUN,everyday
огэ,PROPN,general
одежда,NOUN,everyday
одержать,VERB,everyday
одеть,VERB,everyday
одеться,VERB,everyday
одеяло,NOUN,everyday
один,DET,general
один,NUM,general
одинаково,ADV,general
одинаковый,ADJ,general
одиннадцатый,ADJ,general
одиннадцать,NUM,general
одинокий,ADJ,everyday
одиночество,NOUN,general
одиночка,NOUN,general
одиночный,ADJ,everyday
однажды,ADV,everyday
однако,ADV,general
одновременно,ADV,general
одногруппник,NOUN,general
однодневный,ADJ,general
однозначно,ADV,general
однозначный,ADJ,general
одноклассница,NOUN,everyday
однокурсник,NOUN,everyday
однонаправленный,ADJ,everyday
одноразовый,ADJ,general
однородный,ADJ,specialized
односложно,ADV,everyday
однотонный,ADJ,everyday
одолжить,VERB,general
одомашнивание,NOUN,specialized
одуванчик,NOUN,everyday
одышка,NOUN,general
оживить,VERB,specialized
оживление,NOUN,specialized
ожидание,NOUN,general
ожидать,VERB,general
озарение,NOUN,specialized
озеро,NOUN,general
ознакомительный,ADJ,general
ознакомиться,VERB,everyday
ознакомление,NOUN,specialized
означать,VERB,general
ой,INTJ,everyday
ока,PROPN,everyday
оказать,VERB,general
оказаться,VERB,general
оказывать,VERB,general
оказываться,VERB,general
окаменелость,NOUN,specialized
оканье,NOUN,specialized
океан,NOUN,general
океанский,ADJ,specialized
оккупация,NOUN,specialized
оклад,NOUN,general
окно,NOUN,everyday
око,NOUN,everyday
около,ADP,general
окончание,NOUN,general
окончательно,ADV,everyday
окончательный,ADJ,general
окончить,VERB,specialized
окошко,NOUN,general
окраина,NOUN,general
окраска,NOUN,specialized
окрашивание,NOUN,everyday
окрашивать,VERB,everyday
окрашиваться,VERB,specialized
округ,NOUN,general
окружать,VERB,general
окружение,NOUN,general
окружить,VERB,specialized
октябрь,NOUN,general
окунь,NOUN,everyday
олег,PROPN,everyday
олей,PROPN,everyday
оленеводство,NOUN,general
олень,NOUN,everyday
оленька,PROPN,everyday
оливка,NOUN,everyday
оливье,NOUN,everyday
олимпиада,PROPN,general
олимпийский,ADJ,general
ольга,PROPN,general
оля,PROPN,everyday
омовение,NOUN,specialized
омс,PROPN,general
он,PRON,general
она,PRON,general
онегин,PROPN,specialized
они,PRON,general
онлайн,NOUN,general
оно,PRON,general
оон,NOUN,general
оон,PROPN,general
опадать,VERB,everyday
опаздывать,VERB,everyday
опасаться,VERB,general
опасение,NOUN,general
опасность,NOUN,general
опасный,ADJ,general
опера,NOUN,general
оператор,NOUN,general
операторский,ADJ,everyday
операция,NOUN,general
опередить,VERB,everyday
опилки,NOUN,everyday
опираться,VERB,specialized
описание,NOUN,general
описательный,ADJ,everyday
описать,VERB,general
описывать,VERB,general
опись,NOUN,everyday
оплакивать,VERB,general
оплата,NOUN,general
оплатить,VERB,general
оплачивать,VERB,general
оповещение,NOUN,everyday
опоздать,VERB,general
оползень,NOUN,everyday
опора,NOUN,specialized
оппонент,NOUN,general
оправа,NOUN,everyday
оправдать,VERB,specialized
оправдаться,VERB,specialized
оправдываться,VERB,everyday
определение,NOUN,general
определить,VERB,general
определиться,VERB,everyday
определять,VERB,specialized
определённый,ADJ,specialized
опрокинуться,VERB,everyday
опрос,NOUN,general
оптовый,ADJ,general
опубликовать,VERB,specialized
опускать,VERB,everyday
опустить,VERB,everyday
опуститься,VERB,everyday
опустошить,VERB,general
опухнуть,VERB,everyday
опушка,NOUN,everyday
опыт,NOUN,general
опытный,ADJ,everyday
опять,ADV,everyday
оранжевый,ADJ,general
оранжерея,NOUN,everyday
орать,VERB,general
орбита,NOUN,specialized
орбитальный,ADJ,specialized
орган,NOUN,general
организатор,NOUN,general
организационный,ADJ,general
организация,NOUN,general
организация,PROPN,general
организм,NOUN,general
организовывать,VERB,general
органический,ADJ,everyday
орда,PROPN,specialized
ордынский,ADJ,specialized
орех,NOUN,everyday
ореховый,ADJ,everyday
оригинал,NOUN,everyday
оригинально,ADJ,everyday
оригинальный,ADJ,specialized
ориентир,NOUN,specialized
ориентировать,VERB,specialized
ориентироваться,VERB,general
оркестр,NOUN,general
орудие,NOUN,specialized
оса,NOUN,everyday
осаго,PROPN,general
осада,NOUN,specialized
осадки,NOUN,everyday
осадочный,ADJ,specialized
осваивать,VERB,general
осведомлённость,NOUN,everyday
освежать,VERB,everyday
освежить,VERB,everyday
освещение,NOUN,general
освободить,VERB,everyday
освободиться,VERB,general
освобождать,VERB,general
освобождение,NOUN,general
освящать,VERB,everyday
осенний,ADJ,general
осень,NOUN,everyday
осесть,VERB,everyday
осикацу,NOUN,everyday
осина,NOUN,everyday
оскорбительный,ADJ,specialized
оскорбить,VERB,everyday
ослабевать,VERB,general
ослабить,VERB,specialized
ослабление,NOUN,general
осложнить,VERB,general
осматривать,VERB,general
осмотр,NOUN,general
осмотреть,VERB,everyday
осмысленно,ADV,everyday
осмысленный,ADJ,specialized
основа,NOUN,general
основание,NOUN,general
основать,VERB,general
основное,NOUN,general
основной,ADJ,general
основополагающий,ADJ,specialized
основоположник,NOUN,specialized
особенно,ADV,general
особенность,NOUN,general
особенный,ADJ,everyday
особо,ADV,general
особый,ADJ,general
особь,NOUN,general
осознанно,ADV,general
осознанность,NOUN,everyday
оспаривать,VERB,general
оставаться,VERB,general
оставить,VERB,everyday
оставлять,VERB,general
остальной,ADJ,everyday
останавливать,VERB,general
останавливаться,VERB,everyday
останки,NOUN,general
остановить,VERB,everyday
остановиться,VERB,everyday
остановка,NOUN,general
остаток,NOUN,general
остаться,VERB,everyday
осторожно,ADV,general
осторожность,NOUN,general
осторожный,ADJ,general
осторожный,ADV,general
остро,ADJ,everyday
остро,ADV,specialized
остров,NOUN,general
островский,PROPN,general
острый,ADJ,everyday
остывать,VERB,everyday
остыть,VERB,everyday
осуждать,VERB,everyday
осуждение,NOUN,specialized
осуществиться,VERB,general
осуществлять,VERB,general
осьминог,NOUN,specialized
от,ADP,general
отбеливание,NOUN,everyday
отбивать,VERB,general
отбирать,VERB,everyday
отбор,NOUN,general
отбраковывать,VERB,general
отвергать,VERB,specialized
отверстие,NOUN,everyday
отвертеться,VERB,everyday
отвесить,VERB,general
отвесный,ADJ,everyday
ответ,NOUN,general
ответвление,NOUN,everyday
ответить,VERB,general
ответственность,NOUN,general
ответственный,ADJ,general
отвечать,VERB,general
отвлекаться,VERB,general
отводить,VERB,everyday
отвёртка,NOUN,everyday
отголосок,NOUN,specialized
отдавать,VERB,everyday
отдалённый,ADJ,specialized
отдать,VERB,everyday
отдел,NOUN,general
отделение,NOUN,general
отделить,VERB,specialized
отдельно,ADV,general
отдельный,ADJ,general
отделять,VERB,general
отдохнуть,VERB,general
отдых,NOUN,general
отдыхать,VERB,general
отекать,VERB,general
отель,NOUN,general
отец,NOUN,everyday
отзыв,NOUN,everyday
отказ,NOUN,general
отказаться,VERB,general
отказываться,VERB,general
откапывать,VERB,everyday
откладывать,VERB,general
откладываться,VERB,general
отклеиться,VERB,everyday
отклик,NOUN,specialized
откликнуться,VERB,everyday
отклонить,VERB,general
отключать,VERB,general
отключение,NOUN,everyday
отключить,VERB,everyday
отключиться,VERB,general
откровение,NOUN,specialized
откровенно,ADV,general
открывалка,NOUN,everyday
открывать,VERB,general
открываться,VERB,general
открытие,NOUN,general
открытка,NOUN,everyday
открытка,PROPN,everyday
открыто,ADV,general
открытость,NOUN,general
открытый,ADJ,general
открыть,VERB,general
открыться,VERB,general
откуда,ADV,general
отличать,VERB,everyday
отличаться,VERB,general
отличие,NOUN,general
отличить,VERB,everyday
отлично,ADV,everyday
отличный,ADJ,everyday
отложить,VERB,everyday
отмахиваться,VERB,everyday
отмена,NOUN,everyday
отменить,VERB,general
отменять,VERB,specialized
отметить,VERB,general
отметка,NOUN,general
отмечать,VERB,general
отмирать,VERB,everyday
отнести,VERB,general
отнестись,VERB,everyday
отнимать,VERB,general
относительно,ADV,general
относительность,NOUN,specialized
относительный,ADJ,general
относить,VERB,specialized
относиться,VERB,general
отношение,NOUN,general
отнять,VERB,general
отобрать,VERB,general
отодвинуть,VERB,general
отойти,VERB,everyday
отопление,NOUN,general
отпечаток,NOUN,general
отплатить,VERB,everyday
отправить,VERB,general
отправиться,VERB,general
отправка,NOUN,general
отправление,NOUN,everyday
отправлять,VERB,general
отправляться,VERB,everyday
отправной,ADJ,specialized
отпуск,NOUN,general
отпустить,VERB,everyday
отравить,VERB,everyday
отражать,VERB,specialized
отражаться,VERB,specialized
отражение,NOUN,general
отразиться,VERB,general
отрасль,NOUN,general
отрегулировать,VERB,everyday
отрезвлять,VERB,general
отречение,NOUN,specialized
отрицание,NOUN,general
отрицательный,ADJ,specialized
отрывной,ADJ,everyday
отряд,NOUN,general
отряхнуться,VERB,everyday
отслеживать,VERB,everyday
отставать,VERB,general
отступить,VERB,general
отсутствие,NOUN,general
отсутствовать,VERB,specialized
отсчитывать,VERB,everyday
отсылка,NOUN,specialized
отсюда,ADV,general
оттаивать,VERB,everyday
отталкиваться,VERB,specialized
оттенок,NOUN,everyday
оттепель,NOUN,everyday
оттуда,ADV,general
отходить,VERB,general
отходы,NOUN,general
отчасти,ADV,general
отчего,ADV,everyday
отчество,NOUN,everyday
отчисление,NOUN,specialized
отчитать,VERB,general
отчёт,NOUN,general
отъезд,NOUN,everyday
отыграться,VERB,everyday
офис,NOUN,general
офисный,ADJ,general
официально,ADV,general
официальный,ADJ,general
официант,NOUN,everyday
офлайн,NOUN,everyday
оформить,VERB,everyday
оформиться,VERB,specialized
оформление,NOUN,general
оформлять,VERB,everyday
офсайд,NOUN,everyday
ох,INTJ,everyday
охватить,VERB,general
охватывать,VERB,specialized
охлаждение,NOUN,general
охота,NOUN,general
охотно,ADV,general
охотный,ADJ,everyday
охрана,NOUN,general
охранник,NOUN,everyday
охранять,VERB,general
охраняться,VERB,general
оценивать,VERB,general
оценить,VERB,general
оценка,NOUN,general
оцифровать,VERB,specialized
очаг,NOUN,specialized
очевидный,ADJ,general
очень,ADV,general
очередной,ADJ,general
очередь,NOUN,general
очерк,NOUN,general
очертание,NOUN,specialized
очистить,VERB,general
очищать,VERB,specialized
очки,NOUN,everyday
очно-заочный,ADJ,everyday
очный,ADJ,general
ошибаться,VERB,everyday
ошибка,NOUN,general
ошибочный,ADJ,specialized
ощупь,NOUN,everyday
ощущать,VERB,specialized
ощущаться,VERB,general
ощущение,NOUN,general
оэср,PROPN,general
павел,PROPN,general
павловна,PROPN,everyday
падать,VERB,general
падение,NOUN,general
пазл,NOUN,specialized
пакет,NOUN,everyday
пакетик,NOUN,everyday
палата,NOUN,general
палатка,NOUN,everyday
палец,NOUN,everyday
палка,NOUN,everyday
паломник,NOUN,specialized
паломничество,NOUN,specialized
палочка,NOUN,general
палуба,NOUN,everyday
пальто,NOUN,everyday
пальчик,NOUN,everyday
памятка,NOUN,everyday
памятник,NOUN,general
памятный,ADJ,specialized
память,NOUN,general
пандемия,NOUN,general
панель,NOUN,everyday
панельный,ADJ,specialized
паника,NOUN,everyday
панорама,NOUN,everyday
папа,NOUN,everyday
пар,NOUN,general
пара,NOUN,general
парадокс,NOUN,specialized
паралимпийский,ADJ,everyday
параллель,NOUN,general
параллельно,ADV,general
параспорт,NOUN,everyday
парень,NOUN,everyday
пари,NOUN,everyday
париж,PROPN,general
парикмахерская,NOUN,everyday
парилка,NOUN,everyday
паритет,NOUN,specialized
парить,VERB,everyday
парк,NOUN,everyday
парк,PROPN,everyday
парковаться,VERB,everyday
парковка,NOUN,everyday
парламент,NOUN,general
парламентский,ADJ,specialized
парниковый,ADJ,general
парной,ADJ,everyday
паровой,ADJ,specialized
пародия,NOUN,specialized
пароль,NOUN,general
паром,NOUN,everyday
паромщик,NOUN,everyday
парта,NOUN,general
партийный,ADJ,specialized
партия,NOUN,general
партнёр,NOUN,everyday
пас,NOUN,everyday
паспорт,NOUN,everyday
пассажир,NOUN,everyday
паста,NOUN,everyday
пастернак,PROPN,specialized
пастилка,NOUN,general
пасха,NOUN,everyday
пасха,PROPN,everyday
пасхальный,ADJ,everyday
пасхе,PROPN,everyday
патрульный,ADJ,everyday
пауза,NOUN,general
паук,NOUN,everyday
пауэрбанк,NOUN,everyday
пахнуть,VERB,everyday
пахота,NOUN,general
пациент,NOUN,general
пачка,NOUN,everyday
педагог,NOUN,general
пейзаж,NOUN,general
пекарня,NOUN,general
пекарь,NOUN,general
пекинский,ADJ,general
пельмень,NOUN,everyday
пенальти,NOUN,general
пенистый,ADJ,everyday
пенка,NOUN,everyday
пенсионер,NOUN,general
пенсионный,ADJ,general
пенсия,NOUN,general
пепел,NOUN,specialized
первоисточник,NOUN,specialized
первоклассник,NOUN,general
первоклассница,NOUN,general
первокурсник,NOUN,general
первоначально,ADV,general
первоначальный,ADJ,general
первый,ADJ,general
перебежать,VERB,everyday
перебой,NOUN,general
перебор,NOUN,everyday
перевал,NOUN,everyday
перевернуть,VERB,everyday
перевести,VERB,general
перевешивать,VERB,specialized
перевод,NOUN,general
переводить,VERB,general
переводчик,NOUN,general
перевозить,VERB,general
перевозка,NOUN,general
переворачивать,VERB,everyday
перевыпуск,NOUN,general
перевыпустить,VERB,general
переглядываться,VERB,general
переговорный,ADJ,general
переговоры,NOUN,general
перегружать,VERB,specialized
перегрузка,NOUN,general
перед,ADP,general
передавать,VERB,general
передаваться,VERB,specialized
передатчик,NOUN,everyday
передать,VERB,general
передача,NOUN,general
передвигать,VERB,everyday
передвижник,NOUN,specialized
передвижной,ADJ,specialized
переделать,VERB,general
передний,ADJ,everyday
передумать,VERB,everyday
передышка,NOUN,everyday
переезд,NOUN,general
переезжать,VERB,everyday
переехать,VERB,everyday
переживание,NOUN,specialized
переживать,VERB,general
пережитый,ADJ,specialized
пережить,VERB,general
перезвонить,VERB,general
перезнакомиться,VERB,general
переиздаваться,VERB,specialized
переименовать,VERB,general
перейти,VERB,general
перекачивать,VERB,specialized
перекликаться,VERB,everyday
переключение,NOUN,specialized
переключить,VERB,general
переключиться,VERB,general
перекоситься,VERB,everyday
перекочёвка,NOUN,specialized
перекрёсток,NOUN,general
перекур,NOUN,general
перекус,NOUN,everyday
перелетать,VERB,everyday
перелистывать,VERB,specialized
переложить,VERB,general
перелом,NOUN,general
перелёт,NOUN,general
перемена,NOUN,general
перемести,VERB,general
переместиться,VERB,specialized
перемешать,VERB,everyday
перемешиваться,VERB,general
перемещать,VERB,everyday
перемещаться,VERB,specialized
перемещение,NOUN,general
перенаправить,VERB,everyday
перенести,VERB,general
перенимать,VERB,everyday
перенос,NOUN,general
переносить,VERB,everyday
переобучение,NOUN,general
переодеть,VERB,general
переодеться,VERB,everyday
переосмысление,NOUN,specialized
переоткрытие,NOUN,specialized
перепасовываться,VERB,everyday
перепечатать,VERB,specialized
перепечатывать,VERB,specialized
переписка,NOUN,general
переписываться,VERB,everyday
переплата,NOUN,general
переплачивать,VERB,general
переплетаться,VERB,general
переполнить,VERB,everyday
переправа,NOUN,everyday
перепутать,VERB,everyday
переработка,NOUN,general
перераспределение,NOUN,specialized
перераспределить,VERB,general
перераспределять,VERB,specialized
перерасти,VERB,general
перерасчёт,NOUN,everyday
перерисовывать,VERB,everyday
перерождение,NOUN,specialized
перерыв,NOUN,general
перерыть,VERB,everyday
пересадить,VERB,everyday
пересдать,VERB,everyday
пересдача,NOUN,everyday
пересекать,VERB,general
пересекаться,VERB,general
переселить,VERB,everyday
переселять,VERB,specialized
пересесть,VERB,everyday
пересечение,NOUN,specialized
пересказ,NOUN,specialized
пересказывать,VERB,general
переславль,PROPN,everyday
пересматривать,VERB,general
пересмотреть,VERB,general
пересохнуть,VERB,everyday
переспрашивать,VERB,everyday
переспросить,VERB,general
переставать,VERB,general
переставить,VERB,everyday
переставлять,VERB,everyday
перестать,VERB,general
перестраивать,VERB,general
перестраиваться,VERB,everyday
перестроить,VERB,specialized
перестройка,NOUN,specialized
переступать,VERB,everyday
пересушить,VERB,everyday
пересчитать,VERB,general
пересчитывать,VERB,everyday
пересылать,VERB,specialized
перетерпеть,VERB,everyday
переулок,NOUN,everyday
переутомление,NOUN,general
перехват,NOUN,everyday
переход,NOUN,general
переходить,VERB,general
переходный,ADJ,general
перечень,NOUN,general
перечесть,VERB,general
перечисление,NOUN,general
перечислить,VERB,general
перечислять,VERB,everyday
перечитать,VERB,general
перечитывание,NOUN,specialized
перечитывать,VERB,specialized
перечёркнутый,ADJ,everyday
период,NOUN,general
периодически,ADV,everyday
периодический,ADJ,specialized
периодный,ADJ,specialized
перрон,NOUN,everyday
персеверанс,PROPN,specialized
персона,NOUN,specialized
персонаж,NOUN,general
персональный,ADJ,general
перспектива,NOUN,general
перспективный,ADJ,everyday
перфекционизм,NOUN,everyday
перчатка,NOUN,general
песенный,ADJ,specialized
песец,NOUN,everyday
песня,NOUN,general
песок,NOUN,everyday
петербург,PROPN,general
петербургский,ADJ,general
петергоф,PROPN,general
петип,PROPN,specialized
петля,NOUN,everyday
петров,PROPN,general
петрович,PROPN,everyday
петровна,PROPN,general
петровский,PROPN,specialized
петроград,PROPN,specialized
петропавловский,PROPN,general
петух,NOUN,everyday
петь,VERB,general
печатать,VERB,specialized
печатный,ADJ,general
печать,NOUN,general
печень,NOUN,general
печенье,NOUN,general
печь,NOUN,general
печь,VERB,everyday
пешеход,NOUN,everyday
пешеходный,ADJ,everyday
пешка,NOUN,everyday
пешком,ADV,everyday
пещера,NOUN,specialized
пиаж,PROPN,specialized
пигментный,ADJ,specialized
пиджак,NOUN,general
пилить,VERB,general
пилот,NOUN,general
пилотировать,VERB,specialized
пилотный,ADJ,general
пинетка,NOUN,everyday
пирамида,NOUN,everyday
пирог,NOUN,everyday
пирога,NOUN,everyday
пирожок,NOUN,everyday
писатель,NOUN,general
писательница,NOUN,everyday
писать,VERB,general
письменность,NOUN,specialized
письменный,ADJ,general
письмо,NOUN,general
питание,NOUN,general
питательный,ADJ,everyday
питаться,VERB,everyday
питомец,NOUN,general
пить,VERB,everyday
пицца,NOUN,everyday
пища,NOUN,general
пищевой,ADJ,general
плавание,NOUN,general
плавать,VERB,everyday
плавиться,VERB,specialized
плакат,NOUN,general
плакать,VERB,general
план,NOUN,general
планета,NOUN,general
планетный,ADJ,specialized
планирование,NOUN,general
планировать,VERB,general
планировка,NOUN,specialized
плановый,ADJ,everyday
планшет,NOUN,general
пластик,NOUN,general
пластиковый,ADJ,general
пластинка,NOUN,general
пластырь,NOUN,general
плата,NOUN,general
платить,VERB,general
платно,ADV,everyday
платный,ADJ,everyday
платок,NOUN,everyday
платон,PROPN,specialized
платформа,NOUN,general
платформенный,ADJ,everyday
платье,NOUN,everyday
платёж,NOUN,general
платёжный,ADJ,specialized
плафон,NOUN,everyday
плацкарт,NOUN,general
плацкартный,ADJ,everyday
плед,NOUN,general
племянник,NOUN,everyday
племянница,NOUN,everyday
пленница,NOUN,everyday
плескать,VERB,everyday
плескаться,VERB,everyday
плетение,NOUN,general
плетёный,ADJ,everyday
плечо,NOUN,general
плита,NOUN,general
пловчиха,NOUN,everyday
плодородие,NOUN,everyday
плодородный,ADJ,specialized
пломба,NOUN,everyday
плоскость,NOUN,specialized
плотно,ADV,general
плотность,NOUN,general
плотный,ADJ,general
плохо,ADV,general
плохой,ADJ,general
площадка,NOUN,general
площадь,NOUN,general
плыть,VERB,everyday
плюс,ADP,general
плюс,NOUN,general
плюшевый,ADJ,everyday
пляж,NOUN,everyday
пляжный,ADJ,general
плёнка,NOUN,specialized
плёночный,ADJ,everyday
по,ADP,general
по-аджарски,ADV,everyday
по-английски,ADV,specialized
по-доброму,ADV,general
по-добрососедски,ADV,everyday
по-другому,ADV,general
по-корейски,ADV,everyday
по-моему,ADV,general
по-настоящему,ADV,general
по-прежнему,ADV,general
по-разному,ADV,general
по-русски,ADV,general
по-своему,ADV,general
побаливать,VERB,general
победа,NOUN,general
победитель,NOUN,general
победительница,NOUN,everyday
победить,VERB,everyday
побежать,VERB,everyday
побеждать,VERB,everyday
побережье,NOUN,general
побить,VERB,everyday
поблизости,ADV,everyday
поболтать,VERB,everyday
побочный,ADJ,specialized
побывать,VERB,specialized
повадка,NOUN,specialized
повар,NOUN,general
поведение,NOUN,general
поведенческий,ADJ,specialized
повербанк,NOUN,everyday
поверить,VERB,general
поверхностный,ADJ,general
поверхность,NOUN,general
поверье,NOUN,everyday
повесить,VERB,everyday
повествование,NOUN,specialized
повести,VERB,everyday
повестка,NOUN,everyday
повестка,PROPN,general
повесть,NOUN,general
повлиять,VERB,specialized
повод,NOUN,everyday
поводок,NOUN,everyday
поворачивать,VERB,everyday
поворот,NOUN,general
поворотник,NOUN,everyday
повредить,VERB,everyday
повреждение,NOUN,everyday
повседневный,ADJ,general
повсеместно,ADV,specialized
повсюду,ADV,general
повторение,NOUN,specialized
повторить,VERB,general
повториться,VERB,everyday
повторный,ADJ,general
повторять,VERB,general
повторяться,VERB,specialized
повысить,VERB,general
повышать,VERB,general
повышаться,VERB,general
повышение,NOUN,general
погашение,NOUN,general
погибнуть,VERB,general
погладить,VERB,everyday
поглощать,VERB,general
поговорить,VERB,everyday
поговорка,NOUN,everyday
погода,NOUN,general
погодка,NOUN,everyday
погодный,ADJ,everyday
погоня,NOUN,general
пограничник,NOUN,everyday
погребение,NOUN,specialized
погрести,VERB,specialized
погружать,VERB,general
погружаться,VERB,specialized
погружение,NOUN,general
погрузить,VERB,specialized
погулять,VERB,everyday
под,ADP,general
подавать,VERB,everyday
подавить,VERB,specialized
подарить,VERB,everyday
подарок,NOUN,everyday
подать,VERB,general
подача,NOUN,everyday
подбадривать,VERB,everyday
подбегать,VERB,everyday
подберёзовик,NOUN,everyday
подбирать,VERB,general
подбор,NOUN,general
подбородок,NOUN,everyday
подбрасывать,VERB,everyday
подбросить,VERB,everyday
подвергаться,VERB,specialized
подвергнуться,VERB,general
подверженный,ADJ,general
подверженный,VERB,specialized
подвернуть,VERB,everyday
подвижной,ADJ,specialized
подготовить,VERB,general
подготовка,NOUN,general
подготовка,PROPN,general
подгузник,NOUN,everyday
поддельный,ADJ,general
поддержание,NOUN,specialized
поддержать,VERB,general
поддерживать,VERB,general
поддержка,NOUN,general
поддон,NOUN,everyday
поделать,VERB,everyday
подержать,VERB,everyday
подзаголовок,NOUN,specialized
подзаработать,VERB,general
подзаряжать,VERB,everyday
подземный,ADJ,everyday
подиум,NOUN,everyday
подкаст,NOUN,everyday
подклеить,VERB,everyday
подключаться,VERB,everyday
подключение,NOUN,everyday
подключить,VERB,general
подключиться,VERB,specialized
подколоть,VERB,everyday
подкормка,NOUN,everyday
подкреплять,VERB,specialized
подлежать,VERB,everyday
подливать,VERB,everyday
подлинность,NOUN,general
подмена,NOUN,specialized
подменять,VERB,general
поднимать,VERB,general
подниматься,VERB,general
подножие,NOUN,general
поднять,VERB,everyday
подняться,VERB,everyday
подобие,NOUN,everyday
подобный,ADJ,general
подобрать,VERB,general
подогреть,VERB,everyday
подождать,VERB,everyday
подозреваемый,NOUN,everyday
подозревать,VERB,general
подозрение,NOUN,everyday
подозрительно,ADV,everyday
подозрительный,ADJ,everyday
подойти,VERB,everyday
подоконник,NOUN,everyday
подолгу,ADV,general
подоплёка,NOUN,everyday
подосиновик,NOUN,everyday
подошва,NOUN,everyday
подпадать,VERB,specialized
подпевать,VERB,everyday
подписание,NOUN,general
подписать,VERB,general
подписка,NOUN,general
подписной,ADJ,general
подписочный,ADJ,everyday
подпись,NOUN,general
подполье,NOUN,specialized
подпрыгнуть,VERB,everyday
подрабатывать,VERB,everyday
подработка,NOUN,general
подразделение,NOUN,everyday
подрастать,VERB,general
подробно,ADV,general
подробность,NOUN,specialized
подробный,ADJ,general
подростковый,ADJ,specialized
подросток,NOUN,general
подруга,NOUN,everyday
подружиться,VERB,general
подряд,ADV,general
подрядчик,NOUN,everyday
подсветить,VERB,specialized
подсветка,NOUN,everyday
подсекать,VERB,everyday
подселять,VERB,everyday
подсказать,VERB,general
подсказка,NOUN,general
подсказывать,VERB,specialized
подсобка,NOUN,everyday
подсохнуть,VERB,everyday
подставка,NOUN,general
подставной,ADJ,specialized
подстаканник,NOUN,everyday
подстанция,NOUN,specialized
подстилать,VERB,everyday
подстричься,VERB,everyday
подстроиться,VERB,general
подсчитать,VERB,general
подсчитывать,VERB,specialized
подсчёт,NOUN,general
подсыпать,VERB,everyday
подтвердить,VERB,general
подтверждать,VERB,general
подтверждение,NOUN,general
подтолкнуть,VERB,general
подумать,VERB,everyday
подушечка,NOUN,everyday
подушка,NOUN,everyday
подход,NOUN,general
подходить,VERB,everyday
подходящий,ADJ,general
подчеркнуть,VERB,everyday
подчинить,VERB,specialized
подчиняться,VERB,specialized
подчёркивать,VERB,general
подшучивать,VERB,everyday
подъезд,NOUN,everyday
подъезжать,VERB,everyday
подъём,NOUN,general
подышать,VERB,general
поединок,NOUN,general
поезд,NOUN,everyday
поездка,NOUN,general
поесть,VERB,everyday
поехать,VERB,everyday
пожалеть,VERB,everyday
пожалуй,ADV,general
пожалуйста,ADV,everyday
пожар,NOUN,general
пожарить,VERB,everyday
пожарный,ADJ,everyday
пожарный,NOUN,general
пожелание,NOUN,general
поживать,VERB,everyday
пожилой,ADJ,general
поза,NOUN,general
позавтракать,VERB,everyday
позвать,VERB,general
позволить,VERB,general
позволять,VERB,general
позвонить,VERB,everyday
позднейший,ADJ,specialized
поздний,ADJ,general
поздно,ADV,general
поздравить,VERB,everyday
поздравлять,VERB,everyday
позитивный,ADJ,general
позиция,NOUN,general
познакомиться,VERB,everyday
поиск,NOUN,general
поисковик,NOUN,specialized
поймать,VERB,general
пойти,VERB,general
пока,ADV,general
пока,SCONJ,general
показ,NOUN,general
показание,NOUN,everyday
показатель,NOUN,general
показательный,ADJ,specialized
показать,VERB,general
показаться,VERB,everyday
показывать,VERB,general
показываться,VERB,everyday
покалывать,VERB,general
покачать,VERB,everyday
покачивание,NOUN,everyday
покачиваться,VERB,everyday
покидать,VERB,everyday
покинуть,VERB,general
поклон,NOUN,specialized
поклонник,NOUN,general
покой,NOUN,general
покойный,NOUN,everyday
поколение,NOUN,general
покорить,VERB,everyday
покричать,VERB,everyday
покровский,ADJ,everyday
покровский,PROPN,everyday
покрутить,VERB,general
покрывать,VERB,general
покрытие,NOUN,everyday
покрыть,VERB,everyday
покрыться,VERB,everyday
покрышка,NOUN,general
покупатель,NOUN,general
покупать,VERB,general
покупка,NOUN,general
пол,NOUN,everyday
пол,NUM,general
пол-литра,NOUN,everyday
полагать,VERB,everyday
полагаться,VERB,everyday
полведра,NOUN,everyday
полгода,NOUN,everyday
полдень,NOUN,everyday
полдня,NOUN,general
поле,NOUN,everyday
полевой,ADJ,everyday
полежать,VERB,everyday
полезный,ADJ,general
полезть,VERB,everyday
полететь,VERB,general
ползать,VERB,everyday
ползти,VERB,everyday
поливать,VERB,everyday
поликлиника,NOUN,general
полинезийский,ADJ,specialized
полис,NOUN,general
полистирол,NOUN,general
политика,NOUN,general
политический,ADJ,general
полицейский,NOUN,general
полиция,NOUN,everyday
полиэстер,NOUN,everyday
полк,NOUN,everyday
полка,NOUN,everyday
полквартиры,NOUN,general
полкило,NOUN,everyday
полмесяца,NOUN,general
полно,ADV,everyday
полномасштабный,ADJ,general
полномочие,NOUN,specialized
полностью,ADV,general
полнота,NOUN,general
полноценный,ADJ,general
полночь,NOUN,everyday
полный,ADJ,general
половина,NOUN,general
половник,NOUN,everyday
положение,NOUN,general
положенный,ADJ,everyday
положительный,ADJ,specialized
положить,VERB,everyday
положиться,VERB,general
поломка,NOUN,everyday
полоса,NOUN,general
полоска,NOUN,everyday
полотенце,NOUN,everyday
полотнище,NOUN,everyday
полотно,NOUN,general
полпути,NOUN,general
полсекунды,NOUN,everyday
полставка,NOUN,general
полтора,NUM,general
полуденный,ADJ,everyday
полумесяц,NOUN,specialized
полуостров,NOUN,everyday
полуподвал,NOUN,everyday
полупроводник,NOUN,general
получас,NOUN,general
получать,VERB,general
получаться,VERB,everyday
получение,NOUN,general
получить,VERB,general
получиться,VERB,general
полчаса,NOUN,everyday
полынь,NOUN,general
польза,NOUN,general
пользование,NOUN,everyday
пользователь,NOUN,general
пользоваться,VERB,general
польский,ADJ,specialized
польша,PROPN,general
полянка,NOUN,everyday
полярный,ADJ,everyday
полёт,NOUN,specialized
помада,NOUN,everyday
поместить,VERB,specialized
пометка,NOUN,general
помещаться,VERB,specialized
помещение,NOUN,general
помидор,NOUN,everyday
помимо,ADP,general
помнить,VERB,general
помогать,VERB,general
помочь,VERB,general
помощница,NOUN,everyday
помощь,NOUN,general
помпей,PROPN,specialized
помыть,VERB,everyday
помять,VERB,general
понаблюдать,VERB,everyday
понадобиться,VERB,general
поначалу,ADV,everyday
понедельник,NOUN,general
понемногу,ADV,general
понижать,VERB,specialized
понимание,NOUN,general
понимать,VERB,general
понравиться,VERB,general
понятие,NOUN,general
понятный,ADJ,general
понять,VERB,general
пообедать,VERB,everyday
пообещать,VERB,general
пообщаться,VERB,specialized
поодиночке,ADV,general
поостыть,VERB,general
поп-музыка,NOUN,general
попадать,VERB,general
попадаться,VERB,everyday
попасть,VERB,general
попасться,VERB,general
поперчить,VERB,everyday
попечитель,NOUN,specialized
попкорн,NOUN,everyday
поплавок,NOUN,everyday
поплыть,VERB,everyday
поползти,VERB,general
пополнять,VERB,general
пополняться,VERB,everyday
поправиться,VERB,everyday
поправлять,VERB,everyday
поправляться,VERB,general
попробовать,VERB,everyday
попросить,VERB,general
попросту,PART,general
популизм,NOUN,specialized
популист,NOUN,specialized
популистский,ADJ,specialized
популяризировать,VERB,specialized
популярность,NOUN,general
популярный,ADJ,general
попутчик,NOUN,specialized
попытка,NOUN,general
пора,NOUN,general
поработать,VERB,general
порадовать,VERB,everyday
поражать,VERB,everyday
поражение,NOUN,general
порасти,VERB,everyday
поровну,ADV,general
порог,NOUN,general
порода,NOUN,specialized
порождать,VERB,specialized
порой,ADV,general
порт,NOUN,general
портал,NOUN,everyday
портить,VERB,specialized
портиться,VERB,general
поручень,NOUN,everyday
поручить,VERB,general
порфирий,PROPN,everyday
порция,NOUN,everyday
порча,NOUN,specialized
порыв,NOUN,everyday
порядок,NOUN,general
посад,PROPN,everyday
посадка,NOUN,general
посадочный,ADJ,everyday
посвятить,VERB,general
посев,NOUN,general
поселенец,NOUN,specialized
поселение,NOUN,specialized
посередине,ADV,general
посетитель,NOUN,general
посечь,VERB,everyday
посещаемость,NOUN,general
посещение,NOUN,general
посиделки,NOUN,specialized
посидеть,VERB,general
поскользнуться,VERB,everyday
поскольку,SCONJ,general
после,ADP,general
после,ADV,everyday
последний,ADJ,general
последовательно,ADV,general
последовательность,NOUN,specialized
последствие,NOUN,general
последующий,ADJ,specialized
пословица,NOUN,everyday
послушать,VERB,general
посмеиваться,VERB,everyday
посмеяться,VERB,everyday
посмотреть,VERB,general
пособие,NOUN,general
посоветовать,VERB,general
посоветоваться,VERB,everyday
посольство,NOUN,general
посошок,NOUN,everyday
поспать,VERB,everyday
поспешно,ADV,everyday
посполита,PROPN,specialized
поспорить,VERB,general
поспрашивать,VERB,general
посреди,ADP,general
посредник,NOUN,general
поссориться,VERB,everyday
пост,NOUN,everyday
поставить,VERB,everyday
поставка,NOUN,general
поставлять,VERB,specialized
поставщик,NOUN,general
постановка,NOUN,general
постановочный,ADJ,everyday
постельный,ADJ,everyday
постепенно,ADV,general
постепенный,ADJ,general
постирать,VERB,everyday
постный,ADJ,everyday
посторонний,ADJ,general
постоянно,ADV,general
постоянный,ADJ,general
постоять,VERB,everyday
пострадать,VERB,general
построение,NOUN,specialized
построить,VERB,general
постройка,NOUN,everyday
посттравматический,ADJ,specialized
поступать,VERB,general
поступить,VERB,general
поступление,NOUN,general
поступок,NOUN,general
постыдный,ADJ,general
посуда,NOUN,everyday
посуточно,ADV,everyday
посылка,NOUN,everyday
посыпать,VERB,general
посёлок,NOUN,specialized
потенциал,NOUN,general
потенциально,ADV,specialized
потенциальный,ADJ,general
потепление,NOUN,general
потерпеть,VERB,everyday
потеря,NOUN,general
потерянный,VERB,everyday
потерять,VERB,general
потечь,VERB,everyday
потихоньку,ADV,everyday
поток,NOUN,general
потолок,NOUN,general
потом,ADV,everyday
потомок,NOUN,specialized
потому,ADV,general
потоп,NOUN,specialized
поторговаться,VERB,everyday
поточный,ADJ,general
потратить,VERB,everyday
потребитель,NOUN,specialized
потребительский,ADJ,general
потребление,NOUN,general
потреблять,VERB,general
потребность,NOUN,general
потрясающий,ADJ,everyday
потрясение,NOUN,specialized
потянуться,VERB,everyday
потёк,NOUN,everyday
потёмкин,PROPN,specialized
поучать,VERB,specialized
поучительный,ADJ,everyday
похвала,NOUN,everyday
похлопывать,VERB,everyday
поход,NOUN,general
похоже,ADV,everyday
похожий,ADJ,general
похолодание,NOUN,everyday
похолодать,VERB,everyday
похоронный,ADJ,specialized
похороны,NOUN,everyday
поцелуй,NOUN,general
почасовой,ADJ,everyday
почва,NOUN,specialized
почему,ADV,general
почему-то,ADV,general
почесть,VERB,everyday
починить,VERB,general
почистить,VERB,everyday
почитать,VERB,everyday
почка,NOUN,everyday
почта,NOUN,general
почти,ADV,general
почтовый,ADJ,everyday
почувствовать,VERB,general
пошевелить,VERB,everyday
пошлина,NOUN,everyday
пошутить,VERB,everyday
поэзия,NOUN,general
поэма,NOUN,specialized
поэт,NOUN,general
поэтапно,ADV,general
поэтому,ADV,general
появиться,VERB,general
появление,NOUN,general
появляться,VERB,general
пояс,NOUN,general
пояснение,NOUN,general
пояснить,VERB,general
поясница,NOUN,general
пояснять,VERB,specialized
правда,ADV,everyday
правда,NOUN,general
правдивый,ADJ,specialized
правдоподобный,ADJ,general
правило,NOUN,general
правильно,ADV,general
правильный,ADJ,general
правитель,NOUN,specialized
правительство,NOUN,general
править,VERB,specialized
правление,NOUN,specialized
право,NOUN,general
правовой,ADJ,general
правозащитный,ADJ,general
правомочный,ADJ,everyday
правообладатель,NOUN,specialized
православный,ADJ,general
правый,ADJ,general
прага,PROPN,everyday
прагматичный,ADJ,specialized
праздник,NOUN,everyday
праздничный,ADJ,everyday
праздновать,VERB,everyday
практика,NOUN,general
практиковать,VERB,everyday
практиковаться,VERB,specialized
практически,ADV,general
практический,ADJ,general
прах,NOUN,specialized
пребывание,NOUN,specialized
превратить,VERB,general
превратиться,VERB,general
превращать,VERB,general
превращаться,VERB,general
превысить,VERB,general
превышать,VERB,general
превышение,NOUN,everyday
предание,NOUN,specialized
преданный,ADJ,everyday
предать,VERB,everyday
предбанник,NOUN,everyday
предварительно,ADV,everyday
предварительный,ADJ,general
преддверие,NOUN,general
предел,NOUN,general
предлагать,VERB,general
предложение,NOUN,general
предложить,VERB,general
предмет,NOUN,general
предметный,ADJ,general
предназначить,VERB,general
предоплата,NOUN,general
предоставлять,VERB,specialized
предотвратить,VERB,general
предотвращение,NOUN,specialized
предполагаемый,ADJ,specialized
предполагать,VERB,specialized
предположение,NOUN,general
предположительно,ADV,general
предположить,VERB,general
предпосылка,NOUN,specialized
предпочесть,VERB,everyday
предпочитать,VERB,everyday
предпочтение,NOUN,specialized
предприниматель,NOUN,general
предпринимательство,NOUN,specialized
предприятие,NOUN,general
предрассветный,ADJ,specialized
председатель,NOUN,everyday
предсказание,NOUN,specialized
предсказать,VERB,general
предсказуемый,ADJ,general
предсказывать,VERB,specialized
представитель,NOUN,general
представительный,ADJ,general
представительство,NOUN,specialized
представить,VERB,general
представление,NOUN,general
представленность,NOUN,specialized
представлять,VERB,general
представляться,VERB,general
предстоять,VERB,general
предупредить,VERB,general
предупреждать,VERB,general
предупреждение,NOUN,general
предусматривать,VERB,general
предусмотреть,VERB,general
предшественник,NOUN,specialized
предшествовать,VERB,specialized
предъявить,VERB,everyday
предъявление,NOUN,specialized
предыдущий,ADJ,general
преемственность,NOUN,specialized
прежде,ADP,general
прежде,ADV,general
преждевременный,ADJ,general
прежний,ADJ,general
презентация,NOUN,general
президентский,ADJ,specialized
президиум,PROPN,general
презумпция,NOUN,everyday
преимущественно,ADV,everyday
преимущество,NOUN,general
прекрасный,ADJ,everyday
прекратить,VERB,everyday
прекратиться,VERB,everyday
прекращаться,VERB,general
преломление,NOUN,specialized
преломлять,VERB,specialized
прелый,ADJ,everyday
премия,NOUN,general
премьер,NOUN,general
преобладание,NOUN,general
преобладать,VERB,general
преобразить,VERB,specialized
преподаватель,NOUN,general
преподавательница,NOUN,general
препятствие,NOUN,everyday
прервать,VERB,everyday
преследование,NOUN,specialized
пресноводный,ADJ,specialized
пресный,ADJ,specialized
пресса,NOUN,general
прессинговать,VERB,everyday
престиж,NOUN,general
престижный,ADJ,general
преступление,NOUN,general
претензия,NOUN,specialized
преувеличение,NOUN,general
префектура,NOUN,general
при,ADP,general
прибавиться,VERB,general
прибегать,VERB,specialized
прибить,VERB,everyday
приближать,VERB,specialized
приближаться,VERB,specialized
приближение,NOUN,general
приблизительно,ADV,general
прибор,NOUN,general
прибыль,NOUN,general
прибытие,NOUN,everyday
прибыть,VERB,general
приватность,NOUN,general
привезти,VERB,general
привередливый,ADJ,everyday
привести,VERB,general
привет,INTJ,everyday
привет,NOUN,general
приветливый,ADJ,everyday
приветственный,ADJ,general
приветствие,NOUN,specialized
приветствовать,VERB,everyday
прививка,NOUN,general
привилегия,NOUN,specialized
привить,VERB,general
привлекательный,ADJ,general
привлекать,VERB,general
привлечь,VERB,general
приводить,VERB,general
привозить,VERB,everyday
привозной,ADJ,everyday
привыкать,VERB,general
привыкнуть,VERB,general
привычка,NOUN,general
привычно,ADV,general
привычный,ADJ,general
привязанность,NOUN,general
пригласить,VERB,general
приглашение,NOUN,everyday
приглашённый,ADJ,everyday
приглушённый,ADJ,everyday
пригнуться,VERB,everyday
приговор,NOUN,general
пригодиться,VERB,general
пригодный,ADJ,everyday
пригород,NOUN,everyday
приготовить,VERB,everyday
приготовиться,VERB,general
приготовление,NOUN,everyday
пригрозить,VERB,general
придавать,VERB,general
придаваться,VERB,specialized
придомовой,ADJ,everyday
придорожный,ADJ,everyday
придумать,VERB,general
придумывать,VERB,everyday
приезжать,VERB,everyday
приехать,VERB,everyday
прижаться,VERB,everyday
прижиться,VERB,general
приз,NOUN,general
призма,NOUN,specialized
признавать,VERB,general
признаваться,VERB,everyday
признак,NOUN,general
признание,NOUN,general
признательный,ADJ,everyday
признать,VERB,general
признаться,VERB,general
призовой,ADJ,everyday
призрак,NOUN,general
призыв,NOUN,general
прийти,VERB,everyday
прийтись,VERB,everyday
приказ,NOUN,everyday
прикладывать,VERB,general
приключение,NOUN,general
прикрепить,VERB,everyday
прикрутить,VERB,everyday
прикрывать,VERB,general
прилагать,VERB,general
прилететь,VERB,general
прилипать,VERB,everyday
прилить,VERB,everyday
приличный,ADJ,general
приложение,NOUN,everyday
приложить,VERB,everyday
применение,NOUN,general
применимый,ADJ,specialized
применительно,ADV,general
применить,VERB,general
применять,VERB,general
применяться,VERB,general
пример,NOUN,general
примерка,NOUN,general
примерно,ADV,general
примерный,ADJ,everyday
примерочный,ADJ,everyday
примерять,VERB,everyday
примесь,NOUN,specialized
примета,NOUN,everyday
принадлежать,VERB,general
принадлежность,NOUN,specialized
принести,VERB,general
принимать,VERB,general
приносить,VERB,everyday
принтер,NOUN,general
принудительный,ADJ,general
принц,NOUN,general
принцесса,NOUN,everyday
принцип,NOUN,general
принципиально,ADV,general
принципиальный,ADJ,general
принятие,NOUN,general
принятый,ADJ,general
принять,VERB,general
приобрести,VERB,general
приобретать,VERB,specialized
приобретение,NOUN,general
приоритет,NOUN,general
приподнимать,VERB,specialized
природа,NOUN,general
природный,ADJ,general
природоохранный,ADJ,everyday
присаживаться,VERB,everyday
присвоить,VERB,specialized
присест,NOUN,specialized
прислать,VERB,everyday
присматривать,VERB,everyday
присмотр,NOUN,general
присоединиться,VERB,everyday
присоединяться,VERB,everyday
приспосабливаться,VERB,specialized
приспособить,VERB,specialized
приставить,VERB,everyday
приставка,NOUN,general
присутствие,NOUN,general
присутствовать,VERB,general
присыпать,VERB,everyday
притихнуть,VERB,general
приток,NOUN,specialized
притча,NOUN,specialized
приучать,VERB,everyday
прихватка,NOUN,everyday
приход,NOUN,everyday
приходить,VERB,everyday
приходиться,VERB,general
прихожанин,NOUN,everyday
прихожая,NOUN,everyday
причал,NOUN,everyday
причалить,VERB,everyday
причем,CCONJ,general
причина,NOUN,general
причинить,VERB,general
причитаться,VERB,general
пришить,VERB,everyday
приют,NOUN,general
приятный,ADJ,general
приём,NOUN,general
про,ADP,general
проба,NOUN,general
пробежать,VERB,everyday
пробежка,NOUN,everyday
пробел,NOUN,specialized
пробиваться,VERB,everyday
пробираться,VERB,everyday
пробиться,VERB,everyday
пробка,NOUN,everyday
проблема,NOUN,general
проблемный,ADJ,general
пробный,ADJ,general
пробовать,VERB,general
провайдер,NOUN,everyday
провал,NOUN,specialized
провалить,VERB,general
провалиться,VERB,everyday
проведение,NOUN,general
проверить,VERB,general
проверка,NOUN,general
проверять,VERB,general
проверяться,VERB,general
провести,VERB,general
проветрить,VERB,everyday
провинция,NOUN,specialized
провод,NOUN,general
проводить,VERB,general
проводка,NOUN,everyday
проводник,NOUN,everyday
проводница,NOUN,everyday
провожать,VERB,general
провозить,VERB,everyday
прогноз,NOUN,general
прогнозировать,VERB,everyday
проговаривать,VERB,everyday
прогореть,VERB,everyday
программа,NOUN,general
программа,PROPN,general
программист,NOUN,everyday
программный,ADJ,general
прогресс,NOUN,everyday
прогрессивный,ADJ,general
прогулка,NOUN,general
продавать,VERB,general
продаваться,VERB,general
продавец,NOUN,general
продавщица,NOUN,everyday
продажа,NOUN,general
продать,VERB,general
продвигаться,VERB,specialized
продвижение,NOUN,general
продержаться,VERB,specialized
продиктовать,VERB,everyday
продлеваться,VERB,specialized
продлить,VERB,everyday
продовольствие,NOUN,specialized
продолжать,VERB,general
продолжаться,VERB,general
продолжение,NOUN,everyday
продолжительность,NOUN,general
продолжительный,ADJ,general
продолжить,VERB,general
продолжиться,VERB,specialized
продукт,NOUN,general
продуктивно,ADV,general
продуктивный,ADJ,general
продуктовый,ADJ,everyday
продукция,NOUN,general
продуманный,ADJ,general
продумать,VERB,general
продумывать,VERB,everyday
продюсерский,ADJ,specialized
проезд,NOUN,general
проект,NOUN,general
проехать,VERB,everyday
проживание,NOUN,general
проживать,VERB,general
проза,NOUN,specialized
прозвать,VERB,everyday
прозрачность,NOUN,general
прозрачный,ADJ,general
произведение,NOUN,general
произвести,VERB,general
производитель,NOUN,general
производительность,NOUN,general
производить,VERB,general
производственный,ADJ,general
производство,NOUN,general
произнести,VERB,specialized
произносить,VERB,general
произношение,NOUN,specialized
произойти,VERB,general
происходить,VERB,general
происхождение,NOUN,general
происшествие,NOUN,general
пройти,VERB,general
пройтись,VERB,everyday
прокатиться,VERB,everyday
прокипятить,VERB,everyday
прокладывать,VERB,everyday
прокрутить,VERB,general
пролетать,VERB,general
пролететь,VERB,everyday
пролистать,VERB,everyday
промакивать,VERB,everyday
промежуток,NOUN,specialized
промежуточный,ADJ,general
промокать,VERB,everyday
промокнуть,VERB,everyday
промоутер,NOUN,general
промышленность,NOUN,general
промышленный,ADJ,specialized
промёрзнуть,VERB,specialized
проникать,VERB,general
проносить,VERB,everyday
пронумеровать,VERB,everyday
пропадать,VERB,general
пропажа,NOUN,everyday
пропалывать,VERB,everyday
пропасть,VERB,everyday
прописать,VERB,general
пропить,VERB,general
проплыть,VERB,general
пропорционально,ADV,everyday
пропорциональный,ADJ,general
пропорция,NOUN,general
пропп,PROPN,specialized
пропуск,NOUN,general
пропускать,VERB,everyday
пропускной,ADJ,everyday
пропустить,VERB,general
проработать,VERB,general
прорываться,VERB,specialized
проседать,VERB,specialized
просеивать,VERB,everyday
просидеть,VERB,everyday
просить,VERB,everyday
прославиться,VERB,specialized
прослойка,NOUN,general
прослушивание,NOUN,everyday
просмотр,NOUN,general
проснуться,VERB,everyday
проспать,VERB,everyday
проспект,NOUN,general
просрочиться,VERB,general
простаивать,VERB,specialized
простить,VERB,everyday
просто,ADV,general
просто,PART,general
простой,ADJ,general
простой,ADV,everyday
простор,NOUN,specialized
просторный,ADJ,general
простота,NOUN,general
простоять,VERB,everyday
пространство,NOUN,general
проступать,VERB,everyday
простыть,VERB,general
просуществовать,VERB,specialized
просыпаться,VERB,everyday
просыхать,VERB,general
просьба,NOUN,everyday
протаивание,NOUN,specialized
протекать,VERB,everyday
протереть,VERB,general
протест,NOUN,general
протестный,ADJ,specialized
протечка,NOUN,everyday
против,ADP,general
противник,NOUN,general
противопоказать,VERB,everyday
противоположность,NOUN,specialized
противоположный,ADJ,general
противопоставление,NOUN,everyday
противопоставлять,VERB,specialized
противоречивый,ADJ,general
противоречие,NOUN,general
противоречить,VERB,specialized
протокол,NOUN,general
протокол,PROPN,general
протопопов,PROPN,everyday
протягивать,VERB,everyday
протяжение,NOUN,specialized
протяжный,ADJ,everyday
протяжённость,NOUN,specialized
протяжённый,ADJ,specialized
протянуться,VERB,everyday
профессионал,NOUN,everyday
профессиональный,ADJ,general
профессия,NOUN,general
профилактика,NOUN,general
профилирование,NOUN,general
профиль,NOUN,general
профсоюз,NOUN,specialized
прохладный,ADJ,everyday
проходить,VERB,general
прохожий,NOUN,specialized
процедура,NOUN,general
процент,NOUN,general
процентный,ADJ,general
процентщица,NOUN,everyday
процесс,NOUN,general
прочертить,VERB,specialized
прочесть,VERB,general
прочий,ADJ,general
прочитать,VERB,general
прочно,ADV,specialized
прочность,NOUN,everyday
прочный,ADJ,general
прошить,VERB,everyday
прошлогодний,ADJ,everyday
прошлое,NOUN,general
прошлый,ADJ,general
прощание,NOUN,general
прощаться,VERB,everyday
прощение,NOUN,everyday
прощёный,ADJ,everyday
проявка,NOUN,everyday
проявляться,VERB,general
пруд,NOUN,general
прыгать,VERB,everyday
прыжок,NOUN,everyday
пряжа,NOUN,everyday
прямо,ADV,general
прямой,ADJ,general
прятать,VERB,everyday
прятаться,VERB,everyday
псевдоним,NOUN,general
психиатрия,NOUN,specialized
психика,NOUN,specialized
психический,ADJ,general
психолог,NOUN,general
психологически,ADV,general
психологический,ADJ,specialized
психология,NOUN,general
птица,NOUN,everyday
птолемей,PROPN,specialized
птолемь,PROPN,specialized
птср,NOUN,specialized
птср,PROPN,specialized
публика,NOUN,specialized
публикация,NOUN,specialized
публиковать,VERB,general
публично,ADV,general
публичный,ADJ,specialized
пугать,VERB,everyday
пугаться,VERB,everyday
пугающий,ADJ,general
пузатый,ADJ,everyday
пульсар,NOUN,specialized
пульт,NOUN,everyday
пункт,NOUN,general
пусан,PROPN,general
пуск,NOUN,general
пускать,VERB,everyday
пустить,VERB,everyday
пустовать,VERB,everyday
пустой,ADJ,general
пустота,NOUN,general
пустынь,NOUN,specialized
пустырь,NOUN,everyday
пусть,PART,general
пусть,SCONJ,general
путаница,NOUN,specialized
путать,VERB,general
путаться,VERB,everyday
путешественник,NOUN,specialized
путешествие,NOUN,general
путь,NOUN,general
путь,PROPN,general
пуховик,NOUN,everyday
пучок,NOUN,everyday
пушистый,ADJ,everyday
пушкин,PROPN,general
пхали,NOUN,everyday
пшеничный,ADJ,everyday
пылесос,NOUN,everyday
пыль,NOUN,general
пыльца,NOUN,general
пытаться,VERB,general
пышный,ADJ,everyday
пьеса,NOUN,general
пятеро,NUM,general
пятибалльный,ADJ,general
пятисотрублёвый,ADJ,everyday
пятиэтажка,NOUN,everyday
пятнадцатый,ADJ,general
пятнадцать,NUM,general
пятница,NOUN,general
пятничный,ADJ,everyday
пятно,NOUN,specialized
пятый,ADJ,general
пять,NUM,general
пятьдесят,ADJ,everyday
пятьдесят,NUM,general
пятьсот,NUM,general
пятёрка,NOUN,general
пёс,NOUN,everyday
пёстрый,ADJ,everyday
пётр,PROPN,specialized
работа,NOUN,general
работать,VERB,general
работаться,VERB,everyday
работник,NOUN,general
работодатель,NOUN,general
рабочий,ADJ,general
рабочий,NOUN,general
равенство,NOUN,specialized
равнина,NOUN,specialized
равновесие,NOUN,specialized
равновесный,ADJ,specialized
равнодушие,NOUN,everyday
равнодушно,ADV,everyday
равнодушный,ADJ,specialized
равноценный,ADJ,general
равный,ADJ,general
рад,ADJ,everyday
ради,ADP,general
радиальный,ADJ,everyday
радио,NOUN,general
радовать,VERB,general
радоваться,VERB,everyday
радостный,ADJ,everyday
радость,NOUN,everyday
радуга,NOUN,specialized
раз,NOUN,general
раз,SCONJ,general
разбавлять,VERB,everyday
разбегаться,VERB,everyday
разбирательство,NOUN,general
разбирать,VERB,everyday
разбираться,VERB,general
разбить,VERB,general
разбиться,VERB,everyday
разборчиво,ADV,everyday
разваливаться,VERB,general
разве,PART,general
развернуться,VERB,everyday
развесить,VERB,everyday
развести,VERB,everyday
развеять,VERB,specialized
развивать,VERB,general
развиваться,VERB,general
развитие,NOUN,general
развитый,ADJ,specialized
развить,VERB,specialized
развлекательный,ADJ,specialized
развлечение,NOUN,everyday
развод,NOUN,general
разводить,VERB,general
разворачивать,VERB,general
развязка,NOUN,everyday
разгадать,VERB,specialized
разглядеть,VERB,specialized
разглядывать,VERB,everyday
разговаривать,VERB,everyday
разговор,NOUN,general
разговориться,VERB,general
разговорный,ADJ,general
разговорчивый,ADJ,everyday
разгораться,VERB,everyday
разгромить,VERB,specialized
разгружать,VERB,specialized
разгуливать,VERB,specialized
раздавать,VERB,general
раздаваться,VERB,everyday
раздать,VERB,general
раздаться,VERB,everyday
раздвигать,VERB,everyday
раздевалка,NOUN,general
раздел,NOUN,everyday
разделение,NOUN,general
разделить,VERB,general
разделочный,ADJ,everyday
раздельно,ADV,specialized
разделять,VERB,specialized
раздеть,VERB,everyday
раздражать,VERB,general
раздражаться,VERB,general
раздражение,NOUN,everyday
раздражительный,ADJ,general
раздробленность,NOUN,specialized
раздумывать,VERB,general
разжигать,VERB,everyday
разлагать,VERB,general
разлагаться,VERB,everyday
разлив,NOUN,specialized
разливать,VERB,everyday
разливаться,VERB,everyday
различать,VERB,general
различаться,VERB,general
различие,NOUN,specialized
различный,ADJ,specialized
разложение,NOUN,specialized
разложить,VERB,everyday
размер,NOUN,general
разместить,VERB,general
разметка,NOUN,specialized
размещать,VERB,specialized
разминка,NOUN,specialized
размножение,NOUN,specialized
размочить,VERB,everyday
размытый,ADJ,specialized
размышление,NOUN,specialized
размяться,VERB,everyday
разнимать,VERB,everyday
разница,NOUN,general
разновидность,NOUN,specialized
разногласие,NOUN,specialized
разнообразие,NOUN,specialized
разнообразный,ADJ,general
разнородный,ADJ,specialized
разносить,VERB,everyday
разноситься,VERB,everyday
разноцветный,ADJ,everyday
разношенный,ADJ,everyday
разный,ADJ,general
разобрать,VERB,general
разобраться,VERB,general
разобщённость,NOUN,specialized
разовый,ADJ,everyday
разогрев,NOUN,everyday
разогревать,VERB,general
разогреть,VERB,everyday
разозлиться,VERB,everyday
разойтись,VERB,general
разом,ADV,everyday
разослать,VERB,specialized
разочаровываться,VERB,specialized
разрабатывать,VERB,general
разработать,VERB,general
разработка,NOUN,general
разработчик,NOUN,specialized
разрастаться,VERB,everyday
разрастись,VERB,specialized
разрешать,VERB,general
разрешение,NOUN,general
разрешить,VERB,everyday
разрушать,VERB,general
разрушение,NOUN,general
разрушительный,ADJ,specialized
разрушить,VERB,everyday
разрыв,NOUN,general
разрядиться,VERB,everyday
разряжаться,VERB,general
разумеется,ADV,everyday
разуметься,VERB,general
разумность,NOUN,specialized
разумный,ADJ,general
разуться,VERB,everyday
разъяснить,VERB,general
разъёмный,ADJ,everyday
район,NOUN,general
районный,ADJ,general
ракета,NOUN,general
раковина,NOUN,everyday
ракурс,NOUN,specialized
ракушка,NOUN,everyday
рамка,NOUN,general
рамочный,ADJ,general
ранее,ADV,general
раненый,ADJ,everyday
ранец,NOUN,general
ранний,ADJ,specialized
рано,ADV,general
раскалить,VERB,everyday
раскат,NOUN,specialized
раскатывать,VERB,everyday
раскладывать,VERB,general
раскольников,PROPN,everyday
раскопать,VERB,specialized
раскопка,NOUN,specialized
раскрывать,VERB,general
раскрываться,VERB,specialized
раскрыть,VERB,general
распадаться,VERB,everyday
распечатать,VERB,general
распечатка,NOUN,general
расписание,NOUN,general
расписать,VERB,everyday
расписной,ADJ,everyday
расписывать,VERB,everyday
расплавить,VERB,everyday
расплакаться,VERB,general
расплываться,VERB,general
расплывчатый,ADJ,specialized
распознавание,NOUN,general
распознавать,VERB,general
расползаться,VERB,everyday
расположение,NOUN,general
расположенный,ADJ,specialized
расположить,VERB,specialized
распорядиться,VERB,everyday
распоряжаться,VERB,specialized
распределение,NOUN,general
распределительный,ADJ,specialized
распределить,VERB,general
распределять,VERB,general
распределяться,VERB,specialized
распродажа,NOUN,everyday
распространение,NOUN,general
распространить,VERB,specialized
распространиться,VERB,general
распространяться,VERB,specialized
распространённый,ADJ,general
распускать,VERB,everyday
распухнуть,VERB,everyday
распушиться,VERB,everyday
рассада,NOUN,everyday
рассадить,VERB,everyday
рассаживаться,VERB,everyday
рассасывание,NOUN,general
рассвести,VERB,everyday
рассвет,NOUN,general
рассеивать,VERB,specialized
рассеиваться,VERB,specialized
расселение,NOUN,everyday
рассесться,VERB,everyday
рассеяние,NOUN,specialized
рассеянный,ADJ,everyday
рассказ,NOUN,general
рассказать,VERB,general
рассказывать,VERB,general
расслабленность,NOUN,everyday
расследование,NOUN,general
рассматривать,VERB,general
рассмотрение,NOUN,general
рассмотреть,VERB,general
расспрашивать,VERB,general
расспросить,VERB,general
расстаться,VERB,general
расстегнуть,VERB,everyday
расстелить,VERB,general
расстояние,NOUN,general
расстраиваться,VERB,everyday
расстроить,VERB,everyday
расстроиться,VERB,general
расстройство,NOUN,general
рассудить,VERB,specialized
рассуждать,VERB,general
рассуждение,NOUN,specialized
рассчитывать,VERB,general
рассыпать,VERB,everyday
рассыпчатый,ADJ,everyday
растаять,VERB,everyday
растворить,VERB,everyday
растение,NOUN,general
растеряться,VERB,everyday
растечься,VERB,everyday
расти,VERB,general
растительный,ADJ,everyday
растопить,VERB,everyday
расторгнуть,VERB,specialized
расторжение,NOUN,everyday
растратить,VERB,everyday
растяжение,NOUN,everyday
растянуться,VERB,general
расход,NOUN,general
расходиться,VERB,general
расцветка,NOUN,everyday
расценивать,VERB,general
расчёт,NOUN,specialized
расчётный,ADJ,general
расширение,NOUN,general
расширить,VERB,general
расшириться,VERB,specialized
расширять,VERB,general
расширяться,VERB,specialized
расшифровка,NOUN,specialized
расщеплять,VERB,specialized
раунд,NOUN,general
рацион,NOUN,everyday
рациональный,ADJ,everyday
рачок,NOUN,everyday
реабилитация,NOUN,everyday
реабилитолог,NOUN,general
реагировать,VERB,general
реакция,NOUN,general
реализация,NOUN,general
реализм,NOUN,specialized
реалистический,ADJ,specialized
реалистичный,ADJ,general
реально,ADV,general
реальность,NOUN,general
реальный,ADJ,general
ребята,NOUN,general
ребёнок,NOUN,everyday
ревновать,VERB,everyday
ревность,NOUN,everyday
революция,NOUN,general
революция,PROPN,everyday
регенерация,NOUN,specialized
регион,NOUN,general
региональный,ADJ,general
регистрация,NOUN,everyday
регистрировать,VERB,general
регламент,NOUN,general
регулирование,NOUN,general
регулировать,VERB,specialized
регулярно,ADV,general
регулярность,NOUN,specialized
регулярный,ADJ,general
регулятор,NOUN,general
регуляция,NOUN,specialized
редактирование,NOUN,specialized
редактировать,VERB,general
редактура,NOUN,specialized
редакция,NOUN,general
редеть,VERB,everyday
редкий,ADJ,general
редко,ADV,general
режим,NOUN,general
режиссёр,NOUN,specialized
резать,VERB,everyday
резерв,NOUN,general
резервный,ADJ,general
резидент,NOUN,general
резиденция,NOUN,everyday
резиновый,ADJ,general
резкий,ADJ,general
резко,ADV,general
резной,ADJ,everyday
результат,NOUN,general
резюме,NOUN,general
рейс,NOUN,everyday
рейтинг,NOUN,general
река,NOUN,general
реквием,NOUN,specialized
реклама,NOUN,general
рекламный,ADJ,general
рекламодатель,NOUN,general
рекомендация,NOUN,general
рекомендовать,VERB,general
реконструировать,VERB,general
реконструкция,NOUN,general
рекорд,NOUN,general
рекордный,ADJ,everyday
рекордсмен,NOUN,general
религиозный,ADJ,general
религия,NOUN,general
релиз,NOUN,everyday
рельеф,NOUN,specialized
рельс,NOUN,specialized
ремесленник,NOUN,specialized
ремесленный,ADJ,specialized
ремесло,NOUN,everyday
ремешок,NOUN,everyday
ремонт,NOUN,everyday
ремонтировать,VERB,general
ремонтный,ADJ,everyday
рентген,NOUN,everyday
репертуар,NOUN,specialized
репетировать,VERB,general
репетитор,NOUN,general
репин,PROPN,specialized
репортаж,NOUN,general
ресепшен,NOUN,general
ресепшн,NOUN,everyday
республика,NOUN,general
реставрация,NOUN,general
ресторан,NOUN,general
ресурс,NOUN,general
референсный,ADJ,general
реформа,NOUN,general
рецепт,NOUN,general
речка,NOUN,everyday
речной,ADJ,everyday
речь,NOUN,general
речь,PROPN,general
решать,VERB,general
решающий,ADJ,general
решение,NOUN,general
решительно,ADV,everyday
решить,VERB,general
решиться,VERB,general
рим,PROPN,general
римский,ADJ,specialized
рис,NOUN,everyday
риск,NOUN,general
рисковать,VERB,everyday
рисовать,VERB,everyday
рисунок,NOUN,general
ритм,NOUN,general
риторика,NOUN,specialized
ритуал,NOUN,general
рифма,NOUN,everyday
рифмоваться,VERB,specialized
роберт,PROPN,general
робототехника,NOUN,general
ровесник,NOUN,general
ровно,ADV,everyday
ровный,ADJ,general
род,NOUN,general
роддом,NOUN,everyday
родитель,NOUN,general
родительский,ADJ,general
родник,NOUN,everyday
родной,ADJ,general
родные,NOUN,everyday
родственник,NOUN,general
родственный,ADJ,specialized
родство,NOUN,specialized
родченко,PROPN,specialized
рожа,NOUN,everyday
рождаемость,NOUN,general
рождать,VERB,everyday
рождаться,VERB,general
рождение,NOUN,everyday
рождественский,ADJ,everyday
рождество,PROPN,general
роза,NOUN,everyday
розетка,NOUN,everyday
розеттский,ADJ,specialized
розоватый,ADJ,everyday
розовый,ADJ,everyday
рок,NOUN,general
рок-группа,NOUN,general
рок-клуб,NOUN,general
роль,NOUN,general
роман,NOUN,general
роман,PROPN,general
романов,PROPN,general
романтизировать,VERB,general
романтичный,ADJ,specialized
роса,NOUN,general
роспись,NOUN,specialized
российский,ADJ,general
россия,PROPN,general
россиянин,NOUN,everyday
рост,NOUN,general
ростов,PROPN,everyday
рот,NOUN,everyday
роутер,NOUN,everyday
роща,NOUN,everyday
ртутный,ADJ,everyday
рубашка,NOUN,everyday
рубеж,NOUN,general
рубить,VERB,general
рубль,NOUN,everyday
рублёв,PROPN,specialized
рубрика,NOUN,specialized
ругать,VERB,everyday
рука,NOUN,everyday
руководитель,NOUN,general
руководить,VERB,general
руководство,NOUN,general
рукоделие,NOUN,everyday
рукопожатие,NOUN,specialized
руль,NOUN,general
румяный,ADJ,specialized
русалка,NOUN,specialized
русло,NOUN,specialized
русский,ADJ,general
русский,NOUN,everyday
русскоязычный,ADJ,general
русь,PROPN,general
рутина,NOUN,everyday
рутинный,ADJ,general
ручка,NOUN,everyday
ручной,ADJ,everyday
рыба,NOUN,everyday
рыбак,NOUN,everyday
рыбалка,NOUN,everyday
рыбина,NOUN,everyday
рыбка,NOUN,everyday
рыболовство,NOUN,specialized
рыжий,ADJ,everyday
рынок,NOUN,general
рыночный,ADJ,everyday
рысь,NOUN,everyday
рэлеевский,ADJ,specialized
рюкзак,NOUN,everyday
ряд,NOUN,general
рядовой,ADJ,general
рядом,ADV,general
рязанов,PROPN,everyday
с,ADP,general
сага,NOUN,specialized
сад,NOUN,general
садик,NOUN,everyday
садиться,VERB,general
садка,NOUN,everyday
садовник,NOUN,everyday
садовый,ADJ,everyday
сажать,VERB,general
сайт,NOUN,general
салат,NOUN,everyday
салон,NOUN,everyday
сальса,NOUN,everyday
сам,ADJ,general
самара,PROPN,everyday
самиздат,NOUN,specialized
самовар,NOUN,everyday
самодеятельный,ADJ,general
самоконтроль,NOUN,specialized
самолёт,NOUN,general
самоотчёт,NOUN,specialized
самооценка,NOUN,general
самостоятельно,ADV,general
самостоятельность,NOUN,general
самостоятельный,ADJ,general
самоуправление,NOUN,everyday
самочувствие,NOUN,general
самый,ADJ,general
сан-франциско,PROPN,everyday
санаторий,NOUN,general
сандалия,NOUN,everyday
санкт-петербург,PROPN,general
санкция,NOUN,general
сансара,NOUN,specialized
сантехник,NOUN,everyday
сантиметр,NOUN,general
сантьяго,PROPN,specialized
саня,PROPN,everyday
сапог,NOUN,everyday
сарай,NOUN,everyday
саратов,PROPN,general
сатоси,PROPN,general
сатурн,PROPN,specialized
сахар,NOUN,general
саша,PROPN,everyday
сбежать,VERB,everyday
сбережения,NOUN,general
сближать,VERB,everyday
сблизиться,VERB,general
сбой,NOUN,general
сбоку,ADV,general
сбор,NOUN,general
сборная,NOUN,general
сборник,NOUN,general
сборочный,ADJ,general
сборщик,NOUN,specialized
сбрасывать,VERB,everyday
сброс,NOUN,everyday
сбываться,VERB,specialized
сбыться,VERB,general
свадьба,NOUN,everyday
свалка,NOUN,general
сварить,VERB,everyday
сват,NOUN,everyday
сватья,NOUN,everyday
сведение,NOUN,general
свежевыстиранный,ADJ,everyday
свежепокрасить,VERB,general
свежий,ADJ,general
свекровь,NOUN,everyday
сверить,VERB,everyday
сверлить,VERB,everyday
сверло,NOUN,everyday
свернуть,VERB,everyday
сверх,ADP,general
сверху,ADV,everyday
сверхурочный,ADJ,general
свести,VERB,general
свет,NOUN,general
свет,PROPN,everyday
светило,NOUN,specialized
светиться,VERB,general
светловолосый,ADJ,everyday
светлый,ADJ,everyday
светодиодный,ADJ,general
светофор,NOUN,everyday
светский,ADJ,everyday
свеча,NOUN,everyday
свечка,NOUN,everyday
свидание,NOUN,everyday
свидетель,NOUN,general
свидетельство,NOUN,general
свистеть,VERB,everyday
свисток,NOUN,everyday
свита,NOUN,specialized
свитер,NOUN,everyday
свобода,NOUN,general
свободно,ADV,general
свободный,ADJ,general
свод,NOUN,everyday
сводить,VERB,general
сводиться,VERB,specialized
своеобразный,ADJ,specialized
свой,DET,general
свойство,NOUN,specialized
сворачивать,VERB,everyday
сворачиваться,VERB,specialized
своротить,VERB,general
свояк,NOUN,everyday
свояченица,NOUN,everyday
связать,VERB,general
связаться,VERB,everyday
связка,NOUN,everyday
связный,ADJ,specialized
связывать,VERB,general
связываться,VERB,general
связь,NOUN,general
святой,ADJ,general
священный,ADJ,specialized
свёкла,NOUN,everyday
свёкор,NOUN,everyday
сгенерировать,VERB,general
сгладить,VERB,general
сглаживаться,VERB,specialized
сглазить,VERB,everyday
сгореть,VERB,everyday
сдавать,VERB,everyday
сдать,VERB,everyday
сдача,NOUN,general
сдвиг,NOUN,specialized
сдвигаться,VERB,general
сдвинуть,VERB,everyday
сдвинуться,VERB,specialized
сделать,VERB,everyday
сделка,NOUN,general
сдержанно,ADV,everyday
сдержанность,NOUN,general
сдержанный,ADJ,general
сдерживание,NOUN,general
сдерживать,VERB,specialized
сеанс,NOUN,everyday
себя,PRON,general
север,NOUN,general
север,PROPN,general
севернее,ADV,everyday
северный,ADJ,general
северный,PROPN,general
севиче,NOUN,specialized
сегодня,ADV,general
сегодняшний,ADJ,general
седина,NOUN,everyday
седловидный,ADJ,everyday
седмица,NOUN,everyday
седой,ADJ,everyday
седьмой,ADJ,everyday
сезон,NOUN,general
сезонный,ADJ,general
сей,DET,general
сейсмически,ADV,specialized
сейф,NOUN,everyday
сейчас,ADV,general
секрет,NOUN,everyday
секретарь,NOUN,everyday
сектор,NOUN,general
секунда,NOUN,general
секция,NOUN,general
селиться,VERB,specialized
село,NOUN,general
сельский,ADJ,general
селёдка,NOUN,everyday
семейка,NOUN,everyday
семейный,ADJ,general
семестр,NOUN,general
семечко,NOUN,everyday
семилетний,ADJ,everyday
семинар,NOUN,general
семнадцатый,ADJ,specialized
семнадцать,NUM,general
семь,NUM,general
семьдесят,NUM,general
семьсот,NUM,general
семья,NOUN,general
семя,NOUN,general
сена,PROPN,general
сената,PROPN,specialized
сено,NOUN,general
сенсомоторный,ADJ,specialized
сенсорный,ADJ,everyday
сентиментальный,ADJ,everyday
сентябрь,NOUN,general
сервер,NOUN,general
сервис,NOUN,general
сервисный,ADJ,general
сергеевич,PROPN,everyday
сергеевна,PROPN,everyday
сергей,PROPN,general
сергиев,PROPN,everyday
сердиться,VERB,everyday
сердце,NOUN,general
сердцебиение,NOUN,everyday
серебристый,ADJ,everyday
серебряный,ADJ,everyday
середина,NOUN,general
сериал,NOUN,general
серия,NOUN,general
серого,PROPN,everyday
сертификат,NOUN,general
серый,ADJ,everyday
серьга,NOUN,everyday
серьёзно,ADV,general
серьёзный,ADJ,general
серёжа,PROPN,general
сессия,NOUN,general
сестра,NOUN,everyday
сесть,VERB,everyday
сетка,NOUN,general
сетунь,PROPN,everyday
сеть,NOUN,general
сжигание,NOUN,everyday
сжигать,VERB,specialized
сжимать,VERB,everyday
сибирский,ADJ,specialized
сибирь,PROPN,everyday
сигарета,NOUN,general
сигнал,NOUN,general
сигнализировать,VERB,everyday
сиденье,NOUN,everyday
сидеть,VERB,everyday
сидоров,PROPN,general
сидорова,PROPN,general
сикока,PROPN,specialized
сила,NOUN,general
силуэт,NOUN,specialized
сильно,ADV,general
сильный,ADJ,general
сим-карта,NOUN,everyday
символ,NOUN,general
символически,ADV,everyday
символический,ADJ,everyday
симптом,NOUN,general
симфонический,ADJ,specialized
симфония,NOUN,specialized
синагога,NOUN,everyday
синий,ADJ,general
синица,NOUN,everyday
синоптика,NOUN,everyday
синтез,NOUN,specialized
синтетика,NOUN,everyday
синтетический,ADJ,general
синяк,NOUN,general
сирень,NOUN,general
сириус,PROPN,specialized
сироп,NOUN,everyday
система,NOUN,general
систематический,ADJ,specialized
системный,ADJ,general
сито,NOUN,everyday
ситуация,NOUN,general
сказать,VERB,general
сказаться,VERB,specialized
сказка,NOUN,general
сказочный,ADJ,everyday
сказываться,VERB,general
скакать,VERB,general
скал,NOUN,everyday
скамейка,NOUN,general
скан,NOUN,everyday
скандал,NOUN,everyday
скандий,NOUN,specialized
скандинав,NOUN,specialized
скандинавский,ADJ,specialized
сканировать,VERB,general
скатерть,NOUN,general
скачок,NOUN,specialized
сквозь,ADP,general
скворец,NOUN,everyday
скептик,NOUN,general
скидка,NOUN,general
скинуть,VERB,everyday
склад,NOUN,everyday
складывать,VERB,everyday
складываться,VERB,general
склон,NOUN,everyday
склонность,NOUN,specialized
сковорода,NOUN,everyday
сковородка,NOUN,general
скользить,VERB,everyday
скользкий,ADJ,everyday
сколько,ADV,general
сколько,NUM,general
сколько,SCONJ,general
скорбеть,VERB,everyday
скорее,ADV,general
скорлупа,NOUN,everyday
скоро,ADV,general
скорость,NOUN,general
скорый,ADJ,general
скот,NOUN,general
скотч,NOUN,everyday
скошенный,ADJ,everyday
скромно,ADV,general
скромный,ADJ,general
скрываться,VERB,general
скрыть,VERB,general
скука,NOUN,everyday
скульптура,NOUN,everyday
скулёж,NOUN,everyday
скучать,VERB,general
скучный,ADJ,general
слабеть,VERB,general
слабина,NOUN,general
слабовидящий,NOUN,everyday
слабость,NOUN,general
слабый,ADJ,general
славянский,ADJ,specialized
сладкий,ADJ,everyday
сладковатый,ADJ,everyday
сладость,NOUN,everyday
слаженный,ADJ,everyday
слева,ADV,everyday
след,NOUN,general
следить,VERB,general
следователь,NOUN,everyday
следовать,VERB,general
следствие,NOUN,general
следующий,ADJ,general
слеза,NOUN,everyday
слепить,VERB,everyday
сливать,VERB,everyday
сливаться,VERB,everyday
сливки,NOUN,everyday
слишком,ADV,general
слияние,NOUN,everyday
слобода,NOUN,everyday
словарь,NOUN,general
словно,PART,general
слово,NOUN,general
сложить,VERB,general
сложиться,VERB,general
сложно,ADJ,everyday
сложность,NOUN,specialized
сложный,ADJ,general
слой,NOUN,general
сломать,VERB,general
слон,NOUN,everyday
служба,NOUN,general
служитель,NOUN,everyday
служить,VERB,general
слух,NOUN,general
случай,NOUN,general
случайно,ADV,general
случайность,NOUN,specialized
случайный,ADJ,general
случаться,VERB,everyday
случиться,VERB,everyday
слушатель,NOUN,specialized
слушать,VERB,general
слышать,VERB,general
слышно,ADV,everyday
слышный,ADJ,everyday
слякотный,ADJ,everyday
смазать,VERB,everyday
смазывать,VERB,everyday
смартфон,NOUN,general
смелость,NOUN,specialized
смена,NOUN,general
сменить,VERB,general
сменять,VERB,everyday
сменяться,VERB,everyday
смерть,NOUN,general
смеситель,NOUN,everyday
смесить,VERB,everyday
сместить,VERB,general
сместиться,VERB,specialized
смесь,NOUN,general
смета,NOUN,everyday
сметана,NOUN,everyday
смех,NOUN,general
смешанный,ADJ,general
смешение,NOUN,specialized
смешивать,VERB,specialized
смешной,ADJ,everyday
смещать,VERB,specialized
смеяться,VERB,everyday
смириться,VERB,general
смирнов,PROPN,everyday
смирнова,PROPN,everyday
смоленский,ADJ,everyday
смоленский,PROPN,specialized
смородина,NOUN,everyday
сморщить,VERB,everyday
смотреть,VERB,general
смотреться,VERB,everyday
смотритель,NOUN,everyday
смотровой,ADJ,everyday
смочь,VERB,everyday
смс,PROPN,everyday
смутить,VERB,everyday
смутный,ADJ,specialized
смущать,VERB,everyday
смысл,NOUN,general
смысловой,ADJ,specialized
смыть,VERB,everyday
смягчать,VERB,general
смягчение,NOUN,general
смятый,ADJ,general
снаружи,ADV,everyday
снасть,NOUN,everyday
сначала,ADV,everyday
снег,NOUN,everyday
снегирь,NOUN,everyday
снегопад,NOUN,everyday
снегурочка,PROPN,everyday
снежинка,NOUN,specialized
снежный,ADJ,everyday
снижать,VERB,general
снижаться,VERB,specialized
снижение,NOUN,general
снизить,VERB,general
снизиться,VERB,general
снизу,ADV,general
сникнуть,VERB,everyday
снимать,VERB,general
снимок,NOUN,general
сниться,VERB,specialized
снова,ADV,everyday
сновидение,NOUN,specialized
снос,NOUN,everyday
сноха,NOUN,everyday
сношение,NOUN,specialized
снятие,NOUN,general
снять,VERB,everyday
собака,NOUN,general
собачник,NOUN,everyday
собеседник,NOUN,everyday
собеседование,NOUN,everyday
собиратель,NOUN,specialized
собирательство,NOUN,specialized
собирать,VERB,general
собираться,VERB,general
соблюдать,VERB,everyday
соблюдение,NOUN,specialized
соболезнование,NOUN,everyday
соболь,NOUN,everyday
собор,NOUN,general
собрание,NOUN,general
собрать,VERB,general
собраться,VERB,everyday
собственник,NOUN,everyday
собственность,NOUN,general
собственный,ADJ,general
событие,NOUN,general
сова,NOUN,everyday
совершать,VERB,specialized
совершенно,ADV,general
совершеннолетие,NOUN,specialized
совершенствование,NOUN,specialized
совершенствоваться,VERB,specialized
совершить,VERB,general
совесть,NOUN,everyday
совет,NOUN,general
совет,PROPN,general
советовать,VERB,general
советский,ADJ,general
советы,PROPN,everyday
совещание,NOUN,general
совместить,VERB,everyday
совместный,ADJ,general
совмещать,VERB,general
совокупность,NOUN,general
совокупный,ADJ,specialized
совпадать,VERB,specialized
совпасть,VERB,specialized
современный,ADJ,general
совсем,ADV,general
согласие,NOUN,general
согласиться,VERB,general
согласно,ADP,general
согласный,ADJ,general
согласование,NOUN,general
согласовать,VERB,general
согласовывать,VERB,general
соглашаться,VERB,general
соглашение,NOUN,general
сода,NOUN,specialized
содержание,NOUN,general
содержательный,ADJ,general
содержать,VERB,general
содержимое,NOUN,everyday
соединение,NOUN,everyday
соединить,VERB,general
соединять,VERB,specialized
сожаление,NOUN,everyday
сожалеть,VERB,general
сожжение,NOUN,everyday
созваниваться,VERB,everyday
созвездие,NOUN,specialized
созвон,NOUN,general
созвониться,VERB,general
создавать,VERB,general
создаваться,VERB,specialized
создание,NOUN,general
создатель,NOUN,specialized
создать,VERB,general
сознание,NOUN,general
сознательно,ADV,general
сознательный,ADJ,specialized
созреть,VERB,everyday
соискатель,NOUN,general
сойка,NOUN,everyday
сойти,VERB,general
сойтись,VERB,general
сок,NOUN,general
сокол,NOUN,everyday
сокольник,PROPN,everyday
сокольнический,ADJ,everyday
сократ,PROPN,specialized
сократить,VERB,general
сократиться,VERB,general
сокращать,VERB,specialized
сокращаться,VERB,everyday
сокращение,NOUN,general
сокровище,NOUN,specialized
солдат,NOUN,everyday
солнечный,ADJ,general
солнце,NOUN,everyday
солнце,PROPN,general
соломенный,ADJ,everyday
соломинка,NOUN,general
соломон,PROPN,specialized
солоноватый,ADJ,everyday
соль,NOUN,everyday
солянка,NOUN,everyday
солёный,ADJ,everyday
сомневаться,VERB,general
сомнение,NOUN,general
сомнительный,ADJ,everyday
сон,NOUN,general
сонный,ADJ,general
соня,PROPN,everyday
соображать,VERB,general
соображение,NOUN,everyday
сообщать,VERB,general
сообщение,NOUN,general
сообщество,NOUN,general
сообщить,VERB,general
соответственно,ADV,general
соответствие,NOUN,general
соответствовать,VERB,specialized
соответствующий,ADJ,general
сопение,NOUN,everyday
соперник,NOUN,everyday
соперничество,NOUN,specialized
сопка,NOUN,everyday
сопоставимый,ADJ,general
сопоставить,VERB,general
сопоставление,NOUN,specialized
сопоставлять,VERB,specialized
сопроводительный,ADJ,everyday
сопровождать,VERB,specialized
сопровождаться,VERB,general
сопровождение,NOUN,everyday
сопротивление,NOUN,general
сопутствующий,ADJ,general
сорваться,VERB,everyday
соревнование,NOUN,general
сорняк,NOUN,general
сорок,NUM,general
сортировать,VERB,general
сортировка,NOUN,general
сосед,NOUN,general
соседка,NOUN,general
соседний,ADJ,general
соседский,ADJ,general
соседство,NOUN,everyday
соседствовать,VERB,specialized
сосиска,NOUN,everyday
сослаться,VERB,general
сосна,NOUN,everyday
сосредоточенность,NOUN,general
сосредоточить,VERB,specialized
сосредоточиться,VERB,general
состав,NOUN,general
составить,VERB,general
составление,NOUN,general
составлять,VERB,general
составной,ADJ,general
состояние,NOUN,general
состоять,VERB,general
состояться,VERB,general
состыковаться,VERB,specialized
состязание,NOUN,everyday
сосуществование,NOUN,general
сосуществовать,VERB,specialized
сотка,NOUN,everyday
сотня,NOUN,specialized
сотрудник,NOUN,general
сотрудница,NOUN,general
сотрудничество,NOUN,general
соус,NOUN,everyday
софт,NOUN,everyday
сохнуть,VERB,everyday
сохранение,NOUN,everyday
сохранить,VERB,general
сохраниться,VERB,general
сохранять,VERB,general
сохраняться,VERB,specialized
социалистический,ADJ,specialized
социальный,ADJ,general
социолог,NOUN,general
социология,NOUN,specialized
соцпакет,NOUN,specialized
соцсеть,NOUN,general
сочельник,PROPN,everyday
сочетание,NOUN,general
сочетаться,VERB,general
сочиво,NOUN,everyday
сочинение,NOUN,general
сочинять,VERB,specialized
сочиться,VERB,everyday
сочный,ADJ,everyday
союз,NOUN,general
союз,PROPN,general
союзник,NOUN,specialized
соя,NOUN,everyday
спа-салон,NOUN,general
спальник,NOUN,everyday
спальный,ADJ,specialized
спальня,NOUN,everyday
спасатель,NOUN,everyday
спасаться,VERB,everyday
спасение,NOUN,general
спасибо,NOUN,everyday
спасский,ADJ,everyday
спасти,VERB,general
спать,VERB,general
спектакль,NOUN,general
спектр,NOUN,general
спереди,ADV,everyday
спеть,VERB,general
специализированный,ADJ,specialized
специализироваться,VERB,specialized
специалист,NOUN,everyday
специально,ADV,general
специальность,NOUN,everyday
специальный,ADJ,general
специфический,ADJ,specialized
специя,NOUN,everyday
спецэффект,NOUN,everyday
спина,NOUN,everyday
спинной,ADJ,everyday
списание,NOUN,general
списать,VERB,general
список,NOUN,general
списывать,VERB,general
спица,NOUN,everyday
спичка,NOUN,everyday
сплав,NOUN,specialized
сплавиться,VERB,everyday
спокойно,ADJ,everyday
спокойно,ADV,everyday
спокойный,ADJ,everyday
спокойствие,NOUN,general
спонсорство,NOUN,everyday
спонтанный,ADJ,general
спор,NOUN,general
спорить,VERB,everyday
спорный,ADJ,general
спорт,NOUN,everyday
спортзал,NOUN,general
спортивный,ADJ,everyday
спортсмен,NOUN,everyday
спортсменка,NOUN,everyday
способ,NOUN,general
способность,NOUN,general
способный,ADJ,general
способствовать,VERB,general
спотыкаться,VERB,everyday
справа,ADV,everyday
справедливость,NOUN,general
справедливый,ADJ,general
справиться,VERB,general
справка,NOUN,everyday
справляться,VERB,general
справочный,ADJ,everyday
спрашивать,VERB,general
спрос,NOUN,general
спросить,VERB,everyday
спрятать,VERB,specialized
спрятаться,VERB,everyday
спуск,NOUN,everyday
спускать,VERB,everyday
спускаться,VERB,everyday
спуститься,VERB,everyday
спустя,ADP,general
спутник,NOUN,general
спящий,ADJ,specialized
срабатывать,VERB,everyday
сработать,VERB,general
сравнение,NOUN,general
сравнивать,VERB,general
сравнительно,ADV,general
сравнительный,ADJ,specialized
сражение,NOUN,specialized
сразу,ADV,general
среда,NOUN,general
среди,ADP,general
средневековый,ADJ,specialized
среднее,NOUN,general
средний,ADJ,general
средовой,ADJ,specialized
средство,NOUN,general
срезать,VERB,everyday
сровнять,VERB,general
срок,NOUN,general
срочно,ADV,general
срочный,ADJ,general
срывать,VERB,specialized
срываться,VERB,everyday
ссора,NOUN,general
ссориться,VERB,everyday
ссср,PROPN,general
ссылаться,VERB,general
ссылка,NOUN,general
стабильность,NOUN,general
стабильный,ADJ,specialized
ставить,VERB,general
ставка,NOUN,general
стадион,NOUN,general
стадия,NOUN,specialized
стаж,NOUN,general
стажировка,NOUN,general
стакан,NOUN,everyday
стаканчик,NOUN,everyday
сталинград,PROPN,specialized
сталкиваться,VERB,specialized
сталь,NOUN,everyday
стандарт,NOUN,general
стандартный,ADJ,specialized
станислав,PROPN,everyday
становиться,VERB,general
станок,NOUN,specialized
станция,NOUN,general
старание,NOUN,everyday
старательно,ADV,everyday
стараться,VERB,everyday
старение,NOUN,general
старик,NOUN,everyday
старинка,NOUN,everyday
старинный,ADJ,everyday
старо-татарский,PROPN,everyday
старомодно,ADV,everyday
старость,NOUN,general
старт,NOUN,general
старуха,NOUN,everyday
старшеклассник,NOUN,general
старшекурсник,NOUN,general
старший,ADJ,everyday
старший,NOUN,general
старый,ADJ,general
стас,PROPN,general
статистика,NOUN,general
статистически,ADV,general
статистический,ADJ,general
статичный,ADJ,specialized
статус,NOUN,general
стать,VERB,general
статья,NOUN,general
стащить,VERB,everyday
ствол,NOUN,everyday
стекать,VERB,everyday
стекло,NOUN,everyday
стеклянный,ADJ,specialized
стела,NOUN,specialized
стелить,VERB,everyday
стена,NOUN,general
стенд,NOUN,everyday
стенка,NOUN,everyday
степень,NOUN,general
стереотип,NOUN,general
стереться,VERB,everyday
стеснение,NOUN,everyday
стесняться,VERB,everyday
стечь,VERB,everyday
стиль,NOUN,general
стильный,ADJ,everyday
стимул,NOUN,specialized
стипендия,NOUN,general
стиральный,ADJ,general
стирать,VERB,general
стирка,NOUN,everyday
стих,NOUN,specialized
стихийный,ADJ,specialized
стихотворение,NOUN,general
сто,NUM,general
стоик,NOUN,specialized
стоимость,NOUN,general
стоить,VERB,general
стойка,NOUN,general
сток,NOUN,everyday
сток-мандевилл,PROPN,everyday
стол,NOUN,everyday
столб,NOUN,general
столбик,NOUN,everyday
столетие,NOUN,specialized
столетний,ADJ,specialized
столик,NOUN,everyday
столица,NOUN,general
столкновение,NOUN,general
столкнуть,VERB,specialized
столкнуться,VERB,general
столовая,NOUN,general
столовый,ADJ,everyday
столп,NOUN,specialized
столпиться,VERB,everyday
столько,ADV,general
столько,NUM,general
столько,SCONJ,general
столяр,NOUN,general
столярный,ADJ,general
стоматолог,NOUN,general
стоматология,NOUN,general
стопка,NOUN,everyday
сторона,NOUN,general
сторонник,NOUN,general
стоуки,PROPN,specialized
стоянка,NOUN,specialized
стоять,VERB,general
страдание,NOUN,everyday
страдать,VERB,general
страна,NOUN,general
страна,PROPN,everyday
страница,NOUN,general
странный,ADJ,everyday
стратегический,ADJ,general
стратегия,NOUN,general
страх,NOUN,general
страхование,NOUN,general
страховка,NOUN,everyday
страховой,ADJ,general
страховщик,NOUN,general
страшно,ADV,everyday
страшноватый,ADJ,general
страшный,ADJ,general
стрелка,NOUN,everyday
стрельба,NOUN,everyday
стремительно,ADV,general
стремиться,VERB,general
стремление,NOUN,general
стресс,NOUN,general
стрессовый,ADJ,general
стрижка,NOUN,everyday
стриминг,NOUN,general
стриминговый,ADJ,general
строгать,VERB,general
строгий,ADJ,general
строго,ADV,general
строение,NOUN,general
строительный,ADJ,everyday
строительство,NOUN,general
строить,VERB,general
стройка,NOUN,everyday
стройный,ADJ,everyday
строка,NOUN,general
строчка,NOUN,general
стружка,NOUN,general
структура,NOUN,general
струна,NOUN,everyday
струнный,ADJ,specialized
струя,NOUN,specialized
стряхнуть,VERB,everyday
студент,NOUN,general
студенческий,ADJ,general
студия,NOUN,general
стук,NOUN,everyday
стул,NOUN,general
ступенька,NOUN,everyday
стучать,VERB,everyday
стыдиться,VERB,everyday
стыдно,ADV,general
стык,NOUN,specialized
стюарт,PROPN,specialized
стёртый,ADJ,everyday
суббота,NOUN,everyday
субботник,NOUN,general
субкультура,NOUN,general
суборбитальный,ADJ,specialized
субсидия,NOUN,general
субъект,NOUN,specialized
субъективный,ADJ,specialized
сувенир,NOUN,everyday
сувенирный,ADJ,everyday
сугроб,NOUN,everyday
суд,NOUN,general
судебный,ADJ,general
судить,VERB,general
судьба,NOUN,general
судья,NOUN,everyday
суетливый,ADJ,specialized
суждение,NOUN,general
суздаль,PROPN,everyday
суздальский,ADJ,specialized
суккулент,NOUN,everyday
сумасшедший,ADJ,everyday
сумка,NOUN,everyday
сумма,NOUN,general
сумочка,NOUN,everyday
суп,NOUN,everyday
супергеройский,ADJ,specialized
супермаркет,NOUN,everyday
суперсерия,NOUN,everyday
супрематизм,NOUN,specialized
супруг,NOUN,specialized
супружеский,ADJ,specialized
сустав,NOUN,general
сутки,NOUN,general
суточный,ADJ,everyday
сутулый,ADJ,everyday
суть,NOUN,general
сухо,ADJ,everyday
сухой,ADJ,general
сухофрукт,NOUN,everyday
сучок,NOUN,general
суша,NOUN,general
сушилка,NOUN,everyday
сушить,VERB,general
сушиться,VERB,everyday
сушка,NOUN,everyday
существенно,ADV,general
существо,NOUN,general
существование,NOUN,general
существовать,VERB,general
сфальшивить,VERB,everyday
сфера,NOUN,general
сформироваться,VERB,specialized
сформовать,VERB,everyday
сфотографировать,VERB,general
сфотографироваться,VERB,general
схватить,VERB,everyday
схема,NOUN,general
схематичный,ADJ,specialized
сходить,VERB,everyday
сходиться,VERB,general
сходный,ADJ,specialized
сходство,NOUN,specialized
схожий,ADJ,specialized
сцена,NOUN,general
сценарий,NOUN,general
сценарист,NOUN,general
сценический,ADJ,specialized
счастливый,ADJ,general
счастье,NOUN,general
счесть,VERB,everyday
счесться,VERB,everyday
считаный,ADJ,general
считать,VERB,general
счёт,NOUN,general
счётчик,NOUN,everyday
сша,PROPN,general
съедать,VERB,general
съедобный,ADJ,general
съездить,VERB,everyday
съесть,VERB,general
съехать,VERB,everyday
съёмка,NOUN,general
съёмный,ADJ,everyday
сыграть,VERB,general
сын,NOUN,everyday
сыр,NOUN,everyday
сырник,NOUN,everyday
сырный,ADJ,everyday
сырой,ADJ,everyday
сырьё,NOUN,general
сытый,ADJ,everyday
сыщик,NOUN,everyday
сюда,ADV,general
сюжет,NOUN,general
сюжетный,ADJ,general
сюрприз,NOUN,general
таблица,NOUN,general
табличка,NOUN,general
табло,NOUN,general
таз,NOUN,everyday
тазик,NOUN,everyday
таинство,NOUN,everyday
тайга,NOUN,everyday
тайм,NOUN,everyday
тайно,ADV,general
тайный,ADJ,specialized
тайский,ADJ,everyday
тайфун,NOUN,everyday
так,ADV,general
также,ADV,general
также,PART,general
таковой,ADJ,everyday
такой,DET,general
такси,NOUN,general
таксомоторный,ADJ,everyday
талант,NOUN,general
талон,NOUN,everyday
там,ADV,general
тамиздат,NOUN,specialized
танака,PROPN,everyday
танец,NOUN,general
танцевальный,ADJ,general
танцевать,VERB,everyday
танцпол,NOUN,everyday
тапочка,NOUN,general
тара,NOUN,general
тарелка,NOUN,general
тариф,NOUN,general
таскать,VERB,general
тасмания,PROPN,everyday
татарский,ADJ,everyday
татлина,PROPN,specialized
татьян,PROPN,everyday
татьяна,PROPN,general
татьянин,ADJ,everyday
татьяной,PROPN,everyday
тащить,VERB,everyday
таяние,NOUN,everyday
таять,VERB,everyday
тбилиси,PROPN,everyday
тверской,ADJ,everyday
тверской,PROPN,everyday
тверь,PROPN,everyday
твой,DET,general
творить,VERB,specialized
творожный,ADJ,everyday
творческий,ADJ,general
творчество,NOUN,general
твёрдо,ADV,general
твёрдый,ADJ,specialized
театр,NOUN,general
театральный,ADJ,general
текст,NOUN,general
текстиль,NOUN,general
текстильный,ADJ,specialized
текстовой,ADJ,general
текстовый,ADJ,general
текстура,NOUN,general
текущий,ADJ,specialized
телевидение,NOUN,general
телевизор,NOUN,everyday
тележка,NOUN,everyday
телеканал,NOUN,general
телесный,ADJ,specialized
телефон,NOUN,general
телефонный,ADJ,general
тело,NOUN,general
тем,SCONJ,general
тема,NOUN,general
тематический,ADJ,everyday
темнеть,VERB,general
темнота,NOUN,general
темп,NOUN,general
темпера,NOUN,specialized
температура,NOUN,general
тенденция,NOUN,general
теннис,NOUN,everyday
тень,NOUN,general
теоретический,ADJ,general
теория,NOUN,general
теперь,ADV,general
теплица,NOUN,general
тепло,ADV,everyday
тепло,NOUN,general
тепловой,ADJ,general
теплоход,NOUN,general
терапевт,NOUN,general
терапия,NOUN,specialized
тереть,VERB,everyday
терешков,PROPN,specialized
термин,NOUN,general
терминал,NOUN,everyday
терминология,NOUN,everyday
термометр,NOUN,everyday
термос,NOUN,everyday
терпеливо,ADV,everyday
терпеливый,ADJ,everyday
терпение,NOUN,general
терпеть,VERB,everyday
терпкий,ADJ,everyday
террариум,NOUN,everyday
территория,NOUN,general
терять,VERB,general
теряться,VERB,specialized
тесно,ADV,general
тесноватый,ADJ,everyday
тесный,ADJ,general
тест,NOUN,everyday
тестирование,NOUN,general
тесто,NOUN,general
тесть,NOUN,everyday
тетрадь,NOUN,general
техас,PROPN,general
техника,NOUN,general
техникум,NOUN,specialized
технически,ADV,everyday
технический,ADJ,general
технологический,ADJ,specialized
технология,NOUN,general
техподдержка,NOUN,general
течение,NOUN,general
течь,VERB,everyday
тибет,PROPN,specialized
тибетский,ADJ,specialized
тигр,NOUN,everyday
тикать,VERB,everyday
тимя,PROPN,specialized
тип,NOUN,general
типичный,ADJ,general
типовой,ADJ,general
типографика,NOUN,specialized
типографский,ADJ,specialized
тираж,NOUN,specialized
титан,NOUN,everyday
титр,NOUN,everyday
тихий,ADJ,general
тихий,ADV,general
тихо,ADJ,general
тихо,ADV,everyday
тихоня,NOUN,everyday
тишина,NOUN,everyday
ткань,NOUN,general
тлеть,VERB,everyday
то,PART,general
то,PRON,general
то,SCONJ,general
товар,NOUN,general
товарищество,PROPN,specialized
товарный,ADJ,everyday
тогда,ADV,general
тогдашний,ADJ,specialized
тоже,PART,general
ток,NOUN,general
токарев,PROPN,everyday
токио,PROPN,general
толк,NOUN,everyday
толком,ADV,everyday
толпа,NOUN,general
толстой,PROPN,general
толстый,ADJ,general
толчок,NOUN,everyday
толщина,NOUN,everyday
только,CCONJ,general
только,PART,general
томатный,ADJ,everyday
томсон,PROPN,specialized
тон,NOUN,general
тоненький,ADJ,everyday
тонер,NOUN,general
тонкий,ADJ,general
тонуть,VERB,general
топить,VERB,everyday
топливо,NOUN,general
торги,NOUN,general
торговать,VERB,everyday
торговец,NOUN,specialized
торговля,NOUN,general
торговый,ADJ,general
торжественный,ADJ,general
тормоз,NOUN,general
тормозить,VERB,general
торопиться,VERB,general
торт,NOUN,general
торфяной,ADJ,specialized
тост,NOUN,everyday
тот,DET,general
точка,NOUN,general
точно,ADV,general
точность,NOUN,specialized
точный,ADJ,general
тошнить,VERB,general
трава,NOUN,everyday
травма,NOUN,general
травматический,ADJ,specialized
травмпункт,NOUN,everyday
травяной,ADJ,everyday
трагедия,NOUN,general
трагический,ADJ,specialized
традиционно,ADV,general
традиционный,ADJ,general
традиция,NOUN,general
трактовка,NOUN,specialized
трамвай,NOUN,everyday
трансграничный,ADJ,specialized
трансжир,NOUN,everyday
транслировать,VERB,specialized
трансляция,NOUN,general
транспорт,NOUN,general
транспортировка,NOUN,everyday
транспортный,ADJ,everyday
транссибирский,ADJ,specialized
трансформатор,NOUN,specialized
трансформаторный,ADJ,specialized
трап,NOUN,everyday
трапеция,NOUN,everyday
трасса,NOUN,general
трата,NOUN,general
тратить,VERB,general
требование,NOUN,general
требовательный,ADJ,everyday
требовать,VERB,general
требоваться,VERB,general
требуемый,ADJ,specialized
тревога,NOUN,general
тревожность,NOUN,general
тревожный,ADJ,general
трезво,ADV,specialized
трек,NOUN,everyday
тренажёр,NOUN,general
тренд,NOUN,everyday
тренер,NOUN,general
трение,NOUN,general
тренироваться,VERB,general
тренировка,NOUN,general
тренировочный,ADJ,specialized
трепать,VERB,everyday
треснуть,VERB,everyday
третий,ADJ,general
треть,NOUN,everyday
третьяковка,PROPN,everyday
третьяковский,ADJ,specialized
третьяковский,PROPN,everyday
треугольник,NOUN,everyday
треугольный,ADJ,specialized
трещина,NOUN,general
три,NUM,general
трибуна,NOUN,everyday
тридцатиградусный,ADJ,everyday
тридцатый,ADJ,general
тридцать,NUM,general
триллион,NOUN,specialized
тринадцатый,ADJ,specialized
тринадцать,NUM,general
триста,NUM,general
трогать,VERB,general
трое,NUM,general
троица,NOUN,specialized
троице-сергиевый,ADJ,everyday
трой,PROPN,specialized
тройка,NOUN,general
тройной,ADJ,general
тропа,NOUN,everyday
тропинка,NOUN,everyday
тротуар,NOUN,specialized
троянский,ADJ,specialized
труба,NOUN,everyday
трубка,NOUN,general
труд,NOUN,general
труднообратимый,ADJ,everyday
трудность,NOUN,general
трудный,ADJ,general
трудовой,ADJ,general
трюк,NOUN,everyday
тряска,NOUN,everyday
трёхмерный,ADJ,specialized
трёхсотлетие,NOUN,specialized
туалет,NOUN,everyday
туалетный,ADJ,everyday
туго,ADV,everyday
туда,ADV,general
тула,PROPN,everyday
туман,NOUN,everyday
тумбочка,NOUN,everyday
тундра,NOUN,everyday
тупо,ADV,general
тур,NOUN,everyday
турагентство,NOUN,everyday
турбина,NOUN,specialized
тургенев,PROPN,everyday
туризм,NOUN,general
турист,NOUN,general
туристический,ADJ,everyday
турка,NOUN,everyday
турнир,NOUN,general
турция,PROPN,general
тут,ADV,general
туфля,NOUN,everyday
тушиться,VERB,specialized
тушёнка,NOUN,everyday
тщательно,ADV,general
ты,PRON,general
тыкаться,VERB,everyday
тысяча,NOUN,general
тысячелетие,NOUN,specialized
тюльпан,NOUN,everyday
тяга,NOUN,general
тяготение,NOUN,specialized
тяготеть,VERB,general
тяжело,ADV,general
тяжесть,NOUN,general
тяжёлый,ADJ,general
тянуть,VERB,general
тянуться,VERB,general
тёмно-синий,ADJ,everyday
тёмный,ADJ,everyday
тёплый,ADJ,everyday
тёрка,NOUN,everyday
тётя,NOUN,everyday
тёща,NOUN,everyday
у,ADP,general
убавлять,VERB,everyday
убегать,VERB,everyday
убедительно,ADV,specialized
убедительный,ADJ,specialized
убедить,VERB,general
убеждать,VERB,everyday
убеждение,NOUN,general
убежище,NOUN,general
убивать,VERB,everyday
убийство,NOUN,general
убийца,NOUN,everyday
убирать,VERB,everyday
убираться,VERB,everyday
убор,NOUN,everyday
уборка,NOUN,general
убрать,VERB,general
уважаемый,ADJ,everyday
уважать,VERB,general
уважение,NOUN,everyday
уведомить,VERB,general
уведомление,NOUN,everyday
увезти,VERB,everyday
увеличение,NOUN,everyday
увеличивать,VERB,general
увеличиваться,VERB,everyday
увеличить,VERB,general
увеличиться,VERB,everyday
уверенно,ADV,general
уверенность,NOUN,general
уверенный,ADJ,everyday
увертюра,NOUN,specialized
увидеть,VERB,everyday
увлекаться,VERB,everyday
увлечение,NOUN,everyday
увлечь,VERB,general
увлечься,VERB,general
увозить,VERB,general
уволиться,VERB,general
увольнение,NOUN,general
увы,ADV,everyday
увязать,VERB,specialized
угадать,VERB,everyday
угарный,ADJ,everyday
углекислый,ADJ,everyday
углеродный,ADJ,general
углич,PROPN,everyday
угловой,ADJ,everyday
уговаривать,VERB,everyday
уговорить,VERB,everyday
угодно,ADV,general
угол,NOUN,everyday
уголовный,ADJ,general
уголок,NOUN,everyday
уголь,NOUN,general
угорский,ADJ,everyday
угостить,VERB,general
угоститься,VERB,everyday
угощать,VERB,everyday
угощение,NOUN,everyday
угрожать,VERB,general
угроза,NOUN,general
удаваться,VERB,general
удаление,NOUN,general
удалить,VERB,general
удалять,VERB,general
удалёнка,NOUN,general
удалённый,ADJ,general
удар,NOUN,general
ударение,NOUN,specialized
ударить,VERB,general
удариться,VERB,everyday
удаться,VERB,general
удача,NOUN,general
удачный,ADJ,general
удел,NOUN,specialized
уделять,VERB,general
удержание,NOUN,general
удержать,VERB,everyday
удержаться,VERB,everyday
удерживать,VERB,general
удерживаться,VERB,everyday
удешевить,VERB,specialized
удешевление,NOUN,general
удивительно,ADV,general
удивительный,ADJ,general
удивительный,ADV,specialized
удивить,VERB,general
удивление,NOUN,general
удивлять,VERB,everyday
удивляться,VERB,everyday
удивлённо,ADV,everyday
удобно,ADV,general
удобный,ADJ,general
удобрение,NOUN,general
удобство,NOUN,general
удовлетворительно,ADJ,general
удовлетворить,VERB,specialized
удовлетворённость,NOUN,specialized
удовольствие,NOUN,general
удостоверение,NOUN,everyday
удостоверять,VERB,everyday
удочка,NOUN,general
уезжать,VERB,everyday
уехать,VERB,everyday
уж,PART,general
ужасно,ADV,everyday
уже,ADV,general
ужесточение,NOUN,general
ужин,NOUN,everyday
ужинать,VERB,general
узкий,ADJ,general
узнаваемо,ADV,specialized
узнаваемый,ADJ,specialized
узнавать,VERB,general
узнать,VERB,general
узор,NOUN,everyday
уильям,PROPN,general
уйти,VERB,general
указ,NOUN,general
указание,NOUN,general
указатель,NOUN,everyday
указательный,ADJ,everyday
указать,VERB,everyday
указывать,VERB,general
указываться,VERB,everyday
уклад,NOUN,specialized
укладка,NOUN,everyday
укладываться,VERB,specialized
укол,NOUN,general
укорить,VERB,everyday
укоротить,VERB,everyday
украина,PROPN,general
украинский,ADJ,general
украсть,VERB,general
украшение,NOUN,everyday
укрепить,VERB,general
укроп,NOUN,everyday
укрытие,NOUN,everyday
укрыть,VERB,everyday
укрыться,VERB,everyday
ул,NOUN,everyday
улавливать,VERB,everyday
улетать,VERB,everyday
улечься,VERB,general
улика,NOUN,everyday
улица,NOUN,general
уличный,ADJ,specialized
улов,NOUN,everyday
уловка,NOUN,general
уложить,VERB,everyday
уложиться,VERB,general
улучшать,VERB,specialized
улучшение,NOUN,general
улучшить,VERB,general
улыбаться,VERB,everyday
улыбка,NOUN,everyday
улыбнуться,VERB,everyday
ульяновск,PROPN,everyday
умение,NOUN,general
уменьшать,VERB,everyday
уменьшаться,VERB,everyday
уменьшение,NOUN,general
уменьшительный,ADJ,everyday
уменьшить,VERB,general
уменьшиться,VERB,general
умеренность,NOUN,specialized
умеренный,ADJ,general
умереть,VERB,general
умерший,NOUN,specialized
уместный,ADJ,everyday
уметь,VERB,general
умный,ADJ,everyday
умудряться,VERB,everyday
умываться,VERB,general
унаследовать,VERB,everyday
унести,VERB,everyday
универсально,ADV,specialized
универсальный,ADJ,general
университет,NOUN,general
университетский,ADJ,specialized
уникальность,NOUN,specialized
уничтожение,NOUN,everyday
упадок,NOUN,specialized
упаковать,VERB,everyday
упаковка,NOUN,general
упаковочный,ADJ,general
упасть,VERB,everyday
упираться,VERB,specialized
уплатить,VERB,everyday
уплачиваться,VERB,general
уплотнитель,NOUN,everyday
уплотнять,VERB,everyday
упоминание,NOUN,general
упоминать,VERB,general
употребление,NOUN,everyday
употреблять,VERB,everyday
управление,NOUN,general
управление,PROPN,general
управлять,VERB,general
управляющий,ADJ,everyday
упражнение,NOUN,general
упразднение,NOUN,specialized
упростить,VERB,general
упрощать,VERB,general
упрощаться,VERB,specialized
упрощение,NOUN,general
упрощённо,ADV,specialized
упрямый,ADJ,everyday
упрёк,NOUN,specialized
уравновешивать,VERB,specialized
ураган,NOUN,everyday
урал,PROPN,general
уральский,ADJ,specialized
урбанизация,NOUN,specialized
урегулирование,NOUN,specialized
уровень,NOUN,general
урожай,NOUN,general
урок,NOUN,general
уронить,VERB,general
урусов,PROPN,specialized
усвоить,VERB,general
усиление,NOUN,general
усиливать,VERB,general
усиливаться,VERB,general
усилие,NOUN,general
усилиться,VERB,general
ускорить,VERB,general
ускорять,VERB,general
условие,NOUN,general
условно,ADV,general
условный,ADJ,general
усложнение,NOUN,specialized
усложнить,VERB,specialized
усложнять,VERB,general
услуга,NOUN,general
услышать,VERB,general
уснуть,VERB,general
успеваемость,NOUN,general
успевать,VERB,general
успеть,VERB,general
успех,NOUN,everyday
успешный,ADJ,everyday
успокаивать,VERB,everyday
успокоить,VERB,everyday
успокоиться,VERB,general
уставать,VERB,general
усталость,NOUN,everyday
усталый,ADJ,everyday
устанавливать,VERB,general
установить,VERB,general
установиться,VERB,everyday
установка,NOUN,everyday
установление,NOUN,specialized
устаревать,VERB,general
устать,VERB,everyday
устинова,PROPN,everyday
устно,ADV,specialized
устный,ADJ,specialized
устойчиво,ADV,everyday
устойчивость,NOUN,general
устойчивый,ADJ,general
устояться,VERB,general
устраивать,VERB,everyday
устраиваться,VERB,everyday
устроить,VERB,general
устроиться,VERB,everyday
устройство,NOUN,general
уступать,VERB,general
уступить,VERB,everyday
устюг,PROPN,everyday
усугубить,VERB,general
усы,NOUN,everyday
утвердить,VERB,general
утверждать,VERB,general
утверждение,NOUN,general
утечка,NOUN,general
утечь,VERB,general
утилизация,NOUN,general
утихать,VERB,everyday
утка,NOUN,everyday
утомлять,VERB,everyday
уточнение,NOUN,specialized
уточнить,VERB,general
уточнять,VERB,general
уточняться,VERB,specialized
утрата,NOUN,everyday
утратить,VERB,general
утренний,ADJ,general
утро,NOUN,everyday
утюг,NOUN,everyday
ухаживать,VERB,everyday
ухо,NOUN,everyday
уход,NOUN,general
уходить,VERB,general
участвовать,VERB,general
участие,NOUN,general
участиться,VERB,everyday
участник,NOUN,general
участок,NOUN,general
учащаться,VERB,everyday
учащение,NOUN,everyday
учащийся,NOUN,general
учебник,NOUN,everyday
учебный,ADJ,general
учение,NOUN,general
ученик,NOUN,general
ученический,ADJ,specialized
училище,NOUN,general
учитель,NOUN,general
учительница,NOUN,general
учитывать,VERB,general
учить,VERB,general
учиться,VERB,general
учреждение,NOUN,general
учёба,NOUN,general
учёный,NOUN,specialized
учёт,NOUN,general
учётный,ADJ,everyday
ушанка,NOUN,everyday
ушиться,VERB,everyday
ушко,NOUN,everyday
ущелье,NOUN,everyday
ущерб,NOUN,general
уют,NOUN,everyday
уютный,ADJ,everyday
уязвимый,ADJ,general
фабрика,NOUN,general
фабричный,ADJ,everyday
файл,NOUN,general
факел,NOUN,everyday
факт,NOUN,general
фактический,ADJ,everyday
фактор,NOUN,general
факультет,NOUN,general
фамилия,NOUN,everyday
фанат,NOUN,general
фантастика,NOUN,specialized
фантастический,ADJ,specialized
фарс,NOUN,specialized
фарш,NOUN,everyday
фасад,NOUN,general
фасоль,NOUN,everyday
фасон,NOUN,everyday
фастфуд,NOUN,everyday
февраль,NOUN,general
федеральный,ADJ,general
федерация,NOUN,everyday
фейсбук,PROPN,general
фен,NOUN,everyday
фердинанд,PROPN,specialized
ферзь,NOUN,everyday
фермер,NOUN,general
фестиваль,NOUN,general
фехтование,NOUN,general
фигура,NOUN,general
фигуристка,NOUN,everyday
фигурка,NOUN,everyday
фигурный,ADJ,everyday
фиде,PROPN,everyday
физик,NOUN,general
физика,NOUN,general
физически,ADV,general
физический,ADJ,general
физкультура,NOUN,general
фиксация,NOUN,general
фиксированный,ADJ,general
фиксировать,VERB,general
фикус,NOUN,everyday
филадельфия,PROPN,specialized
филипп,PROPN,general
филировать,VERB,everyday
филолог,NOUN,specialized
философ,NOUN,specialized
философия,NOUN,general
философский,ADJ,specialized
фильм,NOUN,general
фильтр,NOUN,everyday
финал,NOUN,general
финальный,ADJ,everyday
финансирование,NOUN,general
финансировать,VERB,specialized
финансовый,ADJ,general
финиш,NOUN,everyday
фиолетовый,ADJ,specialized
фирменный,ADJ,general
фискальный,ADJ,specialized
флаг,NOUN,everyday
флажок,NOUN,everyday
фланг,NOUN,everyday
флот,NOUN,general
фокус,NOUN,specialized
фол,NOUN,everyday
фольклористика,NOUN,specialized
фольклорный,ADJ,specialized
фом,PROPN,everyday
фон,NOUN,general
фонарик,NOUN,everyday
фонарь,NOUN,general
фонд,NOUN,general
фонетический,ADJ,specialized
фоновый,ADJ,general
фонтан,NOUN,general
форма,NOUN,general
формально,ADV,general
формальный,ADJ,general
формат,NOUN,general
формирование,NOUN,general
формировать,VERB,specialized
формироваться,VERB,specialized
формовать,VERB,general
формула,NOUN,general
формулировать,VERB,general
формулировка,NOUN,general
фортепианный,ADJ,specialized
форум,NOUN,general
фото,NOUN,everyday
фотоальбом,NOUN,everyday
фотоаппарат,NOUN,general
фотограф,NOUN,everyday
фотографировать,VERB,everyday
фотография,NOUN,general
фотолаборатория,NOUN,everyday
фрагментарный,ADJ,specialized
фраза,NOUN,general
франц,PROPN,general
франция,PROPN,general
французский,ADJ,general
фрейл,PROPN,specialized
фрикативный,ADJ,specialized
фронт,NOUN,general
фрукт,NOUN,general
фудзи,PROPN,everyday
фудкорт,NOUN,everyday
фундамент,NOUN,specialized
функциональный,ADJ,everyday
функция,NOUN,general
фут,PROPN,specialized
футбол,NOUN,everyday
футболист,NOUN,everyday
футбольный,ADJ,general
футляр,NOUN,everyday
фёдорович,PROPN,specialized
хадж,NOUN,specialized
халат,NOUN,general
халлю,NOUN,specialized
хань,PROPN,specialized
хаос,NOUN,everyday
хаотичный,ADJ,everyday
характер,NOUN,general
характеризовать,VERB,general
характеристика,NOUN,general
характерный,ADJ,specialized
харбин,PROPN,specialized
хачапури,NOUN,everyday
хвалить,VERB,everyday
хвастаться,VERB,everyday
хвастовство,NOUN,everyday
хватать,VERB,general
хвататься,VERB,everyday
хватить,VERB,everyday
хвойный,ADJ,everyday
хвост,NOUN,everyday
хвостик,NOUN,everyday
хвоя,NOUN,everyday
хет-трик,NOUN,general
химик,NOUN,specialized
химический,ADJ,specialized
химия,NOUN,general
химчистка,NOUN,everyday
хинкали,NOUN,everyday
хирург,NOUN,general
хитрый,ADJ,everyday
хищник,NOUN,specialized
хищный,ADJ,everyday
хлеб,NOUN,everyday
хлебный,ADJ,everyday
хлопание,NOUN,everyday
хлопок,NOUN,everyday
хлопотать,VERB,everyday
хлопотно,ADJ,everyday
хм,INTJ,everyday
хобби,NOUN,everyday
ход,NOUN,general
ходить,VERB,everyday
ходьба,NOUN,general
хозяин,NOUN,general
хозяйка,NOUN,everyday
хозяйство,NOUN,general
хокинг,PROPN,specialized
хоккей,NOUN,everyday
холестерин,NOUN,general
холл,NOUN,everyday
холм,NOUN,general
холод,NOUN,general
холодец,NOUN,everyday
холодильник,NOUN,general
холодный,ADJ,general
хомо,PROPN,specialized
хор,NOUN,general
хоровод,NOUN,general
хороводный,ADJ,specialized
хороший,ADJ,general
хорошо,ADV,general
хостел,NOUN,general
хот-дог,NOUN,everyday
хотеть,VERB,everyday
хотеться,VERB,everyday
хоть,ADV,everyday
хоть,SCONJ,general
хотя,PART,general
хотя,SCONJ,general
хохотать,VERB,everyday
храм,NOUN,everyday
хранение,NOUN,general
хранилище,NOUN,general
хранить,VERB,everyday
храниться,VERB,general
хребет,NOUN,general
хрен,NOUN,everyday
хрип,NOUN,general
хриплый,ADJ,everyday
христианство,NOUN,specialized
христов,PROPN,specialized
христово,PROPN,everyday
христос,PROPN,everyday
хроматофор,NOUN,specialized
хромать,VERB,specialized
хроник,NOUN,general
хроника,NOUN,specialized
хронический,ADJ,general
хронологический,ADJ,general
хронология,NOUN,specialized
хрупкий,ADJ,everyday
хрустящий,ADJ,everyday
хрущёвка,NOUN,everyday
худенький,ADJ,everyday
худеть,VERB,general
художественный,ADJ,general
художник,NOUN,general
худший,ADJ,everyday
хулиган,NOUN,everyday
хутор,NOUN,specialized
хэллоуин,PROPN,everyday
цапля,NOUN,everyday
царапина,NOUN,everyday
царство,NOUN,general
царь,NOUN,general
цвести,VERB,everyday
цвет,NOUN,general
цветение,NOUN,general
цветовой,ADJ,specialized
цветок,NOUN,general
цветочный,ADJ,everyday
цезар,PROPN,specialized
целевой,ADJ,specialized
целиком,ADV,general
целое,NOUN,general
целый,ADJ,general
цель,NOUN,general
цена,NOUN,general
цензура,NOUN,general
цензурный,ADJ,specialized
ценить,VERB,general
цениться,VERB,everyday
ценность,NOUN,general
ценный,ADJ,general
ценовой,ADJ,general
центр,NOUN,general
центр,PROPN,everyday
централизация,NOUN,specialized
центральный,ADJ,general
цепочка,NOUN,general
цепь,NOUN,general
церемония,NOUN,general
церковный,ADJ,everyday
церковь,NOUN,general
цех,NOUN,general
цивилизация,NOUN,specialized
цикада,NOUN,specialized
цикл,NOUN,general
цирк,NOUN,everyday
цирковой,ADJ,everyday
цитата,NOUN,general
цитирование,NOUN,specialized
цитировать,VERB,everyday
цифра,NOUN,general
цифровизация,NOUN,everyday
цифровой,ADJ,general
цой,PROPN,specialized
цоя,PROPN,specialized
чаевые,NOUN,everyday
чаепитие,NOUN,everyday
чай,NOUN,everyday
чайка,NOUN,everyday
чайковский,PROPN,specialized
чайник,NOUN,general
чайный,ADJ,everyday
чак-чак,NOUN,everyday
чан,NOUN,general
чарт,NOUN,specialized
час,NOUN,general
часовой,ADJ,specialized
частица,NOUN,general
частично,ADV,general
частичный,ADJ,general
частность,NOUN,general
частный,ADJ,general
часто,ADV,general
частота,NOUN,specialized
частушка,NOUN,specialized
частый,ADJ,general
часть,NOUN,general
часы,NOUN,everyday
чат,NOUN,everyday
чат-бот,NOUN,general
чашка,NOUN,general
чебоксары,PROPN,everyday
чей,DET,general
чей-то,ADJ,everyday
чей-то,DET,general
чек,NOUN,everyday
чека,NOUN,everyday
человек,NOUN,general
человеческий,ADJ,specialized
чем,SCONJ,general
чемодан,NOUN,everyday
чемпион,NOUN,general
чемпионат,NOUN,general
червь,NOUN,everyday
чередовать,VERB,everyday
через,ADP,general
череп,NOUN,specialized
черника,NOUN,everyday
чернила,NOUN,general
черничник,NOUN,everyday
черновик,NOUN,general
черта,NOUN,general
чесаться,VERB,general
чеснок,NOUN,everyday
честно,ADJ,everyday
честно,ADV,general
честность,NOUN,everyday
честный,ADJ,general
честь,NOUN,general
четверг,NOUN,everyday
четверо,NUM,general
четверть,NOUN,everyday
четвёрка,NOUN,general
четвёртый,ADJ,general
четыре,NUM,general
четыреста,NUM,general
четырнадцатый,ADJ,specialized
четырнадцать,NUM,general
чехов,PROPN,general
чили,PROPN,general
чинить,VERB,general
чиновник,NOUN,specialized
чинчорро,NOUN,specialized
чипсы,NOUN,general
численность,NOUN,general
число,NOUN,general
чистить,VERB,general
чистка,NOUN,general
чисто,ADV,general
чистый,ADJ,general
читальный,ADJ,general
читатель,NOUN,specialized
читательский,ADJ,general
читать,VERB,general
читаться,VERB,specialized
чихать,VERB,general
чкаловский,PROPN,everyday
член,NOUN,general
чрезвычайно,ADV,everyday
чрезвычайный,ADJ,general
чрезмерный,ADJ,general
чтение,NOUN,general
что,PRON,general
что,SCONJ,general
что-нибудь,PRON,general
что-то,PRON,general
чтобы,SCONJ,general
чувство,NOUN,general
чувствовать,VERB,general
чудо,NOUN,general
чудовище,NOUN,everyday
чужой,ADJ,general
чукотка,PROPN,specialized
чур,INTJ,everyday
чуть,ADV,everyday
чуть-чуть,ADV,general
чутьё,NOUN,everyday
чучело,NOUN,everyday
чёлка,NOUN,everyday
чёрный,ADJ,everyday
чёрствый,ADJ,everyday
чёткий,ADJ,general
чётный,ADJ,everyday
шаблон,NOUN,general
шаг,NOUN,general
шагнуть,VERB,specialized
шайба,NOUN,everyday
шалаш,NOUN,everyday
шампольон,PROPN,specialized
шанс,NOUN,general
шантаж,NOUN,everyday
шапка,NOUN,everyday
шапочка,NOUN,general
шар,NOUN,general
шарик,NOUN,everyday
шарф,NOUN,everyday
шахматный,ADJ,everyday
шахматы,NOUN,everyday
шашлык,NOUN,everyday
швейцарский,ADJ,specialized
шедевр,NOUN,specialized
шелуха,NOUN,everyday
шептаться,VERB,general
шерсть,NOUN,everyday
шерстяной,ADJ,everyday
шестнадцатый,ADJ,general
шестнадцать,NUM,general
шестой,ADJ,general
шесть,NUM,general
шестьдесят,NUM,general
шестьсот,NUM,general
шея,NOUN,everyday
шинели,PROPN,specialized
шинель,NOUN,specialized
шип,NOUN,everyday
шипение,NOUN,everyday
шипеть,VERB,everyday
широкий,ADJ,general
широко,ADV,general
широкоплечий,ADJ,everyday
шишка,NOUN,everyday
шкала,NOUN,general
шкант,NOUN,everyday
шкаф,NOUN,everyday
школа,NOUN,general
школьник,NOUN,general
школьный,ADJ,general
шлагбаум,NOUN,everyday
шланг,NOUN,everyday
шлем,NOUN,general
шлиман,PROPN,specialized
шлифовать,VERB,general
шляпка,NOUN,everyday
шнур,NOUN,everyday
шов,NOUN,everyday
шоколад,NOUN,general
шоколадный,ADJ,general
шорох,NOUN,everyday
шорты,NOUN,everyday
шрифт,NOUN,specialized
штанга,NOUN,everyday
штаны,NOUN,everyday
штат,PROPN,general
штатный,ADJ,general
штора,NOUN,everyday
шторм,NOUN,everyday
штраф,NOUN,general
штрафная,NOUN,everyday
штрафной,ADJ,everyday
штрафной,NOUN,everyday
штука,NOUN,everyday
шуба,NOUN,everyday
шувалов,PROPN,specialized
шум,NOUN,everyday
шуметь,VERB,everyday
шумный,ADJ,general
шумоподавление,NOUN,everyday
шура,PROPN,everyday
шурик,PROPN,everyday
шурин,NOUN,everyday
шуруп,NOUN,everyday
шуршать,VERB,everyday
шутить,VERB,general
шутка,NOUN,general
шутливый,ADJ,specialized
шёпот,ADV,general
шёпот,NOUN,general
щавель,NOUN,everyday
щедрость,NOUN,everyday
щедрый,ADJ,everyday
щека,NOUN,general
щелкунчик,NOUN,specialized
щелчок,NOUN,general
щель,NOUN,general
щенок,NOUN,everyday
щепка,NOUN,everyday
щербинка,NOUN,everyday
щи,NOUN,everyday
щипать,VERB,everyday
щипковый,ADJ,specialized
щиток,NOUN,everyday
щуриться,VERB,general
щёлкать,VERB,everyday
щётка,NOUN,everyday
эвакуатор,NOUN,everyday
эвакуировать,VERB,everyday
эвдемонический,ADJ,specialized
эвдемония,NOUN,specialized
эволюционный,ADJ,specialized
эволюция,NOUN,specialized
эврика,PROPN,specialized
эдвард,PROPN,general
эйзенштейн,PROPN,specialized
эйнсворт,PROPN,specialized
эйфелев,ADJ,general
экзамен,NOUN,general
экземпляр,NOUN,everyday
экзопланета,NOUN,specialized
экипаж,NOUN,general
экологический,ADJ,general
экологичный,ADJ,general
экология,NOUN,everyday
экономика,NOUN,general
экономист,NOUN,general
экономить,VERB,general
экономический,ADJ,general
экономия,NOUN,general
экосистема,NOUN,general
экран,NOUN,general
экранизация,NOUN,specialized
экскурсия,NOUN,general
экскурсовод,NOUN,general
эксперимент,NOUN,general
экспериментально,ADV,specialized
экспериментальный,ADJ,specialized
экспериментировать,VERB,general
эксперт,NOUN,general
эксплуатация,NOUN,general
экспортёр,NOUN,general
экспресс,NOUN,general
экстремал,NOUN,everyday
экстремально,ADV,everyday
экстремальный,ADJ,everyday
экстренный,ADJ,general
электрик,NOUN,everyday
электрический,ADJ,general
электричество,NOUN,general
электричка,NOUN,everyday
электромобиль,NOUN,general
электроника,NOUN,general
электронный,ADJ,general
электропередача,NOUN,everyday
электросеть,NOUN,everyday
электростанция,NOUN,specialized
электротранспорт,NOUN,general
электрощиток,NOUN,specialized
электроэнергия,NOUN,general
элемент,NOUN,general
элита,NOUN,general
эллен,PROPN,general
эльдар,PROPN,everyday
эмансипация,NOUN,specialized
эмблема,NOUN,everyday
эмбрион,NOUN,specialized
эмоционально,ADV,specialized
эмоциональный,ADJ,general
эмоция,NOUN,specialized
эмпирический,ADJ,specialized
эндемик,NOUN,specialized
эндемичный,ADJ,specialized
энергия,NOUN,general
энергоноситель,NOUN,general
энергосберегающий,ADJ,everyday
энергосистема,NOUN,general
энергоэффективность,NOUN,general
энцелада,PROPN,specialized
эпидемиологический,ADJ,general
эпизод,NOUN,general
эпиктет,PROPN,specialized
эпикур,PROPN,specialized
эпицентр,NOUN,specialized
эпоха,NOUN,general
эратосфен,PROPN,specialized
эрмитаж,PROPN,general
эскалатор,NOUN,everyday
эскиз,NOUN,everyday
эссе,NOUN,general
эстетический,ADJ,specialized
эстрада,NOUN,specialized
эстрадный,ADJ,everyday
этаж,NOUN,everyday
этап,NOUN,general
этика,NOUN,specialized
этикетка,NOUN,everyday
этический,ADJ,specialized
этноцентризм,NOUN,specialized
это,PRON,general
этот,DET,general
эфиопия,PROPN,specialized
эфир,NOUN,general
эффект,NOUN,general
эффективно,ADV,general
эффективность,NOUN,general
эффективный,ADJ,general
эффектно,ADV,specialized
эффектный,ADJ,specialized
эхо,NOUN,general
эхо-камера,NOUN,specialized
юбилей,NOUN,everyday
юбка,NOUN,everyday
юг,NOUN,general
юго-западный,PROPN,general
южнокорейский,ADJ,specialized
южный,ADJ,general
южный,PROPN,general
юлианский,ADJ,general
юлия,PROPN,general
юмор,NOUN,general
юнеско,PROPN,general
юпитер,PROPN,specialized
юридический,ADJ,general
юрий,PROPN,general
юрисдикция,NOUN,specialized
юрист,NOUN,general
ютьюб,PROPN,specialized
я,PRON,general
яблоко,NOUN,general
яблоня,NOUN,everyday
яблочко,NOUN,everyday
явка,NOUN,general
явление,NOUN,general
являться,VERB,specialized
явно,ADV,everyday
ягода,NOUN,everyday
ядро,NOUN,specialized
язык,NOUN,general
языковой,ADJ,specialized
яичница,NOUN,everyday
яичный,ADJ,specialized
яйцо,NOUN,everyday
якобы,ADV,general
ямочка,NOUN,everyday
январь,NOUN,general
японец,NOUN,everyday
япония,PROPN,general
японский,ADJ,general
яркий,ADJ,general
ярко,ADV,everyday
яркость,NOUN,specialized
ярлык,NOUN,general
ярлычок,NOUN,everyday
ярмарка,NOUN,general
ярославль,PROPN,everyday
ясный,ADJ,everyday
яузе,PROPN,everyday
ячейка,NOUN,everyday
ящерица,NOUN,everyday
ящик,NOUN,everyday
ёж,NOUN,everyday
ёлка,NOUN,everyday
ёлочка,NOUN,everyday
ёсид,PROPN,everyday
